Name,Riskiness R
SRET,[0.09631842]
REM,[0.11539398]
DRW,[0.11832916]
MORT,[0.12421159]
VNQI,[0.12927869]
