Name,Riskiness R
ITM,0.00019403246158164955
MEAR,1.694297885905376e-05
MLN,64237284977.46887
MUB,0.0002774214594502979
PVI,0.0002529290286319231
PZA,0.0002589533233047733
RVNU,0.5111977330097329
SHM,8101995948358.98
SHYD,0.00016845743569348867
SMB,0.0005953164059472087
SMMU,2095727795337.2578
SUB,7054013488544.009
TFI,0.00026052907907913507
VTEB,0.0003203539433426119
