Name,Riskiness R
BIL,0.00016047317366784956
DFVL,0.00016703224788419132
DFVS,7757774291961.51
DLBL,64099888423.909775
DLBS,9856498530041.219
DTUL,0.0003138557505053594
DTUS,0.11431690844330256
DTYL,0.00020982841702695692
DTYS,1973360811402.2595
EDV,1.841632446872956
FLAT,0.019071006077035824
GOVT,2128291962978.6235
IEF,0.0007918014998090463
IEI,2052954742348.7417
ITE,1269935673901.2698
PLW,0.0002776695772228968
PST,0.0003728140808568158
SCHO,1.8529620596019027e-05
SCHR,2565597177917.212
SHV,72678.01316183803
SHY,1.807515083309732e-05
SPTL,1750338773008.507
SPTS,0.00019137279780744764
STPP,0.0002511800964815061
TBF,0.0002761122847082264
TBT,2846328893357.872
TBX,4616458982657.405
TLH,0.00033856500927250457
TLT,514232578288.0198
TMF,0.6210796347267864
TMV,4012240000768.1426
TTT,11568582019848.373
TUZ,2255231366788.775
TYBS,0.000354490583928497
TYD,482241061717.1817
TYNS,0.00027620022642244654
TYO,0.0002207866012567697
UBT,0.7139301446734264
UST,0.00017989629580503663
VGIT,2176826552477.0293
VGLT,0.0001687736549817321
VGSH,1.9528736557775143e-05
ZROZ,1.0057124744031043
