Name,Riskiness R
TMF,[0.62107963]
UBT,[0.71393014]
ZROZ,[1.00571247]
EDV,[1.84163245]
SHV,[72678.0132888]
