Name,Riskiness R
GDXS,[7.65545699]
TLDH,[3.03815376e+11]
ROGS,[4.57254428e+11]
HGSD,[4.80278681e+11]
HGI,[6.68387846e+11]
