Name,Riskiness R
CHIM,2736014952904.69
COPX,17455387476522.969
CROP,0.0001899245216670194
CUT,2228134660482.804
DUST,0.002407414510679608
FLM,0.00016843642362763866
FMAT,1800270619736.6892
FTAG,11587298432127.139
FTRI,18429351143249.203
FXZ,2464968814860.824
GDX,1.341679764915243
GDXJ,0.7540569289297852
GNR,4042595636653.6533
GOEX,0.42963191482088664
GRES,0.00018657335716784084
GUNR,1905754667437.0068
HAP,0.00016610993727711443
IGE,2593449658754.091
ITB,476827757040.9577
IYM,11504823995520.945
JDST,0.002883650462445285
JNUG,0.002050907761469348
LIT,2973436292370.81
MOO,0.0001797537164827927
MXI,1333819174413.3198
NUGT,0.0027041800321299936
PAGG,1899951010470.7314
PICK,3342193690296.653
PKB,755134384582.3009
PSAU,2.0277543353608256
PSCM,2979000550191.9097
PYZ,901262086427.6794
REMX,13429275397637.848
RING,1.663118452579564
RTM,1055755530374.156
SBM,5520280291963.319
SIL,0.9926486999397857
SILJ,0.546568474599815
SLVP,0.8525205101056874
SLX,5407939532720.339
SMN,2872696799148.4365
SOIL,2981420886553.1504
URA,7305049833388.63
UYM,2070648457671.9812
VAW,821570484239.8922
VEGI,4602448762733.437
WOOD,993061861412.1957
XHB,1775709026190.191
XLB,617164519268.0559
XME,4619692965011.15
