Name,Riskiness R
GOEX,[0.42963191]
SILJ,[0.54656847]
GDXJ,[0.75405693]
SLVP,[0.85252051]
SIL,[0.9926487]
