Name,Riskiness R
LQD,[31382298.45902315]
SPLB,[3.4243516e+11]
VCLT,[5.33062343e+11]
QLTA,[9.56739207e+11]
CORP,[1.12988653e+12]
