Name,Riskiness R
IBCE,0.0009953912214741773
IBDD,0.0010963566118516775
IBCD,218800885661.59933
IBDC,1189589958317.2651
BSCL,2144250340222.149
