Name,Riskiness R
CROP,[0.07550397]
PEX,[0.1065056]
FLM,[0.17317048]
FDTS,[0.21259322]
IPO,[0.29120195]
