Name,Riskiness R
CROP,[0.09371952]
ITB,[0.12984915]
PKB,[0.13344045]
XHB,[0.153947]
WOOD,[0.15924923]
