Name,Riskiness R
WOOD,[0.1077176]
ITB,[0.11463124]
FXZ,[0.12144777]
CROP,[0.1288866]
PKB,[0.13434525]
