Name,Riskiness R
BZF,[0.1238493]
CEW,[0.0635945]
CNY,[0.13120471]
CROC,[4.13650523e+12]
CYB,[0.03820429]
DBV,[0.17120933]
DRR,[1.85367988e+11]
EUFX,[1.14945227e+11]
EUO,[1.31698705e+11]
FXA,[0.15393882]
FXB,[1.57317595e+12]
FXC,[0.54562239]
FXCH,[1.01402785]
FXE,[0.38013758]
FXF,[3.50811045e+11]
FXS,[1.25050544e+12]
FXSG,[0.15059879]
FXY,[0.16064379]
INR,[0.22526615]
UDN,[22.84677013]
ULE,[22.90539504]
URR,[1.44090838]
USDU,[2.4074148e+11]
UUP,[0.36581606]
YCL,[0.45756829]
YCS,[1.81024364e+12]
