Name,Riskiness R
CYB,[0.03820429]
CEW,[0.0635945]
BZF,[0.1238493]
CNY,[0.13120471]
FXSG,[0.15059879]
