Name,Weight
Total Bond Market ETF List (82),0.09553749308562465
Real Estate ETF List (48),0.34116974049328214
Consumer Staples Equity ETF List (26),0.35005561402020735
Emerging Asia Pacific ETF List (114),0.3172970622576164
Technology Equity ETF List (75),0.25245674002952895
