Name,Riskiness R
ACWV,[0.06258686]
FNDC,[0.07664449]
DLS,[0.0769877]
XT,[0.08018901]
WOOD,[0.08079147]
