Name,Riskiness R
INCO,[0.26034123]
THD,[0.27627964]
CXSE,[0.31953933]
AIA,[0.34255599]
PIN,[0.46273951]
