Name,Riskiness R
BTAL,[1.30338717e+12]
CHEP,[2.55447811e+12]
CPI,[8.88346663e+11]
FLAG,[0.10268244]
HDG,[0.05721497]
MCRO,[0.38072453]
MNA,[0.05747149]
MOM,[3.6666975e+12]
MRGR,[1.02870735e+11]
QAI,[0.15708758]
RALS,[5.50365189e+12]
RLY,[5.31585544e+12]
SIZ,[5.18969568e+12]
WTMF,[2.50570383e+12]
