Name,Riskiness R
HDG,[0.05721497]
MNA,[0.05747149]
FLAG,[0.10268244]
QAI,[0.15708758]
MCRO,[0.38072453]
