Name,Riskiness R
ERUS,0.7245252343331525
FCOM,0.00021163627587554557
FONE,1.0646709893618413
IXP,0.0003054487952305159
IYZ,0.00016777454265645488
LTL,527334373449.2011
VOX,0.00020601736606685797
WBIF,0.00023118027700517172
XTL,263043075370.52478
