Name,Riskiness R
AMJ,5445636957978.465
AMLP,3079618483271.2046
AMU,1332563921355.8296
AMZA,2885804957851.548
ATMP,4838945775819.636
CHIE,212857275326.84827
CRAK,0.00018076190725892775
DDG,1129215380892.413
DIG,1.1426232975979977
DRIP,0.003083876686296011
DUG,14319255144442.965
EMLP,588455097768.8713
ENFR,1055153180779.4119
ENY,270331587147.1865
ERX,1.097068625444278
ERY,27308251534201.72
FAN,0.0001974620094115037
FCG,2733391695858.4224
FENY,829793443963.9863
FILL,0.41803160820775065
FRAK,838762515525.7349
FXN,415162350630.8154
GASL,0.0037295156407710756
GEX,212985260388.81598
GREK,3534426296454.2485
GRID,0.00016725459720774033
GUSH,0.0017800978792581275
ICLN,1611708220881.3787
IEO,3.3841023316878465
IEZ,1959182385434.418
IXC,0.8135840796993065
IYE,226776336510.02045
KOL,0.19958672233999014
MLPA,1185699882334.5479
MLPC,1662510555070.6257
MLPG,1645302421178.9177
MLPI,1035026320038.4294
MLPX,1859375061465.705
MLPY,849459620602.5886
NLR,1169470443406.395
OIH,1335147666588.4517
PBD,873058685406.6088
PBW,156190616242.47183
PSCE,2443146952566.969
PUW,126317169788.63528
PXE,175177161833.03802
PXI,421574883555.1276
PXJ,6913231723789.436
PZD,0.1541075027138284
QCLN,0.7826130575621747
RYE,146595193894.63525
TAN,3237382685373.7314
VDE,71297601716.02133
XES,1404656959152.166
XLE,20717643940.775208
XOP,46390784863.39375
YLCO,421530967789.79767
YMLI,2391410550962.435
YMLP,8632978216237.277
ZMLP,1984749727577.7388
