Name,Weight
Technology Equity ETF List (75),0.3012947863701981
Financials Equity ETF List (51),0.24077036136712957
Developed Markets ETF List 2 (100),0.16635950718546297
Developed Markets ETF List 1 (100),0.1392654273289497
Industrials Equity ETF List (37),0.15230991663118934
