Name,Riskiness R
DFVL,[3.10221358e+11]
DTYL,[5.82058769e+11]
FLAT,[6.80132537e+11]
SPTL,[7.75843897e+11]
TYD,[8.29775307e+11]
