Name,Riskiness R
INR,[0.05648804]
BZF,[0.30411477]
CEW,[0.30737224]
UUP,[0.38499418]
CYB,[0.41207626]
