Name,Riskiness R
PSI,[0.19964346]
SMH,[0.21431708]
PSCT,[0.22278696]
XSD,[0.25646571]
SOXX,[0.26073189]
