Name,Riskiness R
BSCJ,[1.93291529e+12]
BSCK,[7.87962818e+11]
BSCL,[1.07156264e+12]
BSCM,[1.66556817e+12]
BSCN,[1.31255296e+12]
BSCO,[9.84225665e+08]
BSCP,[1.49795737e+12]
IBCD,[1.15080129e+12]
IBCE,[1.50126738e+12]
IBDC,[8.55631412e+11]
IBDD,[8.06955539e+11]
IBDK,[6.83916299e+11]
IBDL,[9.6810236e+11]
IBDM,[2.34606374e+12]
IBDN,[1.33657001e+12]
IBDO,[1.50205939e+12]
IBDP,[7.94468274e+11]
IBDQ,[5.98997497e+08]
