Name,Riskiness R
BSCJ,1918803730059.3809
BSCK,1020046161401.1204
BSCL,1285498913891.8105
BSCM,980505718284.7397
BSCN,1193662794498.7495
BSCO,984223736.4265032
BSCP,1692998250632.207
IBCD,1666829934954.0283
IBCE,1509538809697.6313
IBDC,841623553499.8419
IBDD,776885989970.9346
IBDK,1914687200315.5444
IBDL,3287555504673.882
IBDM,1656444211718.765
IBDN,1247966416090.1685
IBDO,1557957652174.6343
IBDP,1520360497872.8872
IBDQ,598992253.5292888
