Name,Riskiness R
FMB,[0.01384019]
ITM,[0.89447087]
MLN,[0.04091973]
MUB,[0.024109]
MUNI,[0.02449646]
PRB,[0.31838076]
PVI,[1.08580251e+10]
PZA,[0.02646755]
RVNU,[0.0398929]
SHM,[0.02659532]
SHYD,[0.07116468]
SMB,[0.02885001]
SMMU,[0.02217271]
SUB,[0.01156891]
TFI,[0.03222762]
