Name,Riskiness R
ERUS,[4.7828971]
FCOM,[0.10334153]
FONE,[0.1259693]
IXP,[0.37261542]
IYZ,[0.25160796]
LTL,[0.57607137]
VOX,[0.16045703]
XTL,[0.13148966]
