Name,Riskiness R
FONE,[1.22423996]
FCOM,[1.80456869]
XTL,[5.27629375]
LTL,[11.36251958]
IYZ,[6.32408744e+11]
