Name,Riskiness R
ACIM,0.00019177696666505172
ACWF,0.00017933778520206272
ARKQ,0.1383408753701434
BJK,0.1726685876797649
CID,0.00020207379694625705
CIL,0.00018475403327830432
CIZ,0.0001749832667392476
CRAK,0.00018076190725892775
CUT,0.19835687269519608
DBAW,8.438694833697221
DBEZ,2.701671414489218
DEW,0.0001760793729951054
DGT,0.00016801443562976503
DNL,0.3789578272794355
DOO,0.00017910352585446588
DUST,0.002407414510679608
EFAD,0.00019276999802041482
EFZ,0.0002551870896955155
EUMV,0.00019312539237811103
EXI,0.00017349501609365992
FAN,0.0001974620094115037
FILL,0.32054540978781215
FPA,0.00017416510350453027
FYLD,0.0001703027979018447
GEX,370922009283.54333
GHII,0.5638599089796142
GOEX,0.48410600608042587
GRES,0.0002775054976186372
GRID,0.000167254635699067
HAP,0.00016610993731704858
HDAW,0.00017048834350822092
IDHQ,0.00018863907499194624
IMTM,0.0001671832546871739
IPKW,0.00017414732046038025
IQDE,0.00020246205327244715
IQDY,0.7299734386838928
ISCF,0.18634109591965983
ISRA,2254961029593.142
IVAL,0.0001870515680186411
JDST,0.0028836502895043135
LOWC,0.00018866620850722235
LVL,0.7319251113334204
NLR,584820860934.9144
PBD,746191186223.5481
PIO,2.8554759780803463
PIZ,0.0001713390112658936
PSAU,0.4411923111417795
PZD,0.1410164086835757
QWLD,0.00018322714087003238
RING,0.43444067710710876
SEA,1705436216083.1538
SGDJ,0.6433975022556395
SILJ,0.3651443453776733
TOK,0.0001983937040790931
TOLZ,0.0001999624420337609
VEGI,0.00017127241538486006
YMLP,17149686460566.713
