Name,Riskiness R
SZO,[0.17624346]
DDP,[0.25242167]
DTO,[0.28770945]
IAU,[0.30378242]
SGOL,[0.31407424]
