Name,Riskiness R
AIA,[0.25331613]
CHIQ,[0.34676377]
XSOE,[0.34937537]
REMX,[0.38202814]
EEMA,[0.44805761]
