Name,Riskiness R
SVXY,3.197090023251427
TVIX,0.0035477181783191494
UVXY,0.0030357288885927737
VIIX,12276694455499.59
VIXM,5065511021549.081
VIXY,14735899456862.695
XVZ,7560798315213.313
ZIV,0.7330015096391014
