Name,Riskiness R
ZIV,[0.73300151]
SVXY,[3.19709002]
VIXM,[5.25639729e+12]
XVZ,[7.6243685e+12]
VIIX,[1.19034861e+13]
