Name,Riskiness R
GSY,[0.00201203]
ICSH,[0.00399332]
IGSB,[0.00545062]
SLQD,[0.01152016]
VCSH,[0.01196366]
