Name,Riskiness R
UGLD,[0.9742615]
IAU,[2.44225362]
DGP,[3.27123124]
SGOL,[3.9894008]
GLD,[4.37879743]
