Name,Riskiness R
UUP,[0.04144688]
EUFX,[0.05085169]
USDU,[0.07076471]
DRR,[0.09244301]
EUO,[0.09714235]
