Name,Riskiness R
INDA,0.00017001542606068438
AXJV,0.0034034213042037605
YANG,0.01051197610659304
YINN,0.01869663134512012
CQQQ,0.3517384191374573
