Name,Riskiness R
PPA,[0.04716356]
ITA,[0.05116193]
XLI,[0.06356929]
XAR,[0.06358809]
IYJ,[0.06457958]
