Name,Riskiness R
AGG,1093221399665.4897
AGGY,1662286113103.998
AGND,1946759088189.7292
AGZD,2948499259670.867
BIV,1412197085779.2473
BLV,0.00020585671325152734
BND,2931050946626.9478
BNDX,1191003624686.6575
BOND,4665134774947.641
BSV,2101229990286.531
BYLD,1727849721115.9895
FBND,1476416756255.0625
FCOR,990347797111.2944
FLTB,3256957834152.7344
FTSD,2266343018926.919
FWDB,3786751375384.36
GBF,1307611262269.5244
GVI,2947328645561.313
HOLD,2.1008851279176175e-05
ILTB,0.00023120582482986143
ISTB,2323455187033.7285
IUSB,917222880416.3611
KCNY,0.20826680610136816
LDUR,2115425742484.9917
MINC,3643521962563.0176
MINT,3.32729222767229e-05
NEAR,3.1305364940568344e-05
RAVI,2.7728687748445602e-05
SAGG,1810682762324.3215
SCHZ,1161243349642.5164
SPAB,3094956669314.946
TOTL,1867453606078.8262
ULST,2.0925975198065554e-05
VBND,3124273971225.0205
WYDE,0.000716612490520947
XMPT,0.0005508324044996817
