Name,Riskiness R
MINT,[0.0013973]
NEAR,[0.00216359]
RAVI,[0.00302432]
ULST,[0.00308417]
HOLD,[0.00373351]
