Name,Riskiness R
KCNY,[0.20826681]
AGZD,[6.49408437e+11]
ISTB,[8.90400527e+11]
IUSB,[9.3344845e+11]
BLV,[9.3690304e+11]
