Name,Riskiness R
ANGL,[0.13873036]
HYLD,[0.15957977]
UJB,[0.38192982]
HYG,[190.12282726]
PGHY,[2888.41234113]
