Name,Riskiness R
CROP,[0.30915436]
FDTS,[0.56631188]
PEX,[0.77435342]
DZK,[1.07390946]
EFO,[1.24569332]
