Name,Riskiness R
ZIV,[0.47518056]
SVXY,[0.60947835]
VIXM,[5.32077707e+12]
XVZ,[1.0138269e+13]
VIIX,[1.49233116e+13]
