Name,Riskiness R
PZD,[0.1893091]
GRID,[0.26176379]
FAN,[0.33376455]
ERX,[1.49171399e+09]
GEX,[2.18289251e+11]
