Name,Riskiness R
IHDG,[0.05248841]
DNL,[0.06981454]
AIA,[0.07551152]
EEMA,[0.08140429]
DBAP,[0.08650579]
