Name,Riskiness R
FPE,[0.02295964]
PFXF,[0.03931777]
PGX,[0.0394628]
PGF,[0.04137051]
PFF,[0.04168574]
