Name,Riskiness R
ERUS,[0.5034384]
FCOM,[1.18768558]
FONE,[0.56581992]
IXP,[2.35624551e+12]
IYZ,[1.09518618e+12]
LTL,[9.99436075e+10]
VOX,[1.00060971e+12]
WBIF,[1.08144926e+12]
XTL,[9.43812176e+10]
