Name,Riskiness R
LQD,[35131420.51432469]
CORP,[2.51317493e+10]
VCLT,[4.8351249e+11]
SPLB,[5.37912153e+11]
USIG,[6.44027482e+11]
