Name,Riskiness R
EWT,[0.22198051]
DFJ,[0.24975314]
ENZL,[0.25881492]
SCJ,[0.2928456]
DXJS,[0.38648737]
