Name,Riskiness R
EFO,[22424091.63939241]
FDTS,[4.76936418e+11]
PEX,[8.97595625e+11]
CROP,[9.62438947e+11]
CARZ,[1.13152343e+12]
