Name,Riskiness R
ALTS,[620434.50932263]
BTAL,[3.2483366e+12]
CHEP,[5.33624748e+12]
CPI,[3.43638714e+12]
DIVA,[1.98942416e+12]
DIVY,[1.29439431e+12]
FLAG,[0.3372322]
FMF,[6.44737386e+12]
FTLS,[3.9450533e+12]
HDG,[0.2352567]
MCRO,[1.72242788e+12]
MNA,[1.67777628e+12]
MOM,[4.11025487e+12]
MRGR,[2.88075051e+12]
QAI,[3.57670224e+12]
QMN,[1.89037861e+12]
RALS,[2.1493154e+12]
RLY,[1.9350066e+12]
SIZ,[2.00700198e+12]
WTMF,[3.57467071e+12]
