Name,Riskiness R
CPI,[0.02263337]
MNA,[0.02537432]
DIVY,[0.02719718]
MCRO,[0.04067131]
FTLS,[0.05218806]
