Name,Riskiness R
ERUS,[0.4214857]
FCOM,[1.39154151e+11]
FONE,[0.33476704]
IXP,[7.28496052e+11]
IYZ,[5.05820195e+12]
LTL,[9.26449617e+11]
VOX,[3.47601905e+11]
WBIF,[3.1676759e+12]
XTL,[0.40735522]
