Name,Riskiness R
FONE,[0.33476704]
XTL,[0.40735522]
ERUS,[0.4214857]
FCOM,[1.39154151e+11]
VOX,[3.47601905e+11]
