Name,Riskiness R
ECON,[1.01145315e+12]
EMCG,[1.03438143e+12]
FSTA,[7.01994837e+11]
FXG,[1.40400291e+12]
IYK,[2.82041334e+11]
KXI,[3.41203611e+12]
PBJ,[1.41747199e+12]
PSCC,[8.08131837e+10]
PSL,[8.240024e+10]
RHS,[1.85670749e+11]
SZK,[1.2834962e+13]
UGE,[0.95897918]
VDC,[7.39126458e+11]
WBID,[1.19999919e+12]
WBIE,[6.37615838e+12]
WBIL,[3.14301566e+12]
XLP,[1.02117651e+12]
