Name,Riskiness R
EMIF,[3.18134984]
FUTY,[0.06718385]
FXU,[0.06682839]
GII,[0.13074986]
IDU,[0.07213388]
IGF,[0.13573249]
INXX,[0.44112976]
JXI,[0.11573042]
PSCU,[0.0712527]
PUI,[0.07571474]
PXR,[8.74902895e+11]
RYU,[0.05926348]
SDP,[1.30235119e+13]
UPW,[0.13436089]
VPU,[0.07251521]
XLU,[0.06853134]
