Name,Riskiness R
CHIQ,[0.39810685]
AIA,[0.42178347]
IHDG,[0.68802223]
XSOE,[1.64948306]
EEMA,[3.49349935]
