Name,Riskiness R
CYB,[0.04247066]
CEW,[0.06514187]
BZF,[0.0857701]
FXSG,[0.09007712]
CNY,[0.13270038]
