Name,Riskiness R
PZD,[0.25234971]
GRID,[0.33449301]
FAN,[0.96501972]
ERX,[1.62726543e+09]
QCLN,[4.1125059e+11]
