Name,Riskiness R
EFZ,0.00016640199294377407
CID,0.0001738756717567447
LVL,0.00017898913306078288
EUMV,0.00018295760735198972
IQDE,0.00018562406905864363
