Name,Riskiness R
EUO,0.000170016265601108
USDU,0.00017022711638712453
BZF,0.0001704274808739823
CNY,0.00019273297463677665
FXCH,0.00020421340577072924
