Name,Riskiness R
ERUS,[1.89344256e+12]
FCOM,[1.2199791e+10]
FONE,[6.7521324e+11]
IXP,[2.62299217e+12]
IYZ,[8.18796386e+11]
LTL,[1.36404285]
VOX,[1.80291394e+11]
XTL,[9.40247967e+11]
