Name,Riskiness R
ECON,[1.24925196]
EMCG,[0.91370215]
FSTA,[0.05937527]
FXG,[0.0706555]
IYK,[0.07907652]
KXI,[0.09112185]
PBJ,[0.08779321]
PSCC,[0.078564]
PSL,[0.07189238]
RHS,[0.04898545]
SZK,[2.52575787e+12]
UGE,[0.15550772]
VDC,[0.05933981]
XLP,[0.05818365]
