Name,Riskiness R
SHYG,[1.83350508]
UJB,[35.43141255]
PGHY,[2876.35589427]
ANGL,[4.91271225e+11]
HYLS,[7.92790311e+11]
