Name,Riskiness R
DBAP,[4.40933156e+11]
AIA,[6.96281563e+11]
AAXJ,[1.23943461e+12]
CHIQ,[1.24500712e+12]
EEMA,[1.42980568e+12]
