Name,Riskiness R
BJK,[1.49784761e+12]
CARZ,[1.27072091]
CHIQ,[1.34337507]
FDIS,[0.08041614]
FXD,[0.15104677]
INCO,[0.1738801]
IYC,[0.07130275]
PBS,[0.15701274]
PEJ,[0.11102696]
PEZ,[0.25603605]
PMR,[0.25156225]
PSCD,[0.23539129]
RCD,[0.12839867]
RETL,[0.25835641]
RTH,[0.06975933]
RXI,[0.12105095]
SCC,[9.87070099e+12]
UCC,[0.14741473]
VCR,[0.08261989]
XLY,[0.072674]
XRT,[0.32986689]
