Name,Riskiness R
ECON,[0.34317675]
EMCG,[0.4667417]
FSTA,[0.09322671]
FXG,[0.15726976]
IYK,[0.07794127]
KXI,[0.09121887]
PBJ,[0.19990043]
PSCC,[0.08268888]
PSL,[0.08002225]
RHS,[0.07827432]
SZK,[3.07641783]
UGE,[0.14589163]
VDC,[0.09353308]
WBID,[0.39889177]
WBIE,[0.3527403]
WBIL,[0.09461988]
XLP,[0.09025868]
