Name,Riskiness R
BSCJ,1718302058894.2603
BSCK,2178151593107.2983
BSCL,1040214245743.8137
BSCM,2259799433107.3867
BSCN,1181509209578.0317
BSCO,955000503.7360653
IBCD,853557517532.7035
IBCE,834456293815.8168
IBDC,550948145419.9644
IBDD,0.0010961507615718966
IBDL,4512881978004.653
IBDM,1268064527323.28
IBDN,23765.527339403452
