Name,Riskiness R
IBDD,0.0010961507615718966
IBDN,23765.527339403452
BSCO,955000503.7360653
IBDC,550948145419.9644
IBCE,834456293815.8168
