Name,Riskiness R
IHDG,0.00016957832073062582
VXUS,0.00019326091465903282
AIA,0.2200435534216366
FPA,0.2894209474232734
EEMA,0.29297140557027174
