Name,Riskiness R
FPE,[2.21469733e+11]
IPFF,[4.13199196e+12]
PFF,[1.16353751e+12]
PFXF,[5.00668897e+12]
PGF,[5.3535455e+11]
PGX,[4.21891794e+11]
PSK,[4.52767726e+11]
SPFF,[7.81479987e+11]
