Name,Riskiness R
FPE,[0.01927774]
PGX,[0.02908995]
PGF,[0.03075773]
PFF,[0.03467695]
PSK,[0.04047986]
