Name,Riskiness R
DBO,[1.32111714e+12]
DTO,[0.71063628]
OLEM,[1.24620848e+12]
OLO,[1.13519717e+12]
SCO,[1.65456842]
SZO,[0.48750682]
UCO,[2.62205602e+12]
USL,[1.2778379e+12]
USO,[2.90993857e+12]
