Name,Riskiness R
KBWP,[0.11295307]
RYF,[0.13152549]
XLF,[0.1632913]
KIE,[0.21098225]
QABA,[0.28053018]
