Name,Riskiness R
ECON,[3.53826067e+12]
EMCG,[1.2270899e+13]
FSTA,[1.03134399e+11]
FXG,[1.00463785e+12]
IYK,[2.96051258e+11]
KXI,[1.720653e+11]
PBJ,[3.19653525e+11]
PSCC,[0.56660784]
PSL,[2.22380861e+10]
RHS,[1.45231339]
SZK,[1.95470736e+12]
UGE,[0.41100136]
VDC,[8.31794454e+10]
XLP,[9.75835062e+10]
