Name,Riskiness R
KBWP,[0.05807459]
KIE,[0.06573839]
RYF,[0.07534116]
FXO,[0.08104794]
XLF,[0.08712446]
