Name,Riskiness R
AAXJ,[2.66817839e+12]
ACWX,[2.17154397e+12]
ADRA,[3.9268341e+12]
AIA,[2.78138858e+12]
AXJL,[1.79126434e+12]
CHIQ,[1.33935498e+12]
CWI,[1.78749166e+12]
DBAP,[1.37761624e+12]
DNL,[4.73092562e+12]
EEMA,[1.12391505e+12]
EMCG,[6.79085115e+12]
FPA,[1.21377404e+12]
IEMG,[3.22753757e+12]
IQDE,[1.55180163e+12]
IQDY,[1.43489171e+12]
PAF,[1.96777278e+12]
REMX,[5.2605532e+12]
VEU,[2.03078536e+12]
VXUS,[2.13142248e+12]
