Name,Riskiness R
FEMS,[0.70736154]
DGS,[1.22874323]
TLTE,[1.33351892]
SPEM,[1.64427667]
BKF,[1.70415925]
