Name,Riskiness R
ZIV,[0.2055698]
SVXY,[0.34620605]
XVZ,[2.16714943e+12]
VIXM,[1.05252415e+13]
VIIX,[1.44691114e+13]
