Name,Riskiness R
DRR,[0.20312845]
EUO,[0.23252794]
CROC,[7.12266656]
FXSG,[332034.733811]
YCS,[2.12069704e+11]
