Name,Riskiness R
IHI,[0.19996901]
XHE,[0.23669876]
PSCH,[0.70626439]
RXL,[0.79376724]
CURE,[0.79511868]
