Name,Riskiness R
FPE,[1.23239079e+12]
IPFF,[1.0138515e+12]
PFF,[1.35842425e+12]
PFXF,[3.20754018e+12]
PGF,[1.61863789e+12]
PGX,[9.33572828e+11]
PSK,[2.76410705e+12]
SPFF,[4.70210278e+12]
