Name,Riskiness R
FPE,[0.01800728]
IPFF,[1.36453276]
PFF,[0.03862841]
PFXF,[0.05916398]
PGF,[0.03332584]
PGX,[0.03149283]
PSK,[0.04526925]
SPFF,[0.17653571]
