Name,Riskiness R
PGX,[9.33572828e+11]
IPFF,[1.0138515e+12]
FPE,[1.23239079e+12]
PFF,[1.35842425e+12]
PGF,[1.61863789e+12]
