Name,Riskiness R
PSI,[0.19266989]
SMH,[0.20533594]
SOXX,[0.24846264]
XSD,[0.25082375]
PSCT,[0.27213003]
