Name,Riskiness R
XLK,[0.08669642]
QQQ,[0.09926389]
RYT,[0.100271]
FTEC,[0.10104657]
PSCT,[0.10209614]
