Name,Riskiness R
DBO,322958974077.2976
DTO,1812258021409.3975
OLEM,810586202065.9893
OLO,610741645559.3345
SCO,4350635787466.246
SZO,7049162837834.298
UCO,70074313028.59705
USL,10.591975477854078
USO,546782476332.5865
