Name,Riskiness R
USL,[10.59197548]
UCO,[1.63212733e+11]
OLEM,[2.35449512e+11]
DBO,[3.09343551e+11]
USO,[5.14115435e+11]
