Name,Riskiness R
ITM,[1.89151555]
PZA,[9.42253672]
MLN,[5.36563648e+11]
SMB,[9.39019602e+11]
PRB,[9.6009796e+11]
