Name,Riskiness R
ZIV,[0.26882638]
SVXY,[1.03830133]
XVZ,[6.66056754e+12]
VIXM,[9.91394104e+12]
VIXY,[1.36566632e+13]
