Name,Riskiness R
CBND,[0.0354006]
CORP,[0.02808774]
GSY,[0.00161986]
ICSH,[0.00721924]
IGHG,[0.06014286]
IGIB,[0.0183173]
IGSB,[0.00455055]
LDRI,[0.03160107]
LQD,[0.04265225]
LQDH,[0.04132224]
PFIG,[0.02542633]
QLTA,[0.03362999]
SLQD,[0.01025001]
SPIB,[0.24622134]
SPLB,[0.08080601]
USIG,[0.03263653]
VCIT,[0.02772991]
VCLT,[0.07452259]
VCSH,[0.00914079]
