Name,Riskiness R
ARKK,0.11934591910681241
ARKW,0.090418805569417
CIBR,0.2007108958098319
CQQQ,0.5681064304377547
EMQQ,0.6019421618946541
FDN,0.11538933516915674
FTEC,0.09673411708257298
FXL,0.10534624723344205
HACK,0.2991394430960574
IEUS,2.016291807252649
IGM,0.09136520057624813
IGN,0.251403925721457
IGV,0.10011902055128746
IPAY,0.00016590505441568029
ISRA,1939018338589.292
ITEQ,0.0001902578435048997
IXN,0.09959637530123029
IYW,0.10629166603660348
JHMT,0.10545545367611737
KWEB,0.890641723507853
PNQI,0.17274516176194024
PSCT,0.16658624260701255
PSI,0.13242112141010043
PSJ,0.0001680543882650958
PTF,0.21289352414244334
PXQ,0.1601280774470401
QQQ,0.12421337576627736
QTEC,0.10505291043878984
REW,10944527028111.367
ROBO,0.12736927933871034
ROM,0.15632741751292814
RYT,0.09163251892331781
SCID,134273047745.95383
SKYY,0.00016603806118389576
SMH,0.11123469954801292
SOCL,0.2178813006055979
SOXL,0.2617922262572977
SOXS,14643542449266.492
SOXX,0.1140354385410224
SSG,12893492185368.24
TDIV,0.15333452175282683
TECL,0.18905052133179578
TECS,21746708526736.37
USD,0.205457091699563
VGT,0.09277682873305775
XLK,0.09138213502797947
XNTK,0.12433133444407486
XSD,0.18022792539060586
XSW,0.11161214263673627
XT,0.00016731214753625912
