Name,Riskiness R
SVXY,0.5915085534296777
TVIX,0.003547718190922085
UVXY,0.003035728888593267
VIIX,6688882408900.469
VIXM,5764097790427.346
VIXY,23245162147108.99
XVZ,0.0001756471284916838
ZIV,0.48979216699389344
