Name,Riskiness R
CROP,[0.05896445]
PKB,[0.08263184]
FXZ,[0.0841472]
LIT,[0.08499115]
FLM,[0.09443715]
