Name,Riskiness R
VGSH,1.8517745335165388e-05
SHY,1.9702147232296835e-05
SCHO,2.1204188114769844e-05
BIL,6.424042632987845e-05
SHV,7.992833690942153e-05
