Name,Riskiness R
DGL,[0.27344613]
DGLD,[1.47681076e+13]
DGP,[0.51619286]
DGZ,[6.70185853e+11]
DZZ,[2.21470329e+12]
GLD,[0.21398917]
GLL,[1.2927318e+12]
IAU,[0.20451703]
OUNZ,[0.21696618]
SGOL,[0.21439893]
UBG,[0.27275796]
UGL,[0.54002962]
UGLD,[0.79960036]
