Name,Riskiness R
ADRE,0.4750740324244936
BBRC,1858060826808.599
BICK,0.5720290200089173
BKF,0.6924113765157879
DBEM,307871121244.68677
DEM,3.119789025018754
DGRE,263853470385.37073
DGS,0.48475986251141034
DVYE,15.959458596254265
EDC,0.7888437223239159
EDIV,54973561686.23474
EDOG,489306182166.8677
EDZ,31423346167946.113
EEB,0.4526596568476165
EELV,761474244608.8767
EEM,1.4104278181667311
EEMO,583159349485.1104
EEMS,179835739202.40408
EET,0.6790888223392749
EEV,7403474301321.082
EMCG,193283773507.05032
EMFM,1446108641156.9993
EMIF,1752894222102.207
EMQQ,0.28985776922025197
EUM,1052899380661.6094
EWEM,318953111287.17883
EWX,2.632464332426249
FEM,0.5294116161205172
FEMS,0.39760089144680333
FNDE,0.39000122817576954
HEEM,153530867140.96442
HILO,497809039554.03
IEMG,1.1716760772197183
JPEM,87716866429.98639
PIE,88789269634.82808
PXH,0.6428520789188525
PXR,230681374765.06308
QEMM,854798955254.0513
SCHE,4.17397896180774
SDEM,384199992103.24744
SPEM,2.0386447133961334
TLTE,1.1708580559401836
VWO,53393534336.41854
XSOE,0.5147939338732662
