Name,Riskiness R
EMQQ,0.28985776922025197
FNDE,0.39000122817576954
FEMS,0.39760089144680333
EEB,0.4526596568476165
ADRE,0.4750740324244936
