Name,Riskiness R
AUSE,1459970779066.3472
DBJP,680982273308.3749
DBKO,0.000175178847657261
DFJ,0.14823617397852307
DIM,0.00017777533961486512
DLS,0.00018431264394697317
DOL,0.00016611993963795967
DOO,0.00017831831969513854
DTH,0.0001663647763642793
DVYA,2219044402271.379
DWM,0.00017009828164643158
DXJ,815749689739.5852
DXJF,2704025624125.0117
DXJS,0.43066211106477065
ENZL,1.041447697738944
EPP,943278862675.1597
EWA,880147503166.8329
EWH,5.21998666702245
EWJ,545125784420.6434
EWS,446094371546.46643
EWT,250424713772.8424
EWV,15452081091734.457
EWY,0.4682037937669698
EZJ,0.8789926559362155
FAUS,32251982969.674026
FDT,31975115998.397785
FDTS,0.3875270219964904
FHK,400196258820.0748
FJP,665996823119.4187
FKO,65936176936.61424
FNDC,0.00017627052970601036
FNDF,373496335359.4865
FPA,148593858043.36697
GWX,0.00017490648039007834
HEWJ,643136677623.7173
IDHQ,0.0001790125225280442
IDOG,236160790638.6656
IPAC,969350723242.1989
IVAL,0.00017413016796612304
JPIN,0.00019677196946370356
JPMV,0.0001782760715730186
JPNL,0.8103825222961226
JPXN,0.00017201413538553482
KORU,0.5930222070786717
PAF,10.74343283630643
PDN,0.00017944106185883199
PXF,881338901817.0529
SCJ,0.19645819024061884
VPL,38856389848.05374
