Name,Riskiness R
RYF,[0.1144627]
XLF,[0.12802255]
KBWP,[0.15774767]
VFH,[0.19753058]
FNCL,[0.21320344]
