Name,Riskiness R
ENZL,[0.09397364]
DFJ,[0.12638178]
SCJ,[0.1294858]
FNDC,[0.19777497]
FPA,[0.222593]
