Name,Riskiness R
SVXY,[1.11816797]
TVIX,[2.66404268e+13]
UVXY,[2.5463057e+13]
VIIX,[1.4112017e+13]
VIXM,[5.31753503e+12]
VIXY,[1.56196694e+13]
XVZ,[3.60882796e+12]
ZIV,[0.28895212]
