Name,Riskiness R
ZIV,[0.18935551]
SVXY,[0.88123531]
VIXM,[4.72760013e+12]
XVZ,[5.4770463e+12]
VIXY,[1.39147891e+13]
