Name,Riskiness R
HDG,[0.23366151]
ALTS,[610116.32809731]
FTLS,[4.13106037e+11]
FLAG,[6.82591263e+11]
RLY,[8.75818351e+11]
