Name,Riskiness R
MNA,[0.02116852]
CPI,[0.04019956]
FTLS,[0.05367893]
HDG,[0.0730955]
QMN,[0.08205375]
