Name,Riskiness R
DTYS,[2.46807307]
DFVS,[1.61693919e+11]
DTUS,[1.84423661e+11]
UBT,[4.40274712e+11]
DLBL,[6.34280632e+11]
