Name,Riskiness R
ANGL,[0.03870482]
CJNK,[0.03768161]
GHYG,[0.07048871]
HYG,[0.07256738]
HYGH,[0.1159376]
HYHG,[0.28643688]
HYLD,[2.83495881e+11]
HYLS,[0.03851796]
HYND,[0.47009954]
HYS,[0.04268365]
HYZD,[0.07230516]
JNK,[0.08785913]
PGHY,[0.02141517]
PHB,[0.04209807]
RIGS,[0.02488657]
SHYG,[0.03640122]
SJB,[1.43530895e+12]
SJNK,[0.04523075]
UJB,[0.35374981]
WBII,[0.03436687]
