Name,Riskiness R
SRET,[0.10831046]
DRW,[0.11300887]
VNQI,[0.12157851]
GQRE,[0.12297388]
TAO,[0.13120852]
