Name,Riskiness R
GSG,0.0001700841316546244
GRU,0.00017076537593980736
DGL,0.0001733118366664595
GLTR,0.00017405320760807656
PPLT,0.00017646589201434577
