Name,Riskiness R
AGG,1055343984761.8484
AGGY,1419229316352.1538
AGND,2893751410505.0664
AGZD,2580369052994.3223
BIV,1380237624516.5103
BLV,0.00020585671325152734
BND,1062590285005.1666
BNDX,2811756982129.3403
BOND,1567948129660.3145
BSV,2229262408173.558
BYLD,3245943606001.591
FBND,1210196036705.4897
FCOR,1054835620237.4576
FLTB,1953102190269.0186
FTSD,1.7450187767303707e-05
FWDB,3256159038549.716
GBF,1171527957267.8906
GVI,1309960987990.023
HOLD,2.100885127917617e-05
IAGG,1089905310626.7815
ILTB,0.00023120582482986143
ISTB,2207671986032.17
IUSB,2239530342233.3335
KCNY,5268485955471.776
LDUR,2011616437328.0737
MINC,2271445417443.957
MINT,3.82590037831654e-05
NEAR,3.131186841381951e-05
NFLT,57.62063635779705
RAVI,2.5210587658454824e-05
SAGG,2046229233326.8784
SCHZ,3284455705266.5757
SPAB,5279113442596.676
TOTL,1851881862350.3105
ULST,2.0925975198065554e-05
VBND,1273330606585.2283
WYDE,0.0007166104939037018
XMPT,0.0005508466030960863
