Name,Riskiness R
CQQQ,[0.24492002]
KWEB,[0.26780733]
EMQQ,[0.29238645]
CXSE,[0.29355895]
PGJ,[0.34043129]
