Name,Riskiness R
SVXY,[0.70440589]
TVIX,[3.00933868e+13]
UVXY,[3.19024144e+13]
VIIX,[2.78651185e+12]
VIXM,[2.46647094e+12]
VIXY,[3.1368631e+12]
XVZ,[2.37545104e+12]
ZIV,[0.40352313]
