Name,Riskiness R
FMB,2074252883606.6162
ITM,88.94965915943868
MLN,0.002912887233945664
MUB,2079481150602.965
MUNI,2208288973305.0547
PRB,3899100259668.344
PVI,4.033927649780489e-05
PZA,9.318130080478923
RVNU,0.0011588302805467779
SHM,1594242693314.048
SHYD,0.0008655379790207262
SMB,1577102606505.6326
SMMU,1245684551573.6545
SUB,1.7538023187996516e-05
TFI,3186000261537.8047
