Name,Riskiness R
SUB,1.7538023187996516e-05
PVI,4.033927649780489e-05
SHYD,0.0008655379790207262
RVNU,0.0011588302805467779
MLN,0.002912887233945664
