Name,Riskiness R
EMIF,[3.30998714e+12]
FUTY,[3.80926855e+11]
FXU,[5.80926924e+12]
GHII,[1.95993261e+11]
GII,[1.27273703e+12]
IDU,[3.78242969e+11]
IGF,[4.2095917e+11]
INXX,[1.69793428e+12]
JXI,[2.43857912e+12]
PSCU,[0.20322403]
PUI,[1.49414786e+11]
PXR,[3.60957293e+11]
RYU,[2.12447838e+12]
SDP,[1.20885714e+13]
TOLZ,[1.27414919e+12]
UPW,[0.964402]
VPU,[4.74138827e+11]
WBIC,[1.5933381e+12]
XLU,[4.17417874e+11]
