Name,Riskiness R
SMIN,[0.3866302]
INCO,[0.44114437]
PEK,[0.56148821]
CN,[0.56326507]
ASHR,[0.66940471]
