Name,Riskiness R
BJK,[0.1422806]
CARZ,[1.29593217]
CHIQ,[0.22076456]
FDIS,[0.06190453]
FXD,[0.1114698]
INCO,[0.10094891]
IYC,[0.05998758]
JHMC,[0.07195046]
PBS,[0.13593659]
PEJ,[0.13368716]
PEZ,[0.11228776]
PMR,[0.22528199]
PSCD,[0.09711333]
RCD,[0.11000756]
RETL,[0.61462497]
RTH,[0.06568677]
RXI,[0.07803534]
SCC,[2.590885e+12]
UCC,[0.13047057]
VCR,[0.0631459]
WBIA,[0.19142715]
XLY,[0.05872891]
XRT,[0.20202665]
