Name,Riskiness R
IQDF,0.00017218705715814944
VIDI,0.00017380224040824239
CRAK,0.00017818018005826648
EEM,0.00018228066904676235
IEMG,0.0001870936905714673
