Name,Riskiness R
CHIM,638218615671.0853
COPX,6357110501959.76
CROP,0.0001899245216670194
CUT,6910234687029.658
DUST,0.002407414510679608
FLM,0.00016843642362763866
FMAT,352913307445.00073
FTAG,7244391837094.235
FTRI,1783409105621.8618
FXZ,695960832494.1981
GDX,41.4147250841475
GDXJ,1.7668427774986202
GNR,1917242866758.7842
GOEX,0.7146737307285311
GRES,0.00018657335716784084
GUNR,1656745940517.334
HAP,0.00016610993727711443
IGE,2052502979090.996
ITB,1579281963778.1475
IYM,2289382615972.54
JDST,0.002883650462445285
JNUG,0.002050907761469348
LIT,1991964193410.122
MOO,0.0001797537164827927
MXI,3024479805632.341
NUGT,0.002704180032131121
PAGG,6986920290006.225
PICK,19571204450113.688
PKB,1266649211370.4321
PSAU,509578007567.35205
PSCM,10079783370816.543
PYZ,370957019254.04266
REMX,4395725068779.5693
RING,21499370529.997826
RTM,1273575164372.6826
SBM,2312262788889.081
SIL,3.1135079208439818
SILJ,1.111853941859262
SLVP,2.72797137583695
SLX,1317872890400.942
SMN,3140088374827.0513
SOIL,10274109345202.783
URA,11204705467046.875
UYM,1981189890833.8828
VAW,2794303555926.901
VEGI,1595472558270.4312
WOOD,6690217755205.093
XHB,3428068873710.783
XLB,889704880919.6752
XME,4193607143033.4043
