Name,Riskiness R
GOEX,[0.71467373]
SILJ,[1.11185394]
GDXJ,[1.76684278]
SLVP,[2.72797138]
SIL,[3.11350792]
