Name,Riskiness R
WBIF,[0.04724183]
FONE,[0.09417343]
XTL,[0.09560282]
FCOM,[0.12856808]
ERUS,[0.20679286]
