Name,Riskiness R
ERUS,2.4367362551632556
FCOM,0.00018401874588435538
FONE,0.352313446929513
IXP,0.00020118506767235006
IYZ,0.00016777454268978228
LTL,773192244741.084
VOX,0.00017571803492242425
WBIF,0.00023118028527439226
XTL,1.5334276636048132
