Name,Riskiness R
FMB,2651579052043.731
ITM,91.03384081816057
MLN,0.0029091402506300564
MUB,3589807010351.8633
MUNI,2945084669989.3633
PRB,1715088194479.1316
PVI,4.033929038719404e-05
PZA,10.460344833778242
RVNU,0.0011587067671115238
SHM,2314906456115.5093
SHYD,0.0008655372903988901
SMB,2735519578891.29
SMMU,1321901727828.728
SUB,1.7538023187996516e-05
TFI,3561822061794.111
