Name,Riskiness R
TAO,[0.40834752]
MORL,[0.55689722]
DRN,[3.32213687]
URE,[5.31439033]
REM,[1.52823592e+11]
