Name,Riskiness R
ANGL,0.00027182573882946723
CJNK,2456020525136.8857
GHYG,0.006533433584760336
HYG,0.0004458436493917118
HYHG,0.0002076739746784446
HYLD,4700012303361.84
HYLS,0.0005356956035948038
HYND,0.00021449286552151223
HYS,0.0009096082495814147
HYZD,0.0004571453630769725
JNK,0.0004075112294018746
PGHY,3750.5414960572425
PHB,0.0004902209780639629
RIGS,1029331611413.5276
SHYG,2.1316465267206977
SJB,0.0003610527318759036
SJNK,1590332862540.2322
UJB,327129825263.4498
