Name,Riskiness R
QWLD,[0.08839253]
IPKW,[0.09597342]
EXI,[0.11316823]
TOK,[0.12056305]
PZD,[0.1444438]
