Name,Riskiness R
NLR,0.00019994251642924344
GASL,0.002128725045018365
ERX,0.034234452565187486
DUG,1.6816516408118898
ERY,2.6005996106061247
