Name,Riskiness R
PZD,[0.14049378]
GRID,[0.21081175]
FAN,[0.22266821]
NLR,[0.23295452]
DDG,[0.25448727]
