Name,Riskiness R
BBH,0.9809132663363224
BIB,1.3323080582374824
BIS,486.12557060065626
CURE,0.511260779718085
FBT,1.1602283685793475
FHLC,0.0001709392906900413
FXH,217299435352.46146
IBB,6.747007730380616
IHE,334448583131.7398
IHF,0.00019821152863802317
IHI,0.00019100806967515524
IXJ,0.00020125568288268994
IYH,2.6925919166695116
PBE,809833322760.573
PJP,1148695216157.8599
PPH,0.0001744656639335168
PSCH,0.36230480810671933
PTH,338782108547.32965
RXD,9866673921636.914
RXL,0.4419952136265562
RYH,0.00017911209123699017
VHT,1.1339240556298587
XBI,0.47077443273739117
XHE,0.00017169258956896167
XHS,145149618273.11157
XLV,0.00019128741560055863
XPH,3064700441217.4434
