Name,Riskiness R
IHI,[0.13531782]
XHE,[0.17961731]
PSCH,[0.36230481]
RXL,[0.44199521]
XBI,[0.47077443]
