Name,Riskiness R
XLY,[0.06835184]
IYC,[0.07391411]
FDIS,[0.07530862]
VCR,[0.07797766]
RTH,[0.08386337]
