Name,Riskiness R
ACWI,0.0001704424973075376
ACWV,0.00024551471778764975
ACWX,283365921078.0399
CGW,0.00017444834561049276
CRBN,0.00016788157729159898
CWI,0.00016661214189046483
DBEF,0.00016640854351043395
DIM,0.00018200170975636617
DLS,0.0001843266786716893
DOL,0.00016611993963795967
DTH,0.0001663647763642793
DWM,0.00017009828164643158
DWX,685715556661.8842
EFA,0.00017059463680327324
EFAV,0.00024686185212121617
EFG,0.00017467115868311832
EFV,1272141841201.7607
EWS,155408648909.43274
EZU,188305510808.83707
FDT,0.00017739121536543742
FGD,0.00017836707304100792
FNDC,0.00017627052970532392
FNDF,186032682304.14984
GDX,0.8728033481594044
GDXJ,0.6391815229537849
GII,0.00019854139319878651
GNR,0.15179979632773533
GSIE,0.00018470199658049343
GUNR,0.16586715273499703
GWX,0.00018397310896504723
HDEF,372165821593.5323
HEFA,0.00018086899516991207
HEZU,0.0001692843917437856
HFXI,0.00020481495763594366
IDLV,0.00019714355126671326
IDOG,266374171260.3767
IDV,394742204289.5709
IEFA,0.0001712601011797219
IGF,0.00024395807145020278
IHDG,0.0001795010353263153
INTF,0.00017986630682523854
IOO,0.2697155116403269
IQDF,0.00017346565843233815
IQLT,0.00016713327393840842
IVLU,0.00020147807001946687
IXC,0.31045945737633
IXG,1.539201024459666
IXJ,0.00018506470232410502
IXP,0.00020118506767235006
IXUS,188202597833.41455
JNUG,0.0024067337245112547
JPGE,0.00021750161427248907
JPIN,0.0001967721656188141
JXI,0.0002324606660071294
KXI,0.00020480975317377833
LIT,0.21104941032909943
MOO,0.0001840133109797849
MXI,0.21858093043867077
NFRA,0.0002056422096194178
NUGT,0.0026141499540090233
PDN,0.00017944106185883199
PICK,0.22451669339864325
PID,397737330533.3059
PPH,0.000177663282773917
PSP,0.4717887212348323
PXF,904862630432.0281
QEFA,0.00020591009937766017
ROBO,0.15626828220730715
RODM,0.00020726656381702367
RXI,0.00016650269764277969
SCHC,0.0001897463181775693
SCHF,0.00017051744664341577
SCZ,0.00018955686899878863
SDIV,0.00019690195071433514
SIL,1.0024944973285705
SMH,0.12353377966714865
SPDW,0.00016868571785877152
TAN,12848862201550.75
TLTD,0.00017371829352767805
URA,292158224857.89935
URTH,0.4684593712509963
VEA,0.00017159247364624048
VEU,271146007178.6239
VSS,0.00018523028727153147
VT,0.0001699431502838561
VXUS,0.00016686569527938613
WDIV,0.00019351289629108954
WOOD,0.17724298389119073
XT,0.00016731214753625912
