Name,Riskiness R
AIA,[0.1310683]
IHDG,[0.1372455]
FPXI,[0.13907015]
DBAP,[0.14742886]
XSOE,[0.14862491]
