Name,Riskiness R
SVXY,[0.6734898]
ZIV,[0.93339714]
XVZ,[2.76163346e+12]
VIIX,[6.57356375e+12]
VIXM,[1.34129394e+13]
