Name,Riskiness R
ZIV,[0.29984077]
SVXY,[0.51473317]
XVZ,[7.84264276e+11]
VIXM,[4.92722951e+12]
VIXY,[6.57681204e+12]
