Name,Riskiness R
AADR,9690194586428.271
COPX,2.5253305071839103
CRAK,0.6120300466212452
DBAW,0.0001918370378586196
ECON,0.00018401530156197192
EDC,1.6073902803560087
EEM,0.00018430144016422679
EEMS,0.00021098894539364307
EMCG,0.0001829498619091603
EMFM,514973245801.93805
FAN,0.00018124187587317995
FIEG,0.902143387285849
FLN,1.1058149143576073
FM,0.0002306070806309506
FNDE,0.00018048389968525216
FONE,325152217037.5791
FPA,0.00019332262721127245
FPXI,0.00016707484948093857
FWDI,2465940269610.2373
GDXJ,474280324402.376
GDXS,7.655456992977561
HAWX,0.00021275035350713125
HEEM,0.00020577582682284926
HGI,0.0001855046371936895
HILO,0.0001965165922737457
ICLN,7752550505816.77
IEMG,0.00019033677183506875
IFV,0.00019632075592078283
IQDF,0.00020417923988803503
JDST,0.002883650195678204
KOL,0.2645486206417721
LIT,1.2610891206427155
PBD,0.0001874112057579503
PICK,0.651679575149689
QEMM,0.00023279890892742697
SIL,1676475149471.209
SLVP,760722050260.396
SLX,0.6562810772787661
SOCL,0.36333895540854483
SOIL,1069981803015.2496
TLEH,1176513958431.2935
TLTE,0.00020627543733394403
VIDI,0.00020554223525119075
