Name,Riskiness R
DXJS,[1.43398331]
JPNL,[9.00319806]
DFJ,[6.10000736e+10]
EZJ,[1.92941727e+11]
SCJ,[2.31035595e+11]
