Name,Riskiness R
DRR,[0.21853046]
EUO,[0.26035321]
FXSG,[327760.80172245]
YCS,[1.71928151e+11]
CROC,[3.57112057e+11]
