Name,Riskiness R
UUP,[0.04372247]
EUFX,[0.05317827]
USDU,[0.07397493]
DRR,[0.09986723]
EUO,[0.10361714]
