Name,Riskiness R
CGW,[0.27453613]
CHII,[0.44621341]
EXI,[0.20377159]
FIDU,[0.12537622]
FIW,[0.15649387]
FXR,[0.2159202]
IEV,[1.96722301e+12]
ITA,[0.10418158]
IYJ,[0.11948838]
IYT,[0.1515709]
PHO,[2.94390762e+10]
PIO,[5.99803371e+11]
PPA,[0.09780722]
PSCI,[0.16713216]
RGI,[0.125618]
SEA,[4.50034518e+12]
SIJ,[3.6071253e+12]
UXI,[0.24395576]
VIS,[0.12617452]
XAR,[0.13126978]
XLI,[0.11254226]
XTN,[0.16233158]
_PRN,[0.33452179]
