Name,Riskiness R
PSCU,[0.0987639]
VPU,[0.15040311]
XLU,[0.16400665]
FUTY,[0.16594129]
PUI,[0.18192028]
