Name,Riskiness R
ECON,[1.29868904e+12]
EMCG,[1.25792843e+12]
FSTA,[1.99121406e+12]
FXG,[2.82677363e+12]
IYK,[1.14858176e+12]
KXI,[1.4058297e+12]
PBJ,[1.64994584e+12]
PSCC,[0.18187464]
PSL,[1.41807239e+11]
RHS,[4.21120906e+11]
SZK,[4.71922704e+12]
UGE,[1.49137875e+11]
VDC,[6.95167979e+11]
WBID,[9.68527811e+11]
WBIE,[7.25581561e+11]
WBIL,[4.89237762e+11]
XLP,[2.38286051e+12]
