Name,Riskiness R
EMCG,0.0001829498619091636
ECON,0.00018401530156197192
WBID,0.00018844581930533235
WBIE,0.00019759924205597814
IYK,0.0002021227553887098
