Name,Riskiness R
PSCC,[0.18187464]
PSL,[1.41807239e+11]
UGE,[1.49137875e+11]
RHS,[4.21120906e+11]
WBIL,[4.89237762e+11]
