Name,Riskiness R
TAO,[0.18284408]
DRW,[0.19256413]
REM,[0.21729185]
VNQI,[0.23429719]
MORT,[0.29137659]
