Name,Riskiness R
SRET,[0.0477222]
REM,[0.05149535]
MORT,[0.06247045]
FREL,[0.08240367]
IYR,[0.08274382]
