Name,Riskiness R
DRN,1.3250313148987072
DRV,7187410297364.143
DRW,1.9129639936624825
EWRE,1759767289925.314
FFR,0.00021850891548513495
FREL,0.00019703667765474773
FRI,0.00019488664861875627
GQRE,0.0002222673427173152
GRI,0.00019980490633583116
ICF,0.00020052941356791726
IFEU,900946154616.4407
IFGL,0.00019321287555806524
IYR,0.00022905142536676574
KBWY,0.00017003935244256767
LRET,3.0781016602241698
MORL,0.2497705226399004
MORT,0.26591792085196814
MRRL,0.27571722575387975
PSR,0.00017888087886997592
REET,0.0002558023026958039
REK,0.0002534205015068534
REM,0.2602516265424791
REZ,0.00018631420428822965
ROOF,0.00019620391922510903
RWO,0.00020315554642116822
RWR,0.0002020413010004883
RWX,728337270805.5127
SCHH,0.00020553822040010684
SRET,0.00018484165709000612
SRS,5064178837561.8125
TAO,0.45323770105873756
URE,0.9490572621391787
USRT,0.000196857974074764
VNQ,0.00020042347242073234
VNQI,0.00017748377697352912
WPS,0.0002057803206794465
WREI,0.00019437674137200698
XLRE,0.0001925399317968983
