Name,Riskiness R
SRET,[0.20766597]
MORL,[0.24977052]
REM,[0.26025163]
MORT,[0.26591792]
MRRL,[0.27571723]
