Name,Riskiness R
CIL,[1.03031339]
GOEX,[1.73361068e+11]
SILJ,[2.43902105e+11]
EFZ,[1.01231861e+12]
DEW,[1.32566974e+12]
