Name,Riskiness R
UTES,[0.05559525]
FUTY,[0.05999124]
VPU,[0.06057915]
FXU,[0.06505438]
PUI,[0.06613795]
