Name,Riskiness R
ACIM,0.00019177696666505172
ACWF,0.00017933778520206272
ARKQ,0.14656629457405718
BJK,0.3135953380253104
CID,0.00020207379694625705
CIL,0.00018475403327830432
CIZ,0.0001749832667392476
CNCR,1583796283330.7615
CRAK,0.00018076190725892775
CUT,0.6237382645112293
DBAW,195200697499.65805
DBEZ,63707228196.3647
DEW,0.0001760793729951054
DGT,0.00016801443562976503
DNL,1.6610262717936641
DOO,0.00017910352585446588
DUST,0.002407414510679608
EFAD,0.00019276999802041482
EFZ,0.00026091365521073423
EUMV,0.00019312539237811103
EXI,0.00017349501609365992
FAN,0.0001974620094115037
FILL,1.9382522941311509
FPA,0.00017416510350453027
FYLD,0.0001703027979018447
GEX,1623696663655.5913
GHII,1.8951147859604298
GOEX,0.628124896001096
GRES,0.0002775054976186372
GRID,0.000167254635699067
HAP,0.00016610993731704858
HDAW,0.00017048834350822092
IDHQ,0.00018863907499291175
IMTM,0.0001671832546871739
IPKW,0.00017414732046038025
IQDE,0.00020246205327244715
IQDY,1518629082997.1404
ISCF,0.4379046024580866
ISRA,2253572461421.095
IVAL,0.0001870515680186411
JDST,0.0028836502895043135
LOWC,0.00018866620850722235
LVL,72223222023.59398
NLR,2658187873371.483
PBD,995132564733.3091
PIO,213015337114.96207
PIZ,0.0001713390112658936
PSAU,1.1875385899581274
PZD,0.17081603745372662
QWLD,0.00018322714087003238
RING,0.9518154538854897
SEA,12448889027630.201
SGDJ,1.569233384834862
SILJ,0.6101842325420462
TOK,0.0001983937040790931
TOLZ,0.0001999624420337609
VEGI,0.00017127241538486006
YMLP,8652513878810.222
