Name,Riskiness R
ZIV,[0.36843083]
SVXY,[0.55018928]
XVZ,[6.56747926e+11]
VIIX,[3.11544956e+12]
VIXM,[5.07611142e+12]
