Name,Riskiness R
ALTS,[1.13838772e+11]
BTAL,[9.62033942e+10]
CHEP,[1.1759138]
CPI,[0.04897295]
DIVA,[0.20946558]
DIVY,[0.03157984]
FLAG,[0.10098632]
FMF,[2.09931048e+12]
FTLS,[0.06563827]
HDG,[0.11892086]
MCRO,[0.09380953]
MNA,[0.02783622]
MOM,[0.45677598]
MRGR,[6.0135759e+10]
QAI,[0.21211363]
QED,[0.05139798]
QMN,[0.143521]
RALS,[2.88763967e+11]
RLY,[3.0463556e+10]
SIZ,[1.37853522e+12]
WTMF,[1.97991442e+12]
