Name,Riskiness R
IHI,[0.05553382]
XHE,[0.08251226]
IHF,[0.10742184]
PSCH,[0.10875483]
RYH,[0.11693781]
