Name,Riskiness R
IHI,[0.15400302]
XHE,[0.19770917]
PSCH,[0.34158498]
XBI,[0.93592182]
CURE,[1.02667164]
