Name,Riskiness R
BSCJ,[3.07286405e+12]
BSCK,[1.71344549e+12]
BSCL,[1.87408431e+12]
BSCM,[1.40979645e+12]
IBCD,[1.68695646e+11]
IBCE,[2.14937144e+10]
IBDC,[2.39262816e+11]
IBDD,[0.32482042]
