Name,Riskiness R
IBDD,[0.32482042]
IBCE,[2.14937144e+10]
IBCD,[1.68695646e+11]
IBDC,[2.39262816e+11]
BSCM,[1.40979645e+12]
