Name,Riskiness R
AIA,[0.50599786]
CHIQ,[1.90502884]
XSOE,[15.25028979]
EEMA,[4.60357457e+09]
AAXJ,[5.04556976e+10]
