Name,Riskiness R
CBND,[0.12711324]
CORP,[0.11271679]
GSY,[1.75284029e+12]
ICSH,[1.02418506e+12]
IGIB,[5.24830038e+11]
IGIH,[2.2780197e+12]
IGSB,[7.17400928e+11]
LDRI,[2.6839527e+12]
LKOR,[6.41190272e+12]
LQD,[0.17314385]
LQDH,[9.18335784e+10]
PFIG,[1288.66542538]
QLTA,[0.9074779]
SKOR,[2.02341873]
SLQD,[3.84861647e+12]
SPLB,[0.11555295]
USIG,[0.09554238]
VCLT,[0.11518743]
VCSH,[9.9151135e+11]
