Name,Riskiness R
DFJ,[0.09669359]
SCJ,[0.10928944]
JPXN,[0.14525245]
DXJS,[0.14913101]
EWJ,[0.18240868]
