Name,Riskiness R
CBND,[0.04603114]
CORP,[0.03256284]
GSY,[0.00208405]
ICSH,[0.01371862]
IGHG,[0.67138852]
IGIB,[0.02208625]
IGSB,[0.00565178]
LQD,[0.05132263]
PFIG,[0.03090816]
QLTA,[0.04312417]
SLQD,[0.01396628]
SPIB,[1.11224161e+10]
SPLB,[0.10063635]
USIG,[0.04154797]
VCIT,[0.0322082]
VCLT,[0.09064891]
VCSH,[0.01148213]
