Name,Riskiness R
IBDQ,[6.11091608e+08]
BSCO,[9.87730029e+08]
IBCD,[6.65421773e+11]
IBDK,[6.66668297e+11]
BSCM,[9.17687605e+11]
