Name,Riskiness R
DFJ,[0.05781745]
DLS,[0.06244916]
SCJ,[0.06334503]
FNDC,[0.06371418]
JPMV,[0.07028851]
