Name,Riskiness R
ACIM,0.00019177696666505172
ACWF,0.00017933778520206272
ARKQ,0.14745938984015555
BJK,0.42811659365402654
CID,0.00020207379694625705
CIL,0.00018475403327830432
CIZ,0.0001749832667392476
CNCR,1421759148623.0068
CRAK,0.00018076190725892775
CUT,0.577167392293709
DBAW,781879188262.7527
DBEZ,1427267730004.753
DEW,0.0001760793729951054
DGT,0.00016801443562976503
DNL,0.9999141492210756
DOO,0.00017910352585446588
DUST,0.002407414510679608
EFAD,0.00019276999802041482
EFZ,0.00026091365521073423
EUMV,0.00019312539237811103
EXI,0.00017349501609365992
FAN,0.0001974620094115037
FILL,1.2450506510649222
FPA,0.00017416510350453027
FYLD,0.0001703027979018447
GEX,438750549718.5562
GHII,0.3707381461232643
GOEX,0.6573288813879703
GRES,0.00027750549761477414
GRID,0.000167254635699067
HAP,0.00016610993731704858
HAWX,0.00019082594650637498
HDAW,0.00017048834350822092
IDHQ,0.00018863907499291175
IMTM,0.0001671832546871739
IPKW,0.00017414732046038025
IQDE,0.00020246205327244715
IQDY,179481691211.425
ISCF,0.6299807374490082
ISRA,445221697164.5428
IVAL,0.0001870515680186411
JDST,0.0028836502895043135
KLDW,0.00017605758343347034
LOWC,0.00018866620850722235
LVL,0.4799119440598996
MOTI,8.817859604227255
NLR,222914392125.17117
PBD,870736868686.7378
PIO,340424069740.5921
PIZ,0.0001713390112658936
PSAU,0.9693224340544373
PZD,0.1832533720732028
QWLD,0.00018322714087003238
RING,0.8343158452813958
SEA,11862607435399.992
SGDJ,1.286069671266581
SILJ,0.5372558201685365
TOK,0.0001983937040790931
TOLZ,0.0001999624420337609
VEGI,0.00017127241538486006
YMLP,8535708636773.291
