Name,Riskiness R
HDG,[0.2330142]
FLAG,[1.16381027]
WTMF,[3780182.34309839]
DIVA,[3.09209043e+11]
FTLS,[5.35464137e+11]
