Name,Riskiness R
AIRR,[0.33423264]
CGW,[0.26206811]
CHII,[0.40438908]
EXI,[0.11930614]
FIDU,[0.110346]
FIW,[0.17231108]
FXR,[0.25731844]
IEV,[2.89743998e+12]
ITA,[0.06466848]
IYJ,[0.09201802]
IYT,[0.22261414]
PHO,[8.25278153e+11]
PIO,[1.12093912e+12]
PPA,[0.06208882]
PSCI,[0.21617156]
RGI,[0.10695284]
SEA,[2.90707992e+13]
SIJ,[2.64167377e+13]
UXI,[0.18246398]
VIS,[0.10758752]
XAR,[0.08051003]
XTN,[0.27647808]
_PRN,[0.38549435]
