Name,Riskiness R
PPA,[0.06208882]
ITA,[0.06466848]
XAR,[0.08051003]
IYJ,[0.09201802]
RGI,[0.10695284]
