Name,Riskiness R
INR,[0.06156241]
BZF,[0.41548796]
UUP,[0.4388415]
FXY,[0.47975731]
CNY,[0.48934958]
