Name,Riskiness R
DGL,[0.92081923]
DGLD,[3.0454207e+11]
DGP,[1.59662496]
DGZ,[1.44322303e+11]
DZZ,[4.05346242e+11]
GLD,[0.44746005]
GLL,[8.84115151e+11]
IAU,[0.41553981]
OUNZ,[0.51095213]
SGOL,[0.43967137]
UBG,[0.48937144]
UGL,[2.03113302]
UGLD,[3.25880771]
