Name,Riskiness R
DZZ,[8.80947934e+11]
UBG,[8.98182694e+11]
UGLD,[9.29767185e+11]
GLL,[9.4120761e+11]
SGOL,[1.27331087e+12]
