Name,Riskiness R
XLK,[0.06429581]
RYT,[0.06668028]
SKYY,[0.06685088]
IXN,[0.06722828]
IGM,[0.06728075]
