Name,Riskiness R
HYS,[0.66518219]
HYLS,[2.71773373]
UJB,[17.54417999]
PGHY,[2468.24492789]
SHYG,[573819.98001773]
