Name,Riskiness R
EFO,[2801348.22538978]
CROP,[1.36140241e+11]
IPO,[4.34224957e+11]
PEX,[5.00806194e+11]
DZK,[6.59229559e+11]
