Name,Riskiness R
ACWV,[0.05176856]
FNDC,[0.05436895]
JPGE,[0.06015638]
SCZ,[0.06759025]
ROBO,[0.07438012]
