Name,Riskiness R
BJK,[0.34856031]
CARZ,[0.59475191]
CHIQ,[0.20193038]
FDIS,[0.0957556]
FXD,[0.27390648]
INCO,[0.18571896]
IYC,[0.09531483]
PBS,[0.28863059]
PEJ,[0.18263088]
PEZ,[0.39325034]
PMR,[1.82792994e+11]
PSCD,[0.38963895]
RCD,[0.28772206]
RETL,[0.76323178]
RTH,[0.11388058]
RXI,[0.11712787]
SCC,[1.14713932e+13]
UCC,[0.20533321]
VCR,[0.09934477]
WBIA,[2.9720234e+11]
XLY,[0.08715483]
XRT,[6.83672175e+11]
