Name,Riskiness R
AADR,0.00016950160276436405
COPX,0.4889213314022454
DBAW,1283497622872.6504
ECON,4535716389090.911
EDC,0.6587874856769514
EEM,0.681273969024895
EEMS,50961342499.94328
EMCG,3088464082992.279
EMFM,220565675162.15182
FAN,1.0372872339771744
FIEG,0.8785269182704606
FLN,0.41886511640880536
FM,0.00020614374660068413
FNDE,0.31280436737180217
FONE,0.35208175039256406
FPA,316764444201.67004
FPXI,0.00016707484948093857
FWDI,479147026522.08185
GDXJ,0.4016289138445004
GDXS,0.011036201141330134
HEEM,157832549564.92883
HGI,766521879315.4797
HILO,321057425690.8003
ICLN,538071067209.70764
IEMG,0.6406605640541732
IFV,210157238719.86945
IQDF,0.00017346585713612893
JDST,0.002883650289504314
KOL,0.2509351094394359
LIT,0.19266629147127431
PBD,940654560703.3335
PICK,0.4359947644406429
QEMM,80051110784.98846
SIL,0.48064184986153186
SLVP,0.4018359476070926
SLX,0.28300526887953475
SOCL,0.16278592115435758
SOIL,1845702170916.977
TLTE,0.6965629156575913
VIDI,0.00018090233367181193
