Name,Riskiness R
ACWI,0.0001704425154014451
ACWV,0.00026494153140892406
ACWX,2003407025432.4214
CGW,0.0001999105412321406
CWI,0.00016661214191429353
DBEF,3576155531765.949
DIM,0.00017777533961486512
DLS,0.00018431264394697317
DOL,0.00016611993963795967
DTH,0.0001663647763642793
DWM,0.00017009828164643158
DWX,4031898223834.5283
EFA,0.0001703985936846905
EFAV,0.00023397801304222724
EFG,0.00017249310837003117
EFV,2389218154697.0596
EWS,9511998881069.783
EZU,14621795639442.145
FDT,2090408895705.3215
FGD,0.00017836707304100792
FNDC,0.00017627052970601036
FNDF,2233918982723.5938
GDX,3424244170930.454
GDXJ,2757914265569.826
GII,0.00019854139319878651
GNR,1598892442965.2466
GUNR,1790626606559.4985
GWX,1302214786761.4414
HEFA,545428474272.0842
IDLV,0.00019714355126671456
IDOG,4697615216675.125
IDV,14510378752656.86
IEFA,0.00017126012393373828
IGF,0.0002467496467413094
IOO,2061138285520.6611
IQDF,0.00017346585713612893
IXC,13230600266232.898
IXG,946072477541.6172
IXJ,0.00020125568288268994
IXP,1902123596648.6953
IXUS,2128350753444.0605
JNUG,0.002050907761469348
JXI,0.0002213349189903066
KXI,0.0002026766998155199
LIT,1856802546245.5508
MOO,0.0001797537164827927
MXI,607069378360.8942
NFRA,0.00022688063412421245
NUGT,0.002614613335392365
PDN,0.00017944106185883199
PICK,6402063100534.929
PID,3923842453857.0503
PPH,0.0001744656639335168
PSP,1053076447250.5381
PXF,5370904784139.759
ROBO,1935637189520.067
RXI,0.00016650269764277969
SCHC,0.0001831044318670907
SCHF,0.00016948617667025126
SCZ,0.00018040598490751694
SDIV,0.0002148134616973569
SIL,2829545454845.15
SMH,0.20220050780643514
SPDW,0.00016874383984368627
TAN,8222979629274.95
TLTD,0.00017371829352769502
URA,17188702042757.812
URTH,2193034123213.7063
VEA,0.0001678996170484833
VEU,1845651409463.6594
VSS,0.00016751637595760862
VT,0.00016994315028386045
VXUS,0.00016686569577386705
WDIV,0.00019351289629109181
WOOD,941902431868.0884
