Name,Riskiness R
BTAL,1478995866739.1248
CHEP,0.0001911210377726412
CPI,864297818766.4551
FLAG,0.00017189264083576413
HDG,0.056153664670081635
MCRO,0.3660998608531316
MNA,0.045269682487947396
MOM,0.00017685825646667836
MRGR,92272666651.27682
QAI,0.15707546384318868
RALS,0.00041200871810461294
RLY,5399098220357.269
SIZ,0.0001857619728772516
WTMF,0.0003640696399506192
