Name,Riskiness R
SVXY,0.34797031967260367
TVIX,0.003547718190922085
UVXY,0.003035728888593267
VIIX,14972446852691.691
VIXM,11029018159557.105
VIXY,13346856121208.723
XVZ,0.0001756471284916838
ZIV,0.23868187673501187
