Name,Riskiness R
FCOM,[0.10152427]
VOX,[0.11274057]
XTL,[0.13749399]
FONE,[0.14759515]
IYZ,[0.17508967]
