Name,Riskiness R
BSCJ,2538530485043.425
BSCK,1514318822212.0537
BSCL,1792248974498.2546
BSCM,1637232833538.8286
BSCN,1007011053344.0374
BSCO,916234310.1115773
IBCD,870423520480.1462
IBCE,757042277821.2705
IBDC,2007346379383.5667
IBDD,0.001096150764224308
IBDL,1465543019406.6562
IBDM,3533522473198.6807
IBDN,23680.225156538403
