Name,Riskiness R
IBDN,[23680.22517037]
BSCO,[9.16173041e+08]
IBDD,[3.18218628e+11]
IBCE,[7.44747327e+11]
BSCK,[7.50588814e+11]
