Name,Riskiness R
ECON,1.7272966722632466
EMCG,0.47615450467137627
FSTA,0.2073776242968112
FXG,0.00020468587699293872
IYK,0.00017079765291346555
KXI,0.00016663129689662126
PBJ,0.00017878557077641378
PSCC,0.00016847729454261458
PSL,0.0002874133959433943
RHS,0.0001856788140029211
SZK,8832147594773.668
UGE,0.0016916727131272291
VDC,0.1959069322253316
WBID,0.00018018967199897633
WBIE,411466084239.5303
XLP,1.8937215528472056
