Name,Riskiness R
IBCE,0.0009953912214743618
IBDD,0.0010963566118516932
IBCD,224599297923.8034
BSCK,764852497245.418
IBDC,1274951829320.371
