Name,Riskiness R
NLR,[0.26913156]
GRID,[0.28079027]
PZD,[0.28988745]
EMLP,[0.29641469]
DDG,[0.48494921]
