Name,Riskiness R
FPE,[0.02137507]
IPFF,[0.25088381]
PFF,[0.05323587]
PFXF,[0.06960318]
PGF,[0.03885279]
PGX,[0.0397169]
PSK,[0.05843605]
SPFF,[0.33527017]
