Name,Riskiness R
BJK,[0.1014513]
CARZ,[0.34382839]
CHIQ,[0.12736595]
FDIS,[0.0640371]
FXD,[0.12521638]
INCO,[0.10194838]
IYC,[0.06469301]
JHMC,[0.07411141]
PBS,[0.10053537]
PEJ,[0.1108214]
PEZ,[0.14839807]
PMR,[0.41848563]
PSCD,[0.12641905]
RCD,[0.12627875]
RETL,[0.5877413]
RTH,[0.07718564]
RXI,[0.07431687]
SCC,[2.68568235e+12]
UCC,[0.13837275]
VCR,[0.06641414]
WBIA,[0.14017285]
XLY,[0.06053642]
XRT,[0.33558093]
