Name,Riskiness R
XLY,[0.06053642]
FDIS,[0.0640371]
IYC,[0.06469301]
VCR,[0.06641414]
JHMC,[0.07411141]
