Name,Riskiness R
CROP,[0.06279591]
LIT,[0.09145569]
FXZ,[0.10054798]
PKB,[0.10056624]
CUT,[0.10320841]
