Name,Riskiness R
AUSE,0.6519057646832116
DBJP,410679699860.8219
DBKO,0.00017723347836655064
DFJ,0.6004184001088626
DIM,0.00018200170975636617
DLS,0.0001843266786716893
DOL,0.00016611993963795967
DOO,0.00017910352585446588
DTH,0.0001663647763642793
DVYA,1423361523855.4966
DWM,0.00017009828164643158
DXJ,1014719550705.5997
DXJF,3304952445704.6255
DXJS,58784537729.499275
ENZL,0.17478249679944954
EPP,3.2775181772465607
EWA,1.2804640471036477
EWH,80297938514.94604
EWJ,0.00017031154080604443
EWS,498993714880.32117
EWT,0.39241765429545555
EWV,4646824590241.518
EWY,0.0001729900884241411
EZJ,2.5588749702108924
FAUS,0.7703933319102575
FDT,0.00017739121536543742
FDTS,4.332981022098799
FHK,799235505512.6096
FJP,573642300169.0972
FKO,0.00020485694858017627
FNDC,0.00017627052970532392
FNDF,216714527705.84943
FPA,0.00017416510350453027
GSIE,0.00018470199658049343
GWX,0.00018397310896504723
HAUD,69301821959.33008
HEWJ,552216955724.6633
HEWY,318736373807.612
HFXI,0.00020481495763594366
HFXJ,817396456490.8953
IDHQ,0.00018863907499291175
IDOG,494058033137.7465
IPAC,0.0001709752967352643
ISCF,0.7628284018431469
IVAL,0.0001870515680186411
IVLU,0.00020147807001946687
JHDG,4151889917624.257
JPIN,0.0001967721656188141
JPMV,0.0001859776436958729
JPN,3955074551044.6597
JPNL,1.2804795278925483
JPXN,0.00017201119004811377
KORU,0.7866910661481373
PAF,0.848842852641768
PDN,0.00017944106185883199
PXF,317146233401.19354
SCIJ,219131616475.50226
SCIX,0.9187335863362811
SCJ,0.00016950970812003543
VPL,0.00016958076354625293
