Name,Riskiness R
MORL,[0.79979799]
DRN,[1.0089513]
URE,[1.18127761]
REZ,[1.52432965]
KBWY,[1.71422596]
