Name,Riskiness R
IBDC,[0.00895974]
IBCD,[0.01082855]
BSCJ,[0.01339691]
BSCK,[0.01533284]
IBDD,[0.01569272]
