Name,Riskiness R
BJK,[8.56908492e+12]
CARZ,[7.79271998e+12]
CHIQ,[1.33418132e+12]
FDIS,[4.04350612e+11]
FXD,[1.15550096e+12]
INCO,[0.25268048]
IYC,[2.32911859e+11]
PBS,[1.68351302e+12]
PEJ,[2.6771466e+12]
PEZ,[3.03586752e+12]
PMR,[1.11609194e+13]
PSCD,[1.39049785e+12]
RCD,[3.53446776e+12]
RETL,[0.39023875]
RTH,[1.52830893e+10]
RXI,[1.06288682e+12]
SCC,[9.03285595e+12]
UCC,[0.62791511]
VCR,[5.10275006e+11]
XLY,[9.46179876e+11]
XRT,[3.14147931e+12]
