Name,Riskiness R
INCO,[0.25268048]
RETL,[0.39023875]
UCC,[0.62791511]
RTH,[1.52830893e+10]
IYC,[2.32911859e+11]
