Name,Riskiness R
DBO,[1.34156885e+13]
DTO,[0.50255719]
OLEM,[5.28559582e+12]
OLO,[3.27114041e+12]
SCO,[0.85304781]
SZO,[0.38491322]
UCO,[8.19696445e+12]
USL,[3.79190848e+12]
USO,[4.07721041e+12]
