Name,Riskiness R
SZO,[0.38491322]
DTO,[0.50255719]
SCO,[0.85304781]
OLO,[3.27114041e+12]
USL,[3.79190848e+12]
