Name,Riskiness R
XTL,[0.46499418]
LTL,[1.1290749]
FONE,[3.40873056]
FCOM,[7.11857263e+10]
VOX,[2.25815325e+11]
