Name,Riskiness R
BBH,2378676662555.619
BIB,359457.88898804446
BIS,365.9036990377863
CURE,1.2427378521976102
FBT,332077756051.04285
FHLC,0.0001709392906900413
FXH,502327483847.3717
IBB,2577169905283.2705
IHE,505146357173.3689
IHF,0.00019821152863802317
IHI,0.00019100806967515524
IXJ,0.00020125568288268994
IYH,778823203030.3193
PBE,3527254760189.446
PJP,3805562976646.5254
PPH,0.0001744656639335168
PSCH,3.9050612330888903
PTH,918502492298.325
RXD,3206253610374.6353
RXL,1.8392321534714877
RYH,0.00017911209123699017
VHT,844755051098.0774
XBI,18.41348810914503
XHE,0.00017169258956896167
XHS,454755512242.32587
XLV,0.00019128741560055863
XPH,4785537139506.576
