Name,Riskiness R
EMIF,[0.37549938]
FUTY,[0.11415959]
FXU,[0.13752699]
GII,[0.15311496]
IDU,[0.13191036]
IGF,[0.15779136]
INXX,[0.28227009]
JXI,[0.20408629]
PSCU,[0.07855619]
PUI,[0.10537335]
PXR,[0.63318591]
RYU,[0.1283771]
SDP,[2.59855397e+12]
TOLZ,[0.30774642]
UPW,[0.24778378]
VPU,[0.12640504]
WBIC,[1.71284612e+12]
XLU,[0.12752788]
