Name,Riskiness R
EMIF,[1.32443717e+12]
FUTY,[1.71757192]
FXU,[3.53021648e+11]
GHII,[4.45083636e+11]
GII,[1.41794336e+12]
IDU,[4.5911072]
IGF,[1.17970387e+12]
INXX,[4.16190813e+11]
JXI,[7.28775762e+11]
PSCU,[0.20411215]
PUI,[0.66517098]
PXR,[1.22241937e+12]
RYU,[2.55935913e+11]
SDP,[1.75997924e+13]
TOLZ,[1.24855959e+12]
UPW,[0.32283883]
VPU,[1.4565874]
WBIC,[1.69987467e+12]
XLU,[48.79374073]
