Name,Riskiness R
ZIV,[0.30697407]
SVXY,[0.50343944]
XVZ,[7.01732475e+11]
VIXM,[5.84723387e+12]
VIIX,[1.08695699e+13]
