Name,Riskiness R
SVXY,[0.65239416]
ZIV,[0.96461584]
XVZ,[6.93284365e+12]
VIXM,[8.02263127e+12]
VIXY,[1.06688492e+13]
