Name,Riskiness R
FPXI,0.00016707484948093857
AADR,0.0001730982201435156
FNDE,0.00018048389968525216
EMCG,0.0001829498619091603
ECON,0.00018401530156197192
