Name,Riskiness R
BJK,[6.27131653e+11]
CARZ,[4.31857996e+11]
CHIQ,[7.75253408e+11]
FDIS,[0.10387184]
FXD,[0.18829005]
INCO,[0.19696584]
IYC,[0.08759516]
PBS,[0.31982905]
PEJ,[0.16497307]
PEZ,[0.42319474]
PMR,[0.22825402]
PSCD,[0.28135302]
RCD,[0.16600854]
RETL,[0.27541648]
RTH,[0.08411792]
RXI,[0.15991793]
SCC,[3.20682918e+12]
UCC,[0.19147829]
VCR,[0.10637992]
XLY,[0.09105629]
XRT,[0.3279154]
