Name,Riskiness R
RETL,[0.36858349]
UCC,[0.40820133]
RTH,[1.12142974]
INCO,[1.40508109]
XLY,[2.53419135]
