Name,Riskiness R
CARZ,1352663771017.477
CROP,0.0001899245216670194
DPK,2943507240342.964
DZK,19300696207290.297
EFO,20401616.037420712
EFU,3405345737629.4307
FDTS,2240064751278.2847
FLM,0.00016843651789822682
FTAG,19834863566690.65
FTRI,20797128516659.406
HGI,3117776123804.6143
IDMO,6693916777168.417
IPO,1849847631293.9478
PAGG,14144961832296.547
PEX,0.00018944531430422447
SOIL,2803157849059.807
