Name,Riskiness R
EFO,[25134174.18364889]
CROP,[1.0462834e+12]
CARZ,[1.31918272e+12]
EFU,[1.41175824e+12]
PAGG,[1.86600993e+12]
