Name,Riskiness R
FLM,0.00016843651789822682
PEX,0.00018944531430422447
CROP,0.0001899245216670194
EFO,25134131.30992466
EFU,530290700164.0155
