Name,Riskiness R
BZF,[0.14317749]
FXSG,[1.23605912]
FXY,[1.98029209e+11]
CEW,[6.74510071e+11]
DBV,[8.78182576e+11]
