Name,Riskiness R
DFJ,[0.1323312]
SCJ,[0.17961345]
DLS,[0.21507042]
FNDC,[0.28730217]
DXJS,[0.38575215]
