Name,Riskiness R
SMH,[0.17673123]
XT,[0.18733297]
LIT,[0.35514678]
ROBO,[0.40555306]
PICK,[0.41140811]
