Name,Riskiness R
PPA,[0.09770105]
ITA,[0.10629303]
XLI,[0.10947738]
IYJ,[0.12067436]
FIDU,[0.12373675]
