Name,Riskiness R
BSCJ,[2.73482041e+12]
BSCK,[7.6188445e+11]
BSCL,[1.99868061e+12]
BSCM,[3.29260635e+12]
IBCD,[2.36649989e+11]
IBCE,[2.86843512e+11]
IBDC,[8.87794194e+11]
IBDD,[8.23310567e+10]
