Name,Riskiness R
AAXJ,0.6121422225976442
ACWX,250017311632.7589
ADRA,6.369201760239994
AIA,0.2626354185089106
AXJL,1.029032193529591
AXJV,0.0034034213042037605
CHIQ,0.00017220164321270117
CWI,0.00016661214189046483
DBAP,1.5373680641053025
DNL,0.8669515680306028
EEMA,0.4922066154067688
EMCG,878096731069.8896
FPA,0.00017416505306676994
FPXI,0.00016707484948093857
GEM,2.2070901541955488
HEEM,0.00020461063787417485
IEMG,0.8251843890355189
IHDG,0.0001795010353263153
IPOS,306875504099.95447
IQDE,0.00020246205327244715
IQDY,261603980872.2533
MOTI,51350124558.02242
PAF,0.488064240908011
QEMM,0.00016668883807297532
REMX,0.7464407951518551
VEU,185801941431.2135
VXUS,0.00016686569527938613
XSOE,0.49027698929329294
