Name,Riskiness R
MORL,[0.65205861]
DRN,[0.98234139]
URE,[1.05765821]
KBWY,[1.5132137]
REZ,[1.62051854]
