Name,Riskiness R
BTAL,[1.42394744e+12]
CHEP,[2.62156687e+12]
CPI,[1.98107722e+12]
FLAG,[1.8991663e+11]
FMF,[2.378413e+12]
HDG,[0.23923499]
MCRO,[3.22929479e+12]
MNA,[3.19530782e+12]
MOM,[3.29932301e+12]
MRGR,[1.3220729e+12]
QAI,[1.2271021e+12]
QMN,[9.52298266e+11]
RALS,[4.68002842e+12]
RLY,[2.55933012e+12]
SIZ,[1.72415207e+12]
WTMF,[2.15856645e+12]
