Name,Riskiness R
EEB,[0.13981667]
PXH,[0.14306581]
FNDE,[0.1542566]
BKF,[0.17583863]
DEM,[0.18443698]
