Name,Riskiness R
AMJ,0.6452201128288577
AMLP,5821939537552.905
AMU,0.6306039476276374
AMZA,2.3972972728035584
ATMP,0.31729628328324416
CRAK,0.00017818018005826648
DDG,22457290372294.934
DIG,0.39219388293206076
DRIP,0.0020113257806595943
DUG,37299566936176.74
ENFR,0.2042650617671969
ENY,0.29322130749669534
ERY,3.167185887496638
FAN,0.12904339496219583
FCG,214374051606.9937
FENY,0.19949059145371373
FILL,0.10854095209097403
FRAK,0.5239633976007234
FXN,0.36749265171046147
GASL,0.0018442836700368166
GEX,0.16642082766319435
GREK,4022916540281.9478
GRID,0.07005012355920669
GUSH,0.001831638794090228
ICLN,721184143050.1655
IEO,0.2433964035428851
IEZ,1.427145504563027
IMLP,0.4548539001820211
IXC,0.11906492963699573
IYE,0.19217515606910063
KOL,0.14322915356052335
MLPA,0.6417646145298194
MLPC,0.6110033580932319
MLPG,0.24999345086843933
MLPI,0.7930871213218957
MLPO,0.5631240904749631
MLPY,1.373078550361559
NLR,0.11256004180067387
OIH,7.091746962821115
PBD,0.1956696625857182
PBW,0.18921113271908918
PSCE,1.4797294227912248
PUW,0.14209358732277408
PXE,0.37345886567351766
PXI,0.3689687011174381
PXJ,3910734777485.328
PZD,0.05456073574802169
QCLN,0.0920393887324661
RYE,0.2699317266571946
TAN,6376676889866.033
VDE,0.18544020388849006
XES,2.5701819744127734
XLE,0.1812562195476854
XOP,0.36781555965633894
YLCO,0.13740992230221116
YMLI,0.43970454211287346
YMLP,1.3085233717200657
ZMLP,3233054307646.37
