Name,Riskiness R
AAXJ,1112577638044.0808
ACWX,1784860470872.8289
ADRA,0.00017214282030146065
AIA,829290600084.3337
AXJL,317163604441.2256
CHIQ,3443442297103.816
CWI,0.00016661214191429353
DBAP,2437208162150.118
DNL,1968757618501.3481
EEMA,1319916935748.5117
EMCG,3084594005107.343
FPA,2409307771978.298
IEMG,921106317820.0276
IQDE,0.00018292605257102666
IQDY,2446604790007.2393
PAF,1880398905962.8652
REMX,4057828769933.567
VEU,1748253581150.9321
VXUS,0.00016686569577386705
