Name,Riskiness R
WOOD,[0.08885626]
FXZ,[0.10469726]
CUT,[0.10829931]
ITB,[0.11893302]
CROP,[0.11924819]
