Name,Riskiness R
IBDP,0.0006265586845901304
IBDQ,0.0006301676363934739
BSCO,0.001239270863599442
IBDO,0.00200150723471136
IBDC,0.010634224360189196
