Name,Riskiness R
FMB,3040670003121.936
ITM,88.29736336095343
MLN,0.0029091259452700925
MUB,2675982693203.011
MUNI,3693785837184.9194
PRB,1743398734230.4785
PVI,4.033929038673638e-05
PZA,9.869110451168297
RVNU,0.0011588302751593207
SHM,1260311947612.6323
SHYD,0.0008655372903988868
SMB,1312891893418.251
SMMU,2220990317385.2466
SUB,1.7538023187996516e-05
TFI,3181808204470.55
