Name,Riskiness R
SUB,[0.00884506]
FMB,[0.01513433]
SHM,[0.01547279]
SMB,[0.01948963]
SMMU,[0.01964297]
