Name,Riskiness R
SVXY,[0.50005199]
TVIX,[1.35410896e+13]
UVXY,[1.217066e+13]
VIIX,[1.83712039e+13]
VIXM,[5.36577777e+12]
VIXY,[6.45575753e+12]
XVZ,[9.76811988e+11]
ZIV,[0.27835782]
