Name,Riskiness R
MINT,[0.00125337]
NEAR,[0.00213305]
ULST,[0.00293237]
RAVI,[0.00305852]
HOLD,[0.00359518]
