Name,Riskiness R
CHIM,2.6141432771749966
COPX,1.1896561813126956
CROP,145032485918.06323
CUT,0.9082123640024401
DUST,0.002407414510679608
FLM,776713195258.2996
FMAT,1.8545340093466303
FTAG,11977632192397.377
FTRI,3511941615093.4683
FXZ,0.4450012371610398
GDX,3.361627216588865
GDXJ,0.9847879997192128
GDXS,0.011036201140808905
GDXX,0.0018433631169587966
GNR,333274846445.98047
GOEX,0.6750885109870822
GRES,0.00018657335716784084
GUNR,663603407541.9221
HAP,0.00016610993731704918
HOML,0.022285153746512215
IGE,4005160783888.608
ITB,0.2936258530343076
IYM,3.9673269466923906
JDST,0.002883650289504314
JNUG,0.0024067337245112547
LIT,0.34393018704080824
MOO,0.0001797537164827927
MXI,4.451680426416121
NUGT,0.0026141499540090233
PAGG,2590707498109.464
PICK,2.0202998003143233
PKB,1.3689052268113548
PSAU,4.972945647514014
PSCM,0.93141597119841
PYZ,0.9432144692305199
REMX,1.6590523490356697
RING,3.0384015487990514
RTM,1.3294831333557207
SBM,7106692815586.924
SGDJ,2.3431846533569956
SGDM,5.775533330022242
SIL,2.2087882087882362
SILJ,0.6949767107843067
SLVP,1.9962824271553696
SLX,0.4802036702076654
SMN,8839032402240.521
SOIL,2073784148872.644
URA,3562817643165.126
UYM,0.5752030087392229
VAW,1.5671690974120867
VEGI,1469198880667.2427
WOOD,0.24287704369343407
XHB,854763747945.7117
XLB,3039691660.7301903
XME,0.7731811642796523
