Name,Riskiness R
IGM,[0.05107886]
XLK,[0.05249632]
RYT,[0.0545448]
VGT,[0.05642111]
PSJ,[0.05686885]
