Name,Riskiness R
PGHY,[0.03016699]
RIGS,[0.03533898]
ANGL,[0.04426595]
CJNK,[0.04807135]
PHB,[0.06686069]
