Name,Riskiness R
EMLP,[0.2889908]
GRID,[0.3692124]
FAN,[0.37568801]
PZD,[0.52675418]
NLR,[0.54124161]
