Name,Riskiness R
IHI,[0.05687573]
XHE,[0.08905872]
PSCH,[0.10266619]
XLV,[0.11531151]
RYH,[0.12114741]
