Name,Riskiness R
IHI,[0.17445649]
XHE,[0.24429911]
PSCH,[0.27673813]
BBP,[0.48764582]
CURE,[0.87718956]
