Name,Riskiness R
KCNY,[0.20040448]
AGZD,[7.03824276e+11]
ISTB,[8.02392179e+11]
ILTB,[8.74408821e+11]
BND,[1.02010255e+12]
