Name,Riskiness R
CHIM,2.109346809332484
COPX,1099815059637.8083
CROP,0.0001899245216670194
CUT,4438235624458.631
DUST,0.002407414510679608
FLM,0.00016843642362763866
FMAT,814118667029.7124
FTAG,21680801437580.098
FTRI,22110835564315.867
FXZ,185326275093.24826
GDX,766449058140.9451
GDXJ,152105215590.58453
GNR,2798040972241.788
GOEX,1.362514740610514
GRES,0.00018657335716784084
GUNR,3773544538628.722
HAP,0.00016610993727711443
IGE,3622736717297.6685
ITB,1.6800727076188882
IYM,3582983622945.127
JDST,0.002883650289504314
JNUG,0.002050907761469348
LIT,1885104171578.345
MOO,0.0001797537164827927
MXI,1338717434415.0164
NUGT,0.002614613335392365
PAGG,3646525878695.2373
PICK,2120312365047.9001
PKB,1.6775775360646452
PSAU,1971806569907.5918
PSCM,483964095591.5819
PYZ,763825685389.1262
REMX,5332953306513.144
RING,2567384105675.129
RTM,1334585270973.54
SBM,5520107915825.045
SIL,905799105525.812
SILJ,50.64531992111798
SLVP,917440987201.538
SLX,1101255247069.0752
SMN,9538851911397.297
SOIL,1134431834046.4922
URA,5252607296808.206
UYM,1071891228344.6791
VAW,2188422669189.4253
VEGI,1681777272505.0493
WOOD,648809285633.8248
XHB,645345141156.2974
XLB,629132563913.6685
XME,7793781501508.268
