Name,Riskiness R
GOEX,[1.36251474]
PKB,[1.67757754]
ITB,[1.68007271]
CHIM,[2.10934681]
SILJ,[50.64531987]
