Name,Riskiness R
CROP,[0.10729544]
PKB,[0.14900588]
ITB,[0.17573415]
RTM,[0.20587141]
FXZ,[0.21951813]
