Name,Riskiness R
CRAK,[0.09057956]
KOL,[0.11643187]
FILL,[0.22677364]
TPYP,[0.2403234]
PZD,[0.27305624]
