Name,Riskiness R
GRID,0.00016725459720774033
DDG,0.0001722322007489988
FAN,0.000197461975436775
EMLP,0.0001993932480649091
CRAK,0.00020461002242231895
