Name,Riskiness R
SUB,[0.01170561]
FMB,[0.01407207]
SHM,[0.01502144]
MUNI,[0.02063191]
MUB,[0.02080833]
