Name,Riskiness R
DFJ,[0.06214036]
DLS,[0.06627202]
SCJ,[0.06871801]
FNDC,[0.06950102]
PDN,[0.08107927]
