Name,Riskiness R
KBWP,[0.10211417]
RYF,[0.1241806]
XLF,[0.13764264]
QABA,[0.19854185]
KIE,[0.20357625]
