Name,Riskiness R
DGL,0.0001733118366664595
DGLD,11999355071127.918
DGP,753470348581.355
DGZ,0.0001785353757965786
DZZ,8122470619740.617
GLD,0.00018321940545114543
GLL,10036696694139.219
IAU,0.00018445291841975901
OUNZ,0.00018080639983367207
SGOL,0.00018235798610584088
UBG,767017531837.4993
UGL,3929460632497.303
UGLD,619609076014.6161
