Name,Riskiness R
BSCJ,[1.71472052e+12]
BSCM,[0.0773799]
IBCD,[0.00774048]
IBCE,[0.01537775]
IBDC,[0.0062765]
IBDD,[1.20908215]
