Name,Riskiness R
CRAK,[0.12693848]
PZD,[0.19382781]
GRID,[0.22677785]
KOL,[0.25550681]
FILL,[0.9761278]
