Name,Riskiness R
AADR,[0.06575004]
LIT,[0.0868058]
SOCL,[0.09723816]
FONE,[0.10281527]
FPXI,[0.10373847]
