Name,Riskiness R
BIL,0.00010695811109471217
DFVL,0.000183994015713075
DFVS,662100533395.8148
DLBL,0.0001959367247822403
DLBS,2513241981607.2715
DTUL,0.00019790844564609254
DTUS,0.00025499661056203833
DTYL,1418841766078.6736
DTYS,236920141103.3137
EDV,599691172356.9258
FLAT,0.00022476510266864104
GOVT,2001331077291.6973
IEF,0.0007917540626860511
IEI,1494781429217.904
ITE,2519678514750.874
PLW,0.0002776695772228968
PST,0.0007319741850103806
RISE,3088992355762.2188
SCHO,2.1204188114769844e-05
SCHR,1574397271985.075
SHV,0.00013877723301511128
SHY,1.9702147232296835e-05
SPTL,1319043877086.9714
SPTS,1861424200663.861
STPP,0.0001663463496748195
TAPR,10582879995019.53
TBF,0.0003356624761781786
TBT,10053286911873.908
TBX,3857068297982.051
TLH,0.0003385650092725037
TLT,1231118718878.9487
TMF,12.308066541996636
TMV,14582067212922.021
TTT,12823771500394.715
TUZ,1182317303854.2065
TYBS,0.0003544905764027236
TYD,1769860634723.2544
TYNS,0.00027620022642244654
TYO,0.00022078559318678028
UBT,716619997233.19
UST,0.00017989629580503663
VGIT,4317121368156.8516
VGLT,0.0001687736549817321
VGSH,1.8517745335165388e-05
ZROZ,163620232217.1145
