Name,Riskiness R
AIRR,[2.03750597]
CGW,[8.66313716e+11]
CHII,[1.3715538]
EXI,[9.34679723e+11]
FIDU,[1.16982125e+11]
FIW,[3.25137352e+11]
FXR,[3.76095239e+11]
IEV,[2.1621514e+12]
ITA,[0.34352165]
IYJ,[2.23982238e+10]
IYT,[3.78127181e+11]
PHO,[3.37947602e+12]
PIO,[7.38292427e+12]
PPA,[0.360056]
PSCI,[2.0420414]
RGI,[1.57217744e+09]
SEA,[1.89963212e+13]
SIJ,[3.45195335e+12]
UXI,[0.43069967]
VIS,[2.70836814e+10]
XAR,[0.3776764]
XLI,[21.28604078]
XTN,[2.5851063e+11]
_PRN,[9.05606733e+11]
