Name,Riskiness R
GSY,[0.00209119]
ICSH,[0.00500215]
IGSB,[0.00572888]
VCSH,[0.01143847]
SLQD,[0.01362794]
