Name,Riskiness R
SVXY,[0.71708781]
ZIV,[0.90584986]
XVZ,[2.50988214e+12]
VIXM,[5.12064593e+12]
VIXY,[6.31448313e+12]
