Name,Riskiness R
IFV,[0.46896548]
EDC,[5.69401632e+09]
FONE,[5.51616668e+11]
FNDE,[7.16232293e+11]
EEM,[7.40346036e+11]
