Name,Riskiness R
SVXY,0.002452268833441212
TVIX,2.9917433487946683
UVXY,2.4129132587189255
VIIX,7.985963740023436
VIXM,18748718764407.3
VIXY,2.8880736745297138
XVZ,12283070339478.834
ZIV,0.24567975950843213
