Name,Riskiness R
ZIV,[0.24567976]
SVXY,[0.71983277]
UVXY,[2.41291326]
VIXY,[2.88807367]
TVIX,[2.99174335]
