Name,Riskiness R
AADR,[0.05888619]
SOCL,[0.0688286]
FONE,[0.0920261]
FAN,[0.0968218]
VIDI,[0.11172194]
