Name,Riskiness R
AIRR,[0.24622955]
CGW,[0.4102661]
CHII,[0.40526318]
EXI,[0.17988858]
FIDU,[0.12445959]
FIW,[0.17320769]
FXR,[0.21542999]
IEV,[6.12447148e+11]
ITA,[0.10654878]
IYJ,[0.11575933]
IYT,[0.15616588]
PHO,[6.21887496e+10]
PIO,[5.57645526e+11]
PPA,[0.09962067]
PSCI,[0.18491474]
RGI,[0.12380877]
SEA,[1.26309039e+12]
SIJ,[3.62680273e+12]
UXI,[0.22684882]
VIS,[0.12623384]
XAR,[0.13785755]
XLI,[0.11195117]
XTN,[0.17603339]
_PRN,[0.37120588]
