Name,Riskiness R
AIRR,205759471795.91483
CGW,0.0001999105412321406
CHII,34242969407.44651
EXI,0.00017349482242802678
FIDU,140734729429.47345
FIW,627440007260.511
FXR,360823792106.6313
IEV,2022803721136.2422
ITA,0.00019684648714036999
IYJ,92271661620.42151
IYT,106036784356.96094
PHO,1637263787021.4849
PIO,2384129599709.0215
PPA,0.00019368460445426893
PSCI,125612724366.23097
RGI,0.00016697458235805551
SEA,4085720194381.4346
SIJ,3473212168986.8545
UXI,0.4724687232167883
VIS,165813793271.4602
XAR,0.0001890973190931119
XLI,0.0001753703206143713
XTN,1.7522551627518523
_PRN,982792625189.9375
