Name,Riskiness R
BTAL,[5.65063401e+12]
CHEP,[5.95677492e+12]
CPI,[2.89306715e+12]
FLAG,[7.89164423e+09]
FMF,[2.67330731e+12]
HDG,[0.24009293]
MCRO,[2.75870398e+12]
MNA,[9.26115929e+11]
MOM,[3.53459783e+12]
MRGR,[1.39891956e+12]
QAI,[1.41351659e+12]
QMN,[3.81294776e+12]
RALS,[3.85402843e+12]
RLY,[7.03159544e+12]
SIZ,[2.40876167e+12]
WTMF,[6.32869087e+11]
