Name,Riskiness R
BJK,[4.57505332e+12]
CARZ,[4.73107755e+12]
CHIQ,[0.74589052]
FDIS,[0.07919679]
FXD,[0.25073993]
INCO,[0.14597132]
IYC,[0.07112728]
PBS,[0.42326515]
PEJ,[0.15239413]
PEZ,[2.044864]
PMR,[7.38494428]
PSCD,[0.28250555]
RCD,[0.17657143]
RETL,[0.28982799]
RTH,[0.05633168]
RXI,[0.13290989]
SCC,[2.19623037e+13]
UCC,[0.13641273]
VCR,[0.07861672]
XLY,[0.08487474]
