Name,Riskiness R
ALTS,[629615.34709915]
BTAL,[3.15883021e+12]
CHEP,[5.73199753e+12]
CPI,[1.83300711e+12]
DIVA,[1.6110536e+12]
DIVY,[3.3764295e+12]
FLAG,[5.14279641e+11]
FMF,[4.78293141e+12]
FTLS,[3.02062078e+12]
HDG,[0.23377524]
MCRO,[4.6897998e+12]
MNA,[1.66656884e+12]
MOM,[3.14722918e+12]
MRGR,[2.54104678e+12]
QAI,[3.90605037e+12]
QMN,[1.6440763e+12]
RALS,[2.51212512e+12]
RLY,[8.7448305e+11]
SIZ,[1.88318481e+12]
WTMF,[3.82437642e+12]
