Name,Riskiness R
FONE,[0.143498]
SOCL,[0.16196055]
AADR,[0.16684355]
IFV,[0.18239125]
DBAW,[0.25510236]
