Name,Riskiness R
ENZL,[0.09187455]
DFJ,[0.11747657]
SCJ,[0.11805099]
FNDC,[0.18164474]
IDHQ,[0.18315512]
