Name,Riskiness R
DBO,326252517310.9651
DTO,1964191466271.5308
OLEM,8.581106275738652
OLO,7.110171376139777
SCO,128667.38623651554
SZO,1978007995081.1555
UCO,36.78077332047923
USL,1.9690995938148166
USO,1352796736995.9272
