Name,Riskiness R
REM,[0.14195434]
DRW,[0.15868249]
VNQI,[0.17361527]
TAO,[0.17598522]
SRET,[0.17771085]
