Name,Riskiness R
ACIM,0.00019400278483227063
ARKQ,0.3546007395275379
BJK,1241945425493.9849
CIL,0.00202141495414659
CIZ,0.0001749832667392476
CUT,94585326190.37943
DBAW,880336664338.1934
DEW,0.0001760793729951054
DGT,0.00016971752933764555
DNL,407974271776.64136
DOO,0.00017831831969513854
DUST,0.002407414510679608
EFAD,0.0001927829091121006
EFZ,0.00025518712517244677
EUMV,0.0001931253923781098
EXI,0.00017349502955457704
FAN,1.1908813392682336
FILL,8891550008794.316
FPA,157339169640.54034
FYLD,0.0001855509777701394
GEX,2458178647978.9956
GOEX,0.525138378832911
GRES,0.00018657335716784084
GRID,0.8125818021525607
HAP,0.00016610993727711443
IDHQ,0.0001790125225280442
IPKW,0.28927670049629567
IQDE,0.00018292605257102666
IQDY,524632979133.9188
ISRA,843880175106.7634
JDST,0.002883650289504314
LOWC,0.0001886662085070315
LVL,8159905389092.662
NLR,0.00019994251642924344
PBD,1486572389870.479
PIO,5205609429865.299
PIZ,0.000167500994616444
PSAU,0.9145820785075792
PZD,0.5515207130354665
QWLD,0.00020063139209779854
RING,0.9433472192228238
SEA,2729729776298.888
SILJ,0.5855369077110446
TOK,0.00019828337331466645
TOLZ,0.00019996244203376084
VEGI,1529060418795.387
YMLP,21171178128196.727
