Name,Riskiness R
BSCJ,[0.01850155]
BSCK,[0.02216023]
BSCL,[0.02837749]
BSCM,[0.03729766]
IBCD,[0.01365262]
IBCE,[0.02319212]
IBDC,[0.01204082]
IBDD,[0.02211791]
