Name,Riskiness R
IBCE,0.000995391234798265
IBDD,0.00109635664831396
IBCD,218903583383.25244
IBDC,817255817296.1215
BSCK,1040755338717.4536
