Name,Riskiness R
BJK,[0.49330295]
CARZ,[2.08266972e+12]
CHIQ,[0.86213254]
FDIS,[0.28313276]
FXD,[4.34051839e+11]
INCO,[0.34763119]
IYC,[0.42558274]
PBS,[4.14521035e+11]
PEJ,[6.06819484e+11]
PEZ,[1.20752888e+12]
PMR,[1.59022981e+12]
PSCD,[9.52795503e+11]
RCD,[9.78866272e+11]
RETL,[0.99722454]
RTH,[0.35896946]
RXI,[2.28842765]
SCC,[6.9040832e+12]
UCC,[0.23088913]
VCR,[0.29201499]
WBIA,[5.90850423e+12]
XLY,[0.20718854]
XRT,[1.47490252e+12]
