Name,Riskiness R
ERUS,[0.17582671]
XTL,[0.21702382]
FONE,[0.26393996]
WBIF,[0.31281166]
FCOM,[0.40309805]
