Name,Riskiness R
ACWI,0.0001704425154014451
ACWV,0.00026494153140892406
ACWX,2088316983110.9377
CGW,0.0001999105412321406
CWI,0.00016661214191429353
DBEF,820651960250.3164
DIM,0.00017777533961486512
DLS,0.00018431264394697317
DOL,0.00016611993963795967
DTH,0.0001663647763642793
DWM,0.00017009828164643158
DWX,10227773425349.707
EFA,0.0001703985936846905
EFAV,0.00023397801304222724
EFG,0.00017249310837003117
EFV,2022267306491.385
EWS,1966517795927.748
EZU,4169825014253.948
FDT,4067322644199.8354
FGD,0.00017836707304100792
FNDC,0.00017627052970601036
FNDF,1940994634560.3328
GDX,16.406592398003227
GDXJ,1.2876428718602146
GII,0.00019854139319878651
GNR,1257367058069.4543
GUNR,1032311473737.7932
GWX,1419425195764.9204
HEFA,381024549096.0003
IDLV,0.00019714355126671456
IDOG,3275013396872.721
IDV,2657909501302.734
IEFA,0.00017126012393373828
IGF,0.0002467496467413094
IHDG,1791045213133.5442
IOO,620433901698.0784
IQDF,0.00017346585713612893
IXC,8582067631107.055
IXG,3259677693149.095
IXJ,0.00020125568288268994
IXP,1329469672303.1785
IXUS,1746349003685.3057
JNUG,0.002050907761469348
JXI,0.0002213349189903066
KXI,0.0002026766998155199
LIT,1840674382512.7239
MOO,0.0001797537164827927
MXI,1272084046880.6663
NFRA,0.00022688063412421245
NUGT,0.002614613335392365
PDN,0.00017944106185883199
PICK,1800535884109.9434
PID,1386884310742.5488
PPH,0.0001744656639335168
PSP,1415912164926.8232
PXF,2628889387061.1445
ROBO,693188491389.273
RXI,0.00016650269764277969
SCHC,0.0001831044318670907
SCHF,0.00016948617667025126
SCZ,0.00018040598490751694
SDIV,0.0002148134616973569
SIL,3.426584395164497
SMH,0.16686651598666408
SPDW,0.00016874383984368627
TAN,8809404321801.963
TLTD,0.00017371829352769502
URA,5400052698719.722
URTH,600183582908.4424
VEA,0.0001678996170484833
VEU,1741476922232.8699
VSS,0.00016751637595760862
VT,0.00016994315028386045
VXUS,0.00016686569577386705
WDIV,0.00019351289629109181
WOOD,607332293381.0942
