Name,Riskiness R
UGE,[0.27436541]
PSCC,[0.59850502]
RHS,[0.82014449]
PSL,[1.88604963e+10]
IYK,[5.18966658e+10]
