Name,Riskiness R
AUSE,1741797147479.128
DBJP,1861983639332.72
DFJ,140313720700.53778
DIM,0.00017777533961486512
DLS,0.00018431264394697317
DOL,0.00016611993963795967
DOO,0.00017831831969513854
DTH,0.0001663647763642793
DVYA,2285248396710.752
DWM,0.00017009828164643158
DXJ,2896380171066.9385
DXJS,102839779043.79474
ENZL,4.04286563316453
EPP,557609135167.4946
EWA,983861443702.125
EWH,297227003205.59753
EWJ,771860300826.5391
EWS,2945431141086.6387
EWT,738939898935.455
EWV,10246782592993.432
EWY,2672531637614.4307
EZJ,555413123278.0981
FAUS,1324687876689.2126
FDT,956750915338.1652
FDTS,14255209531211.342
FHK,2241935665873.206
FJP,976954396694.1376
FKO,4890103742845.832
FNDC,0.00017627052970601036
FNDF,1861284388627.4556
FPA,1546404715121.456
GWX,1510441777265.0703
IDHQ,0.0001790125225280442
IDOG,4361624209178.2188
JPNL,1565133575016.9543
JPXN,0.00017201413538553482
KORU,2677551396953.884
PAF,2462697459096.6895
PDN,0.00017944106185883199
PXF,1802128661024.496
SCJ,253526340177.21918
VPL,1387576451806.6711
