Name,Riskiness R
SZO,[0.26350261]
DTO,[0.37565291]
SCO,[0.54643984]
KOLD,[0.6954754]
DDP,[0.71682902]
