Name,Riskiness R
ERUS,3588837948123.83
FCOM,0.00023217455411605323
FONE,0.5497184444598734
IXP,0.00022691849828411308
IYZ,0.00017940081008841564
LTL,65.34032671171326
VOX,0.00021903494043415037
WBIF,0.00023118027700522834
XTL,1.0993608988572106
