Name,Riskiness R
FPE,[2.99625704e+11]
IPFF,[1.00708818e+12]
PFF,[1.40197262e+12]
PFXF,[4.58699452e+12]
PGF,[1.81162075e+12]
PGX,[7.32085977e+11]
PSK,[3.75065691e+11]
SPFF,[5.02729129e+12]
