Name,Riskiness R
ITA,[0.09663469]
XAR,[0.09670991]
PPA,[0.10244201]
FIW,[0.14974819]
AIRR,[0.18017274]
