Name,Riskiness R
RTH,[0.08516373]
IYC,[0.09994347]
XLY,[0.10742753]
FDIS,[0.12068013]
INCO,[0.1224402]
