Name,Riskiness R
CHIM,0.5490548527108631
COPX,0.5647746665573793
CROP,302307916066.7502
CUT,0.5461836891689719
DUST,0.002407414510679608
FLM,84370719151.6239
FMAT,0.30586807306738717
FTAG,12991857263400.445
FTRI,1461250581456.1855
FXZ,0.23213856127458768
GDX,1.1383268131324853
GDXJ,0.6619413830100749
GDXS,0.01103578556374847
GDXX,0.007754313154950616
GNR,0.324516346520962
GOEX,0.647612503544023
GRES,0.0002775054976186372
GUNR,0.44421135372617887
HAP,0.00016610993731704858
HOML,0.02228468992440343
IGE,453085493040.9071
ITB,0.7662204672181293
IYM,0.30147475610873625
JDST,0.0028836502895043135
JNUG,0.0024067337245112547
LIT,0.22950095717663224
MOO,0.0001840133109797849
MXI,0.3191717502896121
NUGT,0.0026141499540090233
PAGG,1244001012076.804
PICK,0.39159010969152735
PKB,237777309041.85468
PSAU,1.284395166167985
PSCM,0.24562896117696292
PYZ,0.42205023999653235
REMX,0.5828052636289993
RING,1.0602041466563001
RTM,0.3553303384247683
SBM,0.00021016687037381457
SGDJ,1.490798912951858
SGDM,2.1552087284662447
SIL,1.5139656039176486
SILJ,0.5834833216837638
SLVP,0.7223332105224137
SLX,0.2347346515146063
SMN,13252661623076.996
SOIL,0.00019433009162900188
URA,3680593295264.5557
UYM,0.2880679820150697
VAW,0.3026682447898406
VEGI,0.00017127241538486006
WOOD,0.1681770087176424
XHB,1965137269739.3303
XLB,0.4629372381081722
XME,0.2509593657532126
