Name,Riskiness R
GUSH,0.0017800978792581275
DRIP,0.003083876686296011
GASL,0.003729515640799699
KOL,0.29492975507631125
PZD,0.3002454135869034
