Name,Riskiness R
EMIF,[3.2910318e+12]
FUTY,[0.97067029]
FXU,[2.71526951e+10]
GII,[7.59563472e+11]
IDU,[1.29409889]
IGF,[9.01773298e+11]
INXX,[2.3930675e+11]
JXI,[7.74174155e+11]
PSCU,[0.14816926]
PUI,[0.94967063]
PXR,[9.87345092e+11]
RYU,[2.81445893e+11]
SDP,[6.77231093e+12]
TOLZ,[3.96646398e+12]
UPW,[0.31455265]
VPU,[0.91847648]
WBIC,[7.60759678e+12]
XLU,[1.55570759]
