Name,Riskiness R
CIL,[1.06537915]
GOEX,[1.96481433]
EXI,[3.68783804e+11]
QWLD,[3.97110883e+11]
SILJ,[4.06408356e+11]
