Name,Riskiness R
SZO,[0.3079907]
DTO,[0.44726354]
KOLD,[0.55405381]
SCO,[0.66815175]
DDP,[0.74429575]
