Name,Riskiness R
CBND,[6.15278423e+11]
CORP,[2.40362367e+10]
GSY,[1.01364616e+12]
ICSH,[1.65835912e+12]
IGHG,[4.8086205e+12]
IGIB,[3.74038902e+12]
IGSB,[1.56268106e+12]
LDRI,[9.7590765e+11]
LQD,[33022951.56967992]
LQDH,[4.36032879e+12]
PFIG,[8.91343396e+11]
QLTA,[3.93323927e+12]
SLQD,[1.66645365e+12]
SPIB,[1.42183851e+12]
SPLB,[5.91368527e+11]
USIG,[3.25439608e+12]
VCIT,[2.85442956e+12]
VCLT,[5.41969476e+11]
VCSH,[9.15916912e+11]
