Name,Riskiness R
ICSH,1.8889867226122476e-05
IGSB,1.983086754814114e-05
GSY,2.4549251923964587e-05
VCLT,0.00033893471481034773
SPLB,0.00038872475858770954
