Name,Riskiness R
DFJ,[0.13898266]
SCJ,[0.18887252]
DLS,[0.26933503]
FNDC,[0.31517724]
DXJS,[0.39065355]
