Name,Riskiness R
ADRE,[1.40702847]
BICK,[1.411026]
PXH,[1.72892544]
VWO,[2.00230735]
SCHE,[2.14897016]
