Name,Riskiness R
ECON,[7.0428078e+11]
EMCG,[3.54829627e+11]
FSTA,[1.38729064e+12]
FXG,[8.62111148e+11]
IYK,[6.28085487e+11]
KXI,[1.06415495e+12]
PBJ,[1.00673913e+12]
PSCC,[1.42009151e+11]
PSL,[1.57348969e+11]
RHS,[7.71136062e+11]
SZK,[6.04616223e+12]
UGE,[0.78012206]
VDC,[7.61665675e+11]
WBID,[1.37290943e+12]
WBIE,[4.76906538e+12]
WBIL,[9.85515559e+11]
XLP,[6.78299433e+11]
