Name,Riskiness R
BSCJ,884423865816.8729
BSCM,4415059030.043681
BSCN,0.8852588854572222
BSCO,0.0012405971705918976
IBCD,0.017026706688679664
IBCE,0.03375524502947684
IBDC,0.01208901057450333
IBDD,1.2527693366625203
IBDK,1801000080463.27
IBDL,3710634280655.784
IBDM,1087313863067.7869
IBDN,11592127.477500064
IBDO,0.002005884753373074
IBDP,0.0006265586846279813
IBDQ,0.000630167641220609
