Name,Riskiness R
IBDC,[0.01208901]
IBCD,[0.01702671]
IBCE,[0.03375525]
BSCO,[0.41498982]
BSCN,[0.88525889]
