Name,Riskiness R
IBDP,0.0006265586846279813
IBDQ,0.000630167641220609
BSCO,0.0012405971705918976
IBDO,0.002005884753373074
IBDC,0.012089010574503347
