Name,Riskiness R
TAO,[0.29109825]
MORL,[0.44799088]
REM,[1.1856786]
DRN,[3.75954021]
URE,[25.17212223]
