Name,Riskiness R
FXSG,[248904.86390459]
BZF,[1.0041338e+11]
YCL,[4.20052013e+11]
URR,[4.51807408e+11]
INR,[5.1553101e+11]
