Name,Riskiness R
ERY,[1109.96426951]
GRID,[5.72530804e+11]
QCLN,[7.28793421e+11]
MLPX,[8.39373838e+11]
PXI,[9.30656079e+11]
