Name,Riskiness R
AAXJ,2.5509400999059992
ADRE,0.7057178571741423
AFTY,1188936320241.896
AIA,0.42392743833093977
ASEA,0.0001811014443617911
ASHR,2946845109897.9453
ASHS,6915547853049.385
ASHX,3824163424581.461
AXJV,0.0034034213042037605
CHAD,2021450383010.5308
CHAU,3605.281297690517
CHIE,370.2409363970631
CHII,1096328791096.3682
CHIM,0.4862871199840945
CHIQ,0.0001722016433032818
CHIX,330741940921.0342
CN,1792407398402.4175
CNHX,1987138983877.2397
CNXT,4422098626337.015
CQQQ,1.5415667083119626
CXSE,0.515317082083368
DBEM,386463538662.55634
DEM,0.6235614969374487
DGRE,701526229392.077
DGS,0.9681099321848544
ECNS,2200597629075.2256
EDC,0.7812735319194749
EDIV,5.64971641683966
EDZ,32538856112462.676
EEM,2.811210832310108
EEMA,0.992938689449692
EEMV,0.00017291861389195153
EET,0.689285809879281
EEV,2840998139603.176
EIDO,553428653713.6198
EMQQ,1.3593016711993304
EPHE,1908796066515.2563
EPI,0.6253110024458495
EUM,14394581704692.926
EWM,451491.01909533853
EWX,0.00016805856453559588
FCA,0.8496563196238454
FEM,0.5892326453997794
FEMS,0.6498542346879532
FNI,9313600090.393776
FXI,246685052625.1322
FXP,4399780055130.93
GMF,1.1796408130821585
GXC,2.3468105854383
HAO,335726736530.49426
IDX,935464569518.9854
INCO,0.36283159704466617
INDA,1.9131156512055811
INDL,0.671934846797275
INDY,0.00017914401481171805
INXX,2.119731370127971
KBA,704295.3614538086
KFYP,2.9270089918849913
KWEB,10.720755170817268
MCHI,1.8106625612405074
PEK,6638853805839.684
PGJ,529694836336.82104
PIE,1752973274184.4
PIN,0.00018078867569582173
SCIF,347821312431.6438
SCIN,273173889602.88446
SMIN,0.9880282539734278
SPEM,3.0236552263415173
THD,0.2509135582475298
VNM,3493708830610.9404
VWO,55528681254.67526
XCEM,0.0001923611706769172
XINA,4353687911875.7285
XPP,1.5849707736542795
YANG,18337380845521.41
YAO,14.380737158194167
YINN,0.018951903525246824
YXI,1640163148844.0693
