Name,Riskiness R
THD,[0.25091356]
INCO,[0.3628316]
AIA,[0.42392744]
CHIM,[0.48628712]
CXSE,[0.51531708]
