Name,Riskiness R
CROP,[0.24057558]
FDTS,[0.53263452]
PEX,[0.54600571]
FLM,[0.54680536]
DZK,[0.89854826]
