Name,Riskiness R
PZA,[0.0501313]
RVNU,[0.09330971]
MLN,[0.11256053]
ITM,[0.12310888]
TFI,[0.1397799]
