Name,Riskiness R
BTAL,1655825470308.3647
CHEP,0.00023154187704523856
CPI,1929826449582.0242
FLAG,0.00016923835226366225
FMF,0.00036801102758767467
HDG,0.24334335074890784
MCRO,848922575110.9398
MNA,907711894311.8846
MOM,0.00017345212725961346
MRGR,0.00022718927634847222
QAI,1307544419512.5684
QMN,3686541727313.739
RALS,3401592139915.0654
RLY,0.0003118208457941711
SIZ,1468751528176.8538
WTMF,655455927862.2135
