Name,Riskiness R
ECON,[1.01187899e+12]
EMCG,[3.6078544e+11]
FSTA,[5.9788227e+11]
FXG,[4.54288181e+11]
IYK,[1.31347126e+12]
KXI,[5.82174273e+11]
PBJ,[3.56771917e+12]
PSCC,[0.20152471]
PSL,[9.16074726]
RHS,[3.58947207e+11]
SZK,[1.82608082e+12]
UGE,[0.72203516]
VDC,[3.79061167e+12]
WBID,[4.23353426e+11]
WBIE,[1.16903526e+12]
WBIL,[5.12071625e+11]
XLP,[2.9428278e+12]
