Name,Riskiness R
SMIN,[0.59194796]
PEK,[0.69058752]
ASHR,[0.78713555]
INCO,[0.83214803]
KBA,[2.3734293]
