Name,Riskiness R
MOO,[0.0621997]
GRES,[0.07685036]
VEGI,[0.07713408]
WOOD,[0.07807413]
FXZ,[0.08068376]
