Name,Riskiness R
CARZ,2811546078694.64
CROP,0.0001899245216670194
DPK,781821373594.8417
DZK,5988664897134.591
EFO,20889156.305956945
EFU,3518005504242.997
FDTS,2472095819207.295
FLM,0.00016843651789822682
FTAG,9124494139627.682
FTRI,8864515111391.545
HGI,2282645468576.471
IDMO,6827778373753.263
IPO,1747814093876.8115
PAGG,900368498826.7036
PEX,0.00018944531430422447
SOIL,1149436868354.8625
