Name,Riskiness R
MNA,[0.02981244]
CPI,[0.04417205]
FLAG,[0.10378036]
HDG,[0.11723321]
QMN,[0.32483824]
