Name,Riskiness R
SHYG,[1.9494474]
PGHY,[3035.00228905]
UJB,[1.46126975e+11]
ANGL,[5.88415704e+11]
HYLS,[8.03888259e+11]
