Name,Riskiness R
PZA,[9.43762751]
ITM,[86.27988134]
SHYD,[1.03342414e+12]
SUB,[1.24498072e+12]
RVNU,[1.27590873e+12]
