Name,Riskiness R
FPE,[0.02227338]
PFXF,[0.03482997]
PFF,[0.04142945]
PGX,[0.04396623]
PGF,[0.04449362]
