Name,Riskiness R
PSCU,[0.07030652]
PUI,[0.08201257]
FUTY,[0.08215328]
VPU,[0.08762058]
XLU,[0.08816484]
