Name,Riskiness R
ACWI,0.0001704425154014451
ACWV,0.00026494153140892406
ACWX,1265652839877.7485
CGW,0.0001999105412321406
CRBN,0.00016788157729159898
CWI,0.00016661214191429353
DBEF,3464360975560.296
DIM,0.00017777533961486512
DLS,0.00018431264394697317
DOL,0.00016611993963795967
DTH,0.0001663647763642793
DWM,0.00017009828164643158
DWX,948852001842.5947
EFA,0.0001703985936846905
EFAV,0.00023397801304222724
EFG,0.00017249310837003117
EFV,1028860272227.662
EWS,2938515273201.956
EZU,489880761382.3328
FDT,134798591754.21217
FGD,0.00017836707304100792
FNDC,0.00017627052970601036
FNDF,977830403424.8525
GDX,4.353380018957092
GDXJ,0.9274520441798444
GII,0.00019854139319878651
GNR,589359997446.0149
GUNR,876570387590.3403
GWX,0.00017490648039007834
HEFA,2785528384312.758
HEZU,1482084004739.8438
IDLV,0.00019714355126671456
IDOG,1157993094023.7175
IDV,473719848415.3077
IEFA,0.00017126012393373828
IGF,0.00024674964674130167
IHDG,1075443791485.0057
IOO,205972672712.66425
IQDF,0.00017346585713612893
IQLT,0.00016713327393840842
IXC,1158273841439.084
IXG,0.96943649315938
IXJ,0.00020125570296078576
IXP,0.00030544879523048795
IXUS,701205453397.0667
JNUG,0.0024067337245112547
JPGE,0.00019065882326491063
JPIN,0.00019677196946370356
JXI,0.0002234701313856139
KXI,0.0002026766998155199
LIT,0.4213532261450526
MOO,0.0001797537164827927
MXI,365099643258.032
NFRA,0.00022688063412421245
NUGT,0.0026141499540090233
PDN,0.00017944106185883199
PICK,10.779514641885635
PID,1425254994237.9883
PPH,0.00017446573700100924
PSP,2.172889077471052
PXF,867409817446.853
QEFA,0.00018305451591398724
ROBO,0.13773156460272923
RODM,0.00017293776607047207
RXI,0.00016650269764277969
SCHC,0.0001831044318670907
SCHF,0.00016948617667025126
SCZ,0.00018040598490751694
SDIV,0.0002148134616973569
SIL,2.0543348795496414
SMH,0.13816271877694553
SPDW,0.00016874383984368627
TAN,10006161545173.902
TLTD,0.00017371829352769502
URA,5141231703266.156
URTH,119241561588.48206
VEA,0.0001678996170484833
VEU,1091359010907.185
VSS,0.00016751637595760862
VT,0.00016994315028386045
VXUS,0.00016686569577386705
WDIV,0.00019351289629109181
WOOD,0.29504606523205257
XT,0.00016731214753625912
