Name,Riskiness R
ALTS,[1.96855752e+12]
BTAL,[5.65125832e+12]
CHEP,[6.38940481e+11]
CPI,[1.67002338e+12]
FLAG,[0.08330294]
FTLS,[0.03571346]
HDG,[0.04350459]
MCRO,[2.61203581e+11]
MNA,[0.03848598]
MOM,[6.6827792e+11]
MRGR,[7.82295906e+10]
QAI,[1.36211218]
RALS,[3.24592891e+12]
RLY,[0.61894997]
SIZ,[6.6564979e+12]
WTMF,[1.65252191e+13]
