Name,Riskiness R
FTLS,[0.03571346]
MNA,[0.03848598]
HDG,[0.04350459]
FLAG,[0.08330294]
RLY,[0.61894997]
