Name,Riskiness R
SHV,[0.0020162]
BIL,[0.00526902]
VGSH,[0.05450729]
SCHO,[0.11057167]
IEI,[0.17325732]
