Name,Riskiness R
CARZ,[0.40401509]
CROP,[0.10586916]
DPK,[2.35401465e+12]
DZK,[0.42273575]
EDOM,[0.1725703]
EFO,[0.31026958]
EFU,[1.9461653e+12]
FDTS,[0.10717295]
FLM,[0.12657005]
FPXI,[0.10353708]
FTAG,[2.58021716e+11]
FTRI,[0.43026331]
GDXS,[5.17830963e+13]
HGI,[0.14524734]
HSCZ,[0.07947215]
IDMO,[0.24449461]
IPO,[0.10587884]
PAGG,[0.20539866]
PEX,[0.17352339]
ROGS,[0.0766287]
SCID,[0.15920261]
SMCP,[0.23267872]
SOIL,[0.20685424]
YLCO,[0.16893829]
