Name,Riskiness R
PSCU,[0.13207574]
UPW,[0.23914594]
VPU,[0.32206827]
FUTY,[0.33402069]
IDU,[0.35179896]
