Name,Riskiness R
SVXY,[0.3497449]
TVIX,[2.82831871e+13]
UVXY,[2.94657714e+13]
VIIX,[3.72684651e+13]
VIXM,[4.92598436e+12]
VIXY,[1.49328972e+13]
XVZ,[2.25665712e+12]
ZIV,[0.22868745]
