Name,Riskiness R
ZIV,[0.22868745]
SVXY,[0.3497449]
XVZ,[2.25665712e+12]
VIXM,[4.92598436e+12]
VIXY,[1.49328972e+13]
