Name,Riskiness R
UGLD,[3.87318024e+10]
IAU,[2.54296854e+11]
DGP,[2.77948892e+11]
UBG,[3.73411893e+11]
UGL,[6.28754732e+11]
