Name,Riskiness R
FMB,[3.02028456e+12]
ITM,[2.10120958]
MEAR,[1.95933676e+12]
MLN,[5.78436823e+12]
MUB,[2.95127218e+12]
MUNI,[2.45865671e+12]
PRB,[9.64602526e+11]
PVI,[2.11106618e+12]
PZA,[9.90300498]
RVNU,[1.78512173e+12]
SHM,[8.55601516e+11]
SHYD,[1.08015859e+12]
SMB,[9.47275084e+11]
SMMU,[1.3845946e+12]
SUB,[1.67235e+12]
TFI,[2.31571853e+12]
