Name,Riskiness R
BBH,1.3322106692416258
BIB,1.4467309680643947
BIS,477.20412303360365
CURE,0.5194496820491257
FBT,0.9215543645259396
FHLC,0.0001709392906900413
FXH,388266509047.7876
IBB,34.52497563546165
IHE,172946854707.4705
IHF,0.00019821152863802317
IHI,0.00019100806967515524
IXJ,0.00020125568288268994
IYH,4.07753674632062
PBE,826995806983.7075
PJP,1573603078151.7563
PPH,0.0001744656639335168
PSCH,0.47001800352872247
PTH,1002813301571.7985
RXD,11792882022762.465
RXL,0.4589531916777869
RYH,0.00017911209123699017
VHT,1.5728153168858514
XBI,0.48072038653395605
XHE,0.00017169258956896167
XHS,659434921524.6179
XLV,0.00019128741560055863
XPH,859433836584.8907
