Name,Riskiness R
XLK,[0.08537616]
QQQ,[0.09355869]
IGM,[0.09536192]
FTEC,[0.09635774]
RYT,[0.09679852]
