Name,Riskiness R
DXJS,[0.50669103]
DFJ,[1.78500914]
JPNL,[3.40025384]
DXJ,[4.86697877]
DBJP,[15.62092058]
