Name,Riskiness R
CROP,[0.11821582]
FXZ,[0.1256801]
CUT,[0.12865709]
ITB,[0.14732409]
MOO,[0.15325387]
