Name,Riskiness R
DUST,0.0016602564850168868
JNUG,0.0017009350990362941
RING,0.002219051530651101
CROP,0.10597913622599325
GDXJ,0.1430706852276247
