Name,Riskiness R
HYGH,[0.02436251]
HYLD,[0.10017756]
ANGL,[0.15771111]
UJB,[0.26732981]
HYHG,[29.00887058]
