Name,Riskiness R
ALTS,[0.94710027]
BTAL,[1.03097816e+10]
CHEP,[1.11253389e+11]
CPI,[0.02394833]
FLAG,[0.10252736]
FMF,[3.00995002e+11]
FTLS,[0.05832078]
HDG,[0.05373153]
MCRO,[0.06737272]
MNA,[0.02073071]
MOM,[2.45116371e+11]
MRGR,[0.26467635]
QAI,[0.10358564]
QMN,[0.0882445]
RALS,[6.43381272e+11]
RLY,[0.85642896]
SIZ,[2.97611563e+12]
WTMF,[1.20199622e+12]
