Name,Riskiness R
ALTS,0.000647757205027948
BTAL,1347047834634.2046
CHEP,6561165892657.383
CPI,2989540324093.303
DIVA,0.0006489331745163731
DIVY,1271621402106.9832
FLAG,0.0001933834829717394
FMF,0.0002514447498791533
FTLS,0.00023026342311409563
HDG,20274590.823748544
HTUS,1294626534850.6816
MCRO,0.0005259174102293188
MNA,2540922432162.619
MOM,0.0002137937858463753
MRGR,623771347629.3744
QAI,3589463394914.6865
QED,356777687544.077
QLS,0.0005028548684302768
QMN,828198277310.6155
RALS,2030408157764.1409
RLY,0.0002546136551670769
SIZ,5.051113844535873
VAMO,0.0002298872759535666
WTMF,0.03344176661697569
