Name,Riskiness R
SIZ,[5.05111384]
HDG,[20274580.0776237]
FLAG,[4.64571776e+10]
QLS,[3.05839002e+11]
QED,[3.53836644e+11]
