Name,Riskiness R
AADR,[0.07323307]
LIT,[0.09145569]
SOCL,[0.0962637]
FONE,[0.1032552]
FAN,[0.11360359]
