Name,Riskiness R
FMB,3191994532104.337
ITM,0.00221640171980788
MEAR,1.789246754673695e-05
MLN,0.0028881401067661406
MUB,1818682589904.4734
MUNI,2838964320950.186
PRB,4331376862627.479
PVI,4.0339300406316164e-05
PZA,9.814956544015821
RVNU,0.0011587019177688805
SHM,2272547102701.8423
SHYD,0.0008655372903502701
SMB,1286976542907.4324
SMMU,1335244820606.1313
SUB,1.7538023187996516e-05
TFI,2756682818047.0127
