Name,Riskiness R
SMH,[0.19249602]
ROBO,[3.98476362e+09]
IHDG,[2.43839825e+10]
HEZU,[3.49310891e+10]
KXI,[1.39844784e+11]
