Name,Riskiness R
DBO,[3.6156798e+12]
DTO,[0.57932859]
OLEM,[4.73194546e+12]
OLO,[2.78469812e+12]
SCO,[1.15299545]
SZO,[0.31251045]
UCO,[9.31532021e+12]
USL,[3.34257248e+12]
USO,[3.92068347e+12]
