Name,Riskiness R
SZO,[0.66575155]
DTO,[0.81237639]
SCO,[2.32938684]
OLEM,[3.33355316e+12]
USO,[4.16777314e+12]
