Name,Riskiness R
DGL,0.0001733118366664595
DGLD,4074400958882.6504
DGP,11326886478485.623
DGZ,0.0001785353757965786
DZZ,3783026118402.254
GLD,0.00018321940545114543
GLL,3730009435555.809
IAU,0.00018445291841975901
OUNZ,0.00018080639983367207
SGOL,0.00018235798610584088
UBG,977456069429.69
UGL,6440315454294.805
UGLD,3005271655747.0645
