Name,Riskiness R
ITM,0.00019403246158164955
PVI,0.0002584295964570419
PZA,0.0002589533233047733
TFI,0.00026052907907913507
MUB,0.0002774214594502979
