Name,Riskiness R
DGL,0.0001733118366664595
DGLD,17313067831975.482
DGP,607677284482.0975
DGZ,0.0001785353757965786
DZZ,14574878196329.559
GLD,0.00018321940545114543
GLL,14764773084489.344
IAU,0.00018445291841975901
OUNZ,0.00018080639983367207
SGOL,0.00018235798610584088
UBG,2418147611393.985
UGL,2475451888880.3833
UGLD,739731011082.1235
