Name,Riskiness R
DGL,[0.27190715]
DGLD,[1.38843636e+12]
DGP,[0.53037245]
DGZ,[4.26041134e+11]
DZZ,[1.12350454e+12]
GLD,[0.19969515]
GLL,[1.02771263e+12]
IAU,[0.19370234]
OUNZ,[0.20482133]
SGOL,[0.2017354]
UBG,[0.28864921]
UGL,[0.55817459]
UGLD,[0.87279716]
