Name,Riskiness R
GLD,[3.00660454e+11]
UGLD,[3.28739023e+11]
UBG,[4.02087505e+11]
SGOL,[1.26784142e+12]
IAU,[1.28366766e+12]
