Name,Riskiness R
IBDC,[0.01154362]
IBCD,[0.0133616]
IBDL,[0.01532609]
BSCJ,[0.01754964]
BSCK,[0.02136559]
