Name,Riskiness R
IBCD,[2.89631172e+11]
IBDC,[4.24313899e+11]
IBCE,[8.70079991e+11]
IBDD,[1.10803199e+12]
BSCK,[1.51039123e+12]
