Name,Riskiness R
TMF,[1.14172017]
UBT,[2.79217413]
SHV,[220.52609113]
ZROZ,[2.63268317e+11]
DLBL,[3.18088962e+11]
