Name,Riskiness R
BJK,[1.71396399e+11]
CARZ,[3.49756993e+11]
CHIQ,[0.50651958]
FDIS,[2.14753746e+11]
FXD,[1.00999198e+12]
INCO,[1.06214207]
IYC,[3.68195677e+11]
PBS,[7.38424389e+11]
PEJ,[3.21511507e+11]
PEZ,[8.71845326e+11]
PMR,[8.26157482e+11]
PSCD,[2.3302286e+12]
RCD,[7.73246685e+11]
RETL,[1.84338715]
RTH,[6.51587824e+11]
RXI,[5.6531853e+11]
SCC,[1.43642565e+13]
UCC,[0.90310716]
VCR,[8.1858376e+10]
WBIA,[1.04047087e+12]
XLY,[3.26101503e+10]
XRT,[5.36883408e+12]
