Name,Riskiness R
CHIQ,[0.50651958]
UCC,[0.90310716]
INCO,[1.06214207]
RETL,[1.84338715]
XLY,[3.26101503e+10]
