Name,Riskiness R
ERUS,[1.5968739]
FCOM,[3.63953719e+11]
FONE,[2.2875291]
IXP,[2.86000959e+12]
IYZ,[5.64844398e+11]
LTL,[8.04250778e+11]
VOX,[2.41511045e+12]
WBIF,[1.0272698e+11]
XTL,[1.73750139]
