Name,Riskiness R
GQRE,[0.11648934]
REM,[0.12696899]
MORT,[0.13984845]
DRW,[0.14714817]
REZ,[0.15098067]
