Name,Riskiness R
RHS,[0.04902365]
XLP,[0.06127234]
FSTA,[0.06253125]
VDC,[0.06478563]
FXG,[0.0719694]
