Name,Riskiness R
DBO,[7.44505517e+11]
DTO,[7.8215452]
OLEM,[1.77567972e+12]
OLO,[2.13055209e+12]
SCO,[58740.95820506]
SZO,[3.49274355e+11]
UCO,[9.00451138e+12]
USL,[1.15201875e+12]
USO,[1.30223017e+12]
