Name,Riskiness R
SZO,[0.73336139]
DTO,[1.47523777]
USL,[1.81514695]
OLO,[7.92580082]
SCO,[32012.70076614]
