Name,Riskiness R
EMIF,[2.9015685e+12]
FUTY,[0.63111974]
FXU,[13.14696469]
GHII,[0.44064211]
GII,[2.58416427e+11]
IDU,[0.77824727]
IGF,[4.31438882e+11]
INXX,[2.87056294e+11]
JXI,[1.22375972e+11]
PSCU,[0.18256772]
PUI,[0.47546601]
PXR,[0.76646719]
RYU,[1.04551043e+11]
SDP,[5.16478419e+12]
TOLZ,[3.12831691e+11]
UPW,[0.30595991]
UTES,[0.41845148]
VPU,[0.75177641]
WBIC,[5.19100388e+11]
XLU,[2.0490487]
