Name,Riskiness R
ACIM,0.00019400314040326813
BJK,8390448834687.133
CIL,0.0019424510751772255
CUT,6910234687029.658
DBAW,880212869432.3636
DEW,0.0001760793729951054
DGT,0.00016971752933764555
DNL,1742197623789.6064
DOO,0.00017831831969513854
DUST,0.002407414510679608
EFZ,0.00025518712517244677
EXI,0.00017349502955457704
FAN,200479989459.7309
FILL,5267767624597.73
FPA,1296023914008.3652
FYLD,0.0001855509777701394
GEX,1963011776000.5303
GOEX,0.7146737307285311
GRES,0.00018657335716784084
GRID,1608097492466.191
HAP,0.00016610993727711443
IDHQ,0.0001790125225280442
IQDE,0.00018292605257102666
IQDY,1984265602581.1628
ISRA,0.00017952583945826138
JDST,0.002883650462445285
LVL,3339386389062.326
NLR,0.00019994251642924344
PBD,1815936102524.31
PIO,2701883298227.296
PIZ,0.000167500994616444
PSAU,509578007567.35205
PZD,8737214742374.723
RING,21499370529.997826
SEA,4249684679489.3716
SILJ,1.111853941859262
TOK,0.00019828337331466645
VEGI,1595472558270.4312
YMLP,24366698298764.04
