Name,Riskiness R
TLTE,[0.77063438]
FEMS,[0.80259302]
DGS,[0.94690236]
DBEM,[1.08704232]
IEMG,[1.25729884]
