Name,Riskiness R
SZO,[0.18466998]
DTO,[0.29187988]
SCO,[0.39927903]
DDP,[0.43083585]
KOLD,[0.52734092]
