Name,Riskiness R
BTAL,0.00023419660592851775
CHEP,0.00023154187704523856
CPI,2863398294261.5596
FLAG,0.00016923835226366225
FMF,0.0005102357802250223
HDG,0.24673466399545868
MCRO,2398756839884.2646
MNA,934606631066.4368
MOM,0.00017345212725961346
MRGR,0.00022718927634847222
QAI,1131609070204.082
QMN,2336655680299.8657
RALS,3343719418321.1963
RLY,0.0003118208457941711
SIZ,5018512337942.948
WTMF,2311084603901.3525
