Name,Riskiness R
HDG,[0.24673466]
FLAG,[4.36151088e+11]
MOM,[5.40302111e+11]
MNA,[8.8091884e+11]
QAI,[1.12388103e+12]
