Name,Riskiness R
EDC,[4.61864302]
EDZ,[2.18889226e+08]
EET,[1.1112675e+11]
FNDE,[1.70403162e+11]
FEMS,[2.32854409e+11]
