Name,Riskiness R
AADR,0.0001726425552858304
FONE,0.12304763688572772
GDXJ,0.14424978025679636
IFV,0.21383070388582243
FIEG,0.2444548217482441
