Name,Riskiness R
AUSE,1628110589405.212
DBJP,889137394438.3193
DBKO,0.000175178847657261
DFJ,5.303583395882084
DIM,0.00017777533961486512
DLS,0.00018431264394697317
DOL,0.00016611993963795967
DOO,0.00017831831969513854
DTH,0.0001663647763642793
DVYA,1435999677208.7432
DWM,0.00017009828164643158
DXJ,869932707702.695
DXJS,2.47487438112634
ENZL,325500344641.39905
EPP,1545654245117.2827
EWA,6913182626381.957
EWH,417337931265.0432
EWJ,901366945423.7449
EWS,1777938506424.1038
EWT,2237740667643.2886
EWV,1161777712613.8132
EWY,3824399960387.304
EZJ,568243759026.9966
FAUS,447877114548.1426
FDT,2134448521219.869
FDTS,4125171972525.63
FHK,1418480182143.0364
FJP,1002756873254.9958
FKO,1915790159388.7876
FNDC,0.00017627052970601036
FNDF,5432867822328.473
FPA,1296023914008.3652
GWX,1368430930321.2747
IDHQ,0.0001790125225280442
IDOG,4236127212544.2173
JPNL,4.9328605296545645
JPXN,0.00017201413538553482
KORU,3508529705600.539
PAF,1886260278520.0247
PDN,0.00017944106185883199
PXF,786297971397.5945
SCJ,84331289497.15073
VPL,1144118529582.7544
