Name,Riskiness R
IHI,[0.06667127]
XHE,[0.07456561]
PSCH,[0.09618426]
IHF,[0.1099631]
RYH,[0.13167629]
