Name,Riskiness R
UBG,[0.27779269]
IAU,[0.29975975]
GLD,[0.31250964]
SGOL,[0.31930126]
OUNZ,[0.32276804]
