Name,Riskiness R
BJK,[0.51118438]
CARZ,[2.22751185e+12]
CHIQ,[0.40315452]
FDIS,[4.31988837]
FXD,[1.01200468e+12]
INCO,[1.58920489]
IYC,[4.18208944e+11]
PBS,[2.14503133e+12]
PEJ,[1.70770199e+12]
PEZ,[1.20365993e+12]
PMR,[1.80427679e+12]
PSCD,[5.50894571e+11]
RCD,[8.50661699e+11]
RETL,[76.4929309]
RTH,[5.93681109e+10]
RXI,[7.38173741e+11]
SCC,[7.83924669e+12]
UCC,[0.68273374]
VCR,[3.89015552]
WBIA,[6.89992662e+12]
XLY,[0.80486111]
XRT,[1.94125193e+12]
