Name,Riskiness R
XLY,[0.08510405]
FDIS,[0.09263853]
VCR,[0.09584194]
IYC,[0.09862569]
RXI,[0.10603755]
