Name,Riskiness R
FAN,[0.8421474]
PZD,[0.89664689]
GRID,[2.85899598]
DUG,[7.33773726]
ERY,[10.41736123]
