Name,Riskiness R
ACIM,0.00019177696666505172
ACWF,0.00017933778520206272
ARKQ,0.14869051429582944
BJK,0.3738647888829067
CID,0.00020207379694625705
CIL,0.00018475403327830432
CIZ,0.0001749832667392476
CNCR,1403090164336.5698
CRAK,0.00018076190725892775
CUT,0.8960753007587072
DBAW,640918105668.3142
DBEZ,707022677075.2355
DEW,0.0001760793729951054
DGT,0.00016801443562976503
DNL,3.530213825606435
DOO,0.00017910352585446588
DUST,0.002407414510679608
EFAD,0.00019276999802041482
EFZ,0.00026091365521073423
EUMV,0.00019312539237811103
EXI,0.00017349501609365992
FAN,0.0001974620094115037
FILL,0.593254816261185
FPA,0.00017416510350453027
FYLD,0.0001703027979018447
GEX,445911658263.781
GHII,0.4767245131774934
GOEX,0.5970915961636506
GRES,0.00027750549761477414
GRID,0.000167254635699067
HAP,0.00016610993731704858
HAWX,0.00019082594650637498
HDAW,0.00017048834350822092
IDHQ,0.00018863907499291175
IMTM,0.0001671832546871739
IPKW,0.00017414732046038025
IQDE,0.00020246205327244715
IQDY,633178082446.2332
ISCF,0.7628284018431469
ISRA,1792783893516.505
IVAL,0.0001870515680186411
JDST,0.0028836502895043135
KLDW,0.00017605758343347034
LOWC,0.00018866620850722235
LVL,0.8117952136119253
MOTI,174572116125.93304
NLR,237404860851.91257
PBD,958276890080.1919
PIO,1495232427431.3633
PIZ,0.0001713390112658936
PSAU,0.8291782444310553
PZD,0.17803290732458785
QWLD,0.00018322714087003238
RING,0.732283361936243
SEA,1801506876373.249
SGDJ,0.8633992415029699
SILJ,0.48112607246344896
TOK,0.0001983937040790931
TOLZ,0.0001999624420337609
VEGI,0.00017127241538486006
YMLP,10580799936678.719
