Name,Riskiness R
QWLD,[0.05075892]
CRAK,[0.05736837]
KLDW,[0.05759965]
LOWC,[0.06426935]
TOK,[0.06516998]
