Name,Riskiness R
HAP,0.00016610993731704858
IMTM,0.0001671832546871739
GRID,0.000167254635699067
DGT,0.00016801443562976503
FYLD,0.0001703027979018447
