Name,Riskiness R
SVXY,0.7064346630346161
TVIX,0.003547718190922092
UVXY,0.003035728888593267
VIIX,17434533735239.719
VIXM,6717143405940.524
VIXY,9553764219568.023
XVZ,4516217003364.095
ZIV,1.6199101691853903
