Name,Riskiness R
AGF,1059560781824.846
AGQ,4963761083532.882
BCM,0.00023030842015484237
BDD,0.0077170686645261855
BNO,9492043062928.146
BOIL,270.9939185061296
BOM,0.01165539156387115
BOS,0.005986723367069979
CANE,0.00019382522395774656
CORN,7728999060002.78
CPER,5606111216674.863
DAG,6286960279031.553
DBA,0.00021202569229400017
DBB,0.00023803496143954642
DBC,0.00017824353393518477
DBE,15563208381257.672
DBO,16702570394064.021
DBP,0.00018777522536143304
DBS,2774552150908.0225
DDP,0.32981854287031487
DGAZ,0.00277641390365651
DGL,0.00020741484216950875
DGLD,2008113629366.327
DGP,1498135728330.9001
DGZ,0.0001785353757965786
DJCI,0.0002514014317014817
DJP,0.0002229691071365004
DSLV,0.017657767209983223
DTO,0.41345910272017955
DYY,2.638954627941812
DZZ,1400558396771.4092
FTGC,0.0002728004649969852
FUD,3539030635297.801
FUE,0.012221466014985477
GCC,0.0003849135362466188
GLD,0.00022193633648746628
GLL,1449026156245.9673
GLTR,0.00017405320760807656
GRU,1691077224091.9326
GSC,14217334170718.877
GSG,12707828183347.266
GSP,16956471618479.035
IAU,0.00022330403148747977
KOLD,0.010504295268820412
LD,0.0026632736859301827
NIB,677062866391.4454
OLEM,17127631606418.367
OLO,20867055151699.613
PALL,3081215241896.971
PPLT,5350536575381.053
RJA,0.00021204772116969247
RJI,0.00021348024838398221
RJN,29460476522800.156
RJZ,0.00022255611782743797
SCO,0.5843264109644727
SGOL,0.00022143075049224008
SIVR,5813981330536.566
SLV,3824069200024.165
SOYB,0.0001716708657463971
SZO,0.31673692684369537
TAGS,943958704199.5547
UAG,585442.1959527449
UBG,5266307306058.268
UCI,8929207168455.441
UCO,161600463328.31934
UGA,18452960059895.82
UGAZ,0.003424289803051076
UGL,2666247365470.11
UGLD,1298407380381.9175
UNG,1821117746948.8457
UNL,25890301148870.273
USCI,0.00027371516210386864
USL,3952697739036.7627
USLV,3216.4997596564544
USO,23764554699032.61
USV,3381736115263.2104
WEAT,7295674340024.311
ZSL,732152368994.6252
