Name,Riskiness R
ARKW,[0.13577201]
PSI,[0.15599009]
IGV,[0.1893635]
SMH,[0.19211294]
XNTK,[0.19667602]
