Name,Riskiness R
ALTS,[8.8641474e+10]
BTAL,[5.50528553e+11]
CHEP,[1.16606654e+11]
CPI,[0.02839246]
DIVY,[0.03097522]
FLAG,[0.09792507]
FMF,[1.08634105e+12]
FTLS,[0.05127584]
HDG,[0.0467348]
MCRO,[0.04451129]
MNA,[0.01942782]
MOM,[0.88825185]
MRGR,[1.49250364e+11]
QAI,[0.04585208]
QMN,[0.06330522]
RALS,[6.87836245e+11]
RLY,[0.5556094]
SIZ,[2.10961576e+12]
WTMF,[4.52561866e+11]
