Name,Riskiness R
IBDC,[0.01009007]
IBCD,[0.01309965]
IBCE,[0.02486225]
IBDL,[0.06297208]
IBDD,[1.26123796]
