Name,Riskiness R
SZO,[0.21273442]
IAU,[0.3103723]
SGOL,[0.32544991]
GLD,[0.32688394]
OUNZ,[0.33277855]
