Name,Riskiness R
PZD,[0.09789715]
FAN,[0.13295451]
GRID,[0.1405276]
NLR,[0.24942719]
GEX,[0.43122795]
