Name,Riskiness R
CARZ,1094971794967.7817
CROP,0.0001899245216670194
DPK,3158423476467.747
DZK,3408495806490.3467
EFO,19680386.43592297
EFU,1418580506291.2239
FDTS,2853617418916.7446
FLM,0.00016843651789822682
FTAG,7714546241474.734
FTRI,1757705440834.189
HGI,5666486620291.078
IDMO,8631667881318.119
IPO,3247469998209.1865
PAGG,1953804108445.7925
PEX,0.00018944531430422447
SOIL,4891835194460.719
