Name,Riskiness R
PALL,[0.62153446]
LD,[0.70925548]
KOLD,[0.81873558]
BDD,[0.86638502]
DGAZ,[1.23796293]
