Name,Riskiness R
RHS,[0.05696791]
WBIL,[0.05801503]
XLP,[0.06240759]
IYK,[0.06288816]
FSTA,[0.06351019]
