Name,Riskiness R
NFLT,[0.0296172]
FWDB,[0.03613716]
FBND,[0.08872723]
FCOR,[0.11188431]
BYLD,[0.11449382]
