Name,Riskiness R
PSCU,[0.15404811]
UPW,[0.26758735]
FUTY,[0.49789572]
VPU,[0.5247022]
XLU,[0.54274095]
