Name,Riskiness R
ECON,828772551525.5189
EMCG,1328368929082.0642
FSTA,0.00022497160850672347
FXG,0.00019101650422739168
IYK,0.00021410041234598754
KXI,0.0002026766998155199
PBJ,0.00018112274606448624
PSCC,0.00026318193150576323
PSL,0.00021985668291152035
RHS,0.00023260500470211718
SZK,0.008231364399541481
UGE,0.42531512755392004
VDC,0.00022114722193524613
WBID,0.0002222928569620752
WBIE,0.00020028825550243097
WBIL,0.0002841398466261829
XLP,0.00022309258147216394
