Name,Riskiness R
ECON,[7.93916926e+11]
EMCG,[1.36742835e+12]
FSTA,[7.91500227e+11]
FXG,[3.65579757e+12]
IYK,[3.93296864e+11]
KXI,[3.29833337e+11]
PBJ,[6.81395794e+11]
PSCC,[0.29062463]
PSL,[1.30005409e+11]
RHS,[1.10040933e+12]
SZK,[8.90669044e+11]
UGE,[0.42531513]
VDC,[2.61169451e+11]
WBID,[4.21078986e+12]
WBIE,[2.28374398e+12]
WBIL,[2.26205335e+12]
XLP,[6.90189579e+11]
