Name,Riskiness R
THD,[0.1549054]
DEM,[0.30167525]
AIA,[0.37694633]
CHIM,[0.40486598]
FEM,[0.4060554]
