Name,Riskiness R
CHIQ,0.00017220440340458526
EEMV,0.00017291861389195153
EWX,0.0001759433633893569
ASEA,0.00018109629935386378
XCEM,0.0001923611706769172
