Name,Riskiness R
SCHZ,[5.43574753e+11]
ISTB,[8.81645764e+11]
KCNY,[9.18096869e+11]
RAVI,[1.11980126e+12]
ILTB,[1.13029909e+12]
