Name,Riskiness R
QWLD,[0.10608702]
IPKW,[0.13010417]
EXI,[0.16374165]
TOK,[0.16789798]
ACIM,[0.21354491]
