Name,Riskiness R
AAXJ,2932302466970.3564
ACWX,1916792246894.7485
ADRA,0.00017214282030146065
AIA,2404295576977.233
AXJL,1090372583445.7615
CHIQ,1246486049926.6858
CWI,0.00016661214191429353
DBAP,3716813204563.8066
DNL,4414583730687.896
EEMA,616338957401.4006
EMCG,2700357365867.249
FPA,666898894278.1202
IEMG,3640505497310.8193
IQDE,0.00018292605257102666
IQDY,1210668153699.198
PAF,2462697459096.6895
REMX,5929198483738.259
VEU,2650813542309.6333
VXUS,0.00016686569577386705
