Name,Riskiness R
ITA,[0.06058741]
PPA,[0.06160961]
XAR,[0.07839355]
IYJ,[0.08146352]
CGW,[0.08423991]
