Name,Riskiness R
HDG,[0.24208046]
FLAG,[18.39917209]
MNA,[2.52184669e+11]
WTMF,[6.54868632e+11]
CHEP,[1.31664688e+12]
