Name,Riskiness R
DRN,0.5884236687629802
DRV,3993667970786.325
DRW,1157473070808.0498
FFR,0.0002235725628419973
FRI,0.00019488664861875627
GQRE,0.00022223042698847693
GRI,0.0001998049063374273
ICF,0.00021158835885548338
IFEU,3245980982402.5312
IFGL,0.00020830143426683943
IYR,0.00024354729309199205
KBWY,0.00017003935244256767
MORL,0.40508598594932654
MORT,34585045221.99399
PSR,0.00017888087886997592
REET,0.00025510023372087644
REK,0.00019744499735976882
REM,2.6749259529897076
REZ,0.00018631420428822965
ROOF,0.00019620391922510903
RWO,0.00020315554730732148
RWR,0.00020204130144103457
RWX,4688584853467.473
SCHH,0.00020553822072816484
SRS,13606950122134.43
TAO,2.593964215649994
URE,0.48638513975769
USRT,0.0002156670350309737
VNQ,0.00020042347242073245
VNQI,0.00018399560744253798
WPS,0.00020578264141317068
WREI,0.00019437674137200698
