Name,Riskiness R
GQRE,[0.09850295]
REZ,[0.10072174]
PSR,[0.10481061]
IYR,[0.10928553]
ICF,[0.10970029]
