Name,Riskiness R
CBND,[2.06984222e+12]
CORP,[2.63774104e+10]
GSY,[1.04627943e+12]
ICSH,[1.87470348e+12]
IGHG,[6.13627703e+11]
IGIB,[1.05531573e+12]
IGIH,[2.15726503e+12]
IGSB,[1.88273215e+12]
LDRI,[2.11206389e+12]
LKOR,[1.67028916e+12]
LQD,[1.72850875e+12]
LQDH,[1.87065094e+12]
PFIG,[8.88722649e+11]
QLTA,[2.14105933e+12]
SKOR,[2.81670331e+12]
SLQD,[7.574181e+11]
SPIB,[3.16485207e+12]
SPLB,[6.62148927e+11]
USIG,[1.82288057e+12]
VCIT,[1.97070108e+12]
VCLT,[4.66332029e+12]
VCSH,[2.57669082e+12]
