Name,Riskiness R
AUSE,2518250464328.6577
DBJP,6.928631878767313
DBKO,0.000175178847657261
DFJ,54391309248.67179
DIM,0.00017777533961486512
DLS,0.00018431264394697317
DOL,0.00016611993963795967
DOO,0.00017831831969513854
DTH,0.0001663647763642793
DVYA,1239737482987.6582
DWM,0.00017009828164643158
DXJ,4.900035911027078
DXJS,0.5320586455087513
ENZL,1953697355963.0085
EPP,1743662664470.2627
EWA,8387799237100.172
EWH,789012901940.0405
EWJ,3466452769455.1553
EWS,7311228844288.99
EWT,1726477630868.7212
EWV,9316881913759.059
EWY,2280964051411.065
EZJ,765633355647.3784
FAUS,961889541913.8722
FDT,1537251951771.8125
FDTS,1073689377097.8472
FHK,2770799204033.998
FJP,1095497758061.4185
FKO,2106074271473.4849
FNDC,0.00017627052970601036
FNDF,2249841331658.546
FPA,1154733768353.6812
GWX,1425142524386.8174
HEWJ,222947074796.89563
IDHQ,0.0001790125225280442
IDOG,1671275997742.9092
JPNL,5.003888391928407
JPXN,0.00017201413538553482
KORU,11345346139911.393
PAF,1618130820075.1365
PDN,0.00017944106185883199
PXF,1801240829461.0356
SCJ,172269118962.89435
VPL,2124647790367.2207
