Name,Riskiness R
DXJS,[0.53205865]
DXJ,[4.90003591]
JPNL,[5.00388839]
DBJP,[6.92863188]
DFJ,[7.08742367e+10]
