Name,Riskiness R
KBWP,[0.04587762]
KIE,[0.06820595]
RYF,[0.07618989]
XLF,[0.0874057]
FXO,[0.09426631]
