Name,Riskiness R
TMF,[2.0063184]
SHV,[220.80458055]
TYD,[2.72166506e+11]
DLBL,[3.2977374e+11]
ZROZ,[4.19907355e+11]
