Name,Riskiness R
SHYG,[2.08863337]
PGHY,[3552.73257999]
ANGL,[9.72572257e+10]
CJNK,[3.45965045e+11]
UJB,[3.60484509e+11]
