Name,Riskiness R
FPE,[0.02227338]
IPFF,[0.17129267]
PFF,[0.04142945]
PFXF,[0.03482997]
PGF,[0.04449362]
PGX,[0.04396623]
PSK,[0.05757093]
SPFF,[0.06858085]
