Name,Riskiness R
DGL,0.00020741484216950875
DGLD,1594601178244.9893
DGP,627236095027.8438
DGZ,0.0001785353757965786
DZZ,4092771930812.8564
GLD,0.00022193633648746628
GLL,1107430372703.72
IAU,0.00022330403148747977
SGOL,0.00022143075049224008
UBG,481173857468.1033
UGL,2579333263228.34
UGLD,2893851724598.377
