Name,Riskiness R
DGZ,0.0001785353757965786
DGL,0.00020741484216950875
SGOL,0.00022143075049224008
GLD,0.00022193633648746628
IAU,0.00022330403148747977
