Name,Riskiness R
RTH,[0.08366293]
IYC,[0.09847845]
XLY,[0.10266224]
FDIS,[0.11572211]
INCO,[0.11840389]
