Name,Riskiness R
DIVY,[0.02686122]
MNA,[0.02717407]
CPI,[0.03247793]
QED,[0.04866952]
FTLS,[0.06198541]
