Name,Riskiness R
EMIF,[7.29435632e+11]
FUTY,[0.32241343]
FXU,[5.44988834e+09]
GHII,[0.50492423]
GII,[3.96573917e+11]
IDU,[0.4526855]
IGF,[1.23423823e+11]
INXX,[1.02064712]
JXI,[1.73744228e+11]
PSCU,[0.2512192]
PUI,[0.3236047]
PXR,[1.5635919e+11]
RYU,[0.92390625]
SDP,[5.6653583e+12]
TOLZ,[6.51821654e+11]
UPW,[0.25412677]
UTES,[0.29889336]
VPU,[0.3158311]
WBIC,[5.20836999e+11]
XLU,[0.50013024]
