Name,Riskiness R
SMH,[0.18270702]
HEZU,[1.89483177]
IHDG,[4.74770395]
ROBO,[6.04691455e+10]
WOOD,[2.32639647e+11]
