Name,Riskiness R
FPE,[6.49280003e+11]
PSK,[9.29316482e+11]
PFXF,[1.1216427e+12]
IPFF,[1.27961736e+12]
PGX,[2.16833854e+12]
