Name,Riskiness R
SZO,[0.37389349]
DTO,[0.95764272]
SCO,[4.81255288]
USL,[4.22019531e+11]
OLEM,[1.12418137e+12]
