Name,Riskiness R
AUSE,1.8552257714695308
DBJP,412056676129.4404
DBKO,0.00017723347836655064
DFJ,0.7919762059941453
DIM,0.00018200170975636617
DLS,0.0001843266786716893
DOL,0.00016611993963795967
DOO,0.00017910352585446588
DTH,0.0001663647763642793
DVYA,785040300313.7485
DWM,0.00017009828164643158
DXJ,854332458372.7487
DXJF,3227574339057.4033
DXJS,128293273227.04155
ENZL,0.3189569753428199
EPP,380672435102.91156
EWA,128522626577.18327
EWH,382128414289.69763
EWJ,0.00017031154080604443
EWS,518848751033.0282
EWT,0.3710310046173857
EWV,4951820418641.99
EWY,0.0001729900884241411
EZJ,2.7791677841038096
FAUS,1.0098674737964894
FDT,0.00017739121536543742
FDTS,161120910866.3145
FHK,972709525845.2643
FJP,1519336804434.8633
FKO,0.00020485694858017627
FNDC,0.00017627052970532392
FNDF,296440111798.0704
FPA,0.00017416510350453027
GSIE,0.00018470199658049343
GWX,0.00018397310896504723
HAUD,0.5252605434592186
HEWJ,2722726876546.69
HEWY,1.0220438575517332
HFXI,0.00020481495763594366
HFXJ,876841456609.2988
IDHQ,0.00018863907499291175
IDLB,0.00016844360170426164
IDOG,414166631065.5641
IPAC,0.0001709752967352643
ISCF,1.2404481345729632
IVAL,0.0001870515680186411
IVLU,0.00020147807001946687
JHDG,2838513261906.8853
JPIN,0.0001967721656188141
JPMV,0.0001859776436958729
JPN,604544725108.5665
JPNL,1.2668223215944203
JPXN,0.00017201119004811377
KORU,0.839383219344326
PAF,0.9162563864744849
PDN,0.00017944106185883199
PXF,1617388044904.2815
SCIJ,549847746056.5914
SCIX,233807771118.73944
SCJ,0.00016950970812003543
VPL,0.00016958076354625293
