Name,Riskiness R
AAXJ,22453998736.775703
ADRE,0.9336039427147683
AFTY,52478697436.53198
AIA,0.43578047863009695
ASEA,318699223245.7188
ASHR,1409521981298.152
ASHS,1650460903363.895
AXJV,0.0034034213042037605
CHAU,0.2133920036105263
CHIE,1664472575358.29
CHII,2077919696835.234
CHIM,1.2923664009420834
CHIQ,0.5727815172764039
CHIX,79827810433.01929
CN,3.119713714712638
CNXT,1883688755115.6401
CQQQ,0.29851333790924384
CXSE,0.2862713622473992
DBEM,1679499834431.4521
DEM,536759678156.3315
DGRE,1659749525623.094
DGS,3.6343455099010904
ECNS,2296328065798.9175
EDC,0.9771795774149523
EDIV,373272491846.8016
EDZ,286382426.96368414
EEM,112475053360.58575
EEMA,18.870864848593424
EEMV,337191035735.0984
EET,0.9270179943162594
EEV,9055810803362.16
EIDO,683107139940.983
EMQQ,0.25431939715056107
EPHE,2165845928106.2192
EPI,4.404056781569032
EUM,5645105573469.123
EWM,580532.4366781149
EWX,606549596165.5476
FCA,1.9415787734367325
FEM,1.0623556447603448
FEMS,0.563449029593462
FNI,0.5809701134125309
FXI,1631739724373.1362
FXP,4426411427456.783
GMF,2.2336594774714835
GXC,1.02009725102653
HAO,506683064055.761
IDX,1454916849447.4297
INCO,0.6037985818874514
INDA,0.00017137582178185917
INDL,1.5275940938566608
INDY,149194305385.41953
INXX,102422887798.52713
KBA,520960.0186999262
KFYP,0.7307199313560311
KWEB,0.2573128238034158
MCHI,6.113927128527039
PEK,1303022427933.5679
PGJ,0.309238634001878
PIE,525049956084.9304
PIN,425251757943.7826
SCIF,0.44847149711966605
SCIN,0.9563226191011094
SMIN,0.3233058976292792
SPEM,93883464044.90141
THD,102096372014.24641
VNM,583174158464.3092
VWO,242160052456.4803
XPP,4.665379323919134
YANG,5742529379.285135
YAO,2.7257007010046177
YINN,0.018693406450589135
YXI,5540081624453.338
