Name,Riskiness R
INDA,0.00017137582178185917
AXJV,0.0034034213042037605
YINN,0.018693406450589135
CHAU,0.2133920036105263
EMQQ,0.25431939715056107
