Name,Riskiness R
SZO,[0.45822893]
DTO,[0.71777722]
LD,[0.72081473]
KOLD,[0.79665812]
DDP,[0.93530645]
