Name,Riskiness R
AIRR,[0.22010387]
CGW,[0.08993176]
CHII,[0.37710837]
EXI,[0.09973406]
FIDU,[0.09781123]
FIW,[0.1147987]
FXR,[0.16897586]
IEV,[0.23227627]
ITA,[0.06732671]
IYJ,[0.08895595]
IYT,[0.30402476]
PHO,[0.3391432]
PIO,[0.29259998]
PPA,[0.06729221]
PSCI,[0.16319493]
RGI,[0.1084324]
SEA,[2.13622206e+12]
SIJ,[1.00241747e+13]
UXI,[0.18132476]
VIS,[0.10189533]
XAR,[0.08727216]
XLI,[0.09033501]
XTN,[0.27559008]
_PRN,[0.14424864]
