Name,Riskiness R
ITA,[0.14135236]
PPA,[0.1487219]
XAR,[0.18983067]
UXI,[0.22566396]
IYJ,[0.24932916]
