Name,Riskiness R
PPA,[0.06052891]
ITA,[0.06212655]
XLI,[0.07067063]
IYJ,[0.07135228]
CGW,[0.07470197]
