Name,Riskiness R
CBND,[2.05942676e+12]
CORP,[2.69541217e+10]
GSY,[1.43806281e+12]
ICSH,[1.14569263e+12]
IGHG,[1.96577481e+12]
IGIB,[2.60887507e+12]
IGIH,[1.63032525e+12]
IGSB,[1.66820399e+12]
LDRI,[4.69214911e+12]
LKOR,[1.75179742e+12]
LQD,[1.6181209e+12]
LQDH,[1.85662763e+12]
PFIG,[8.86950983e+11]
QLTA,[2.09092438e+12]
SKOR,[3.56846127e+12]
SLQD,[1.92753774e+12]
SPIB,[3.27326139e+12]
SPLB,[1.06135954e+12]
USIG,[2.22397031e+12]
VCIT,[1.45782852e+12]
VCLT,[2.4696162e+12]
VCSH,[2.71629429e+12]
