Name,Riskiness R
CBND,[0.03212189]
CORP,[0.02895095]
GSY,[0.00208824]
ICSH,[0.00425344]
IGHG,[0.02544744]
IGIB,[0.01814819]
IGIH,[0.06312409]
IGSB,[0.0053897]
LDRI,[0.03508773]
LKOR,[0.07972369]
LQD,[0.04318819]
LQDH,[0.01809847]
PFIG,[0.0278732]
QLTA,[0.03860147]
SKOR,[0.03933931]
SLQD,[0.01096931]
SPIB,[4.43644297e+10]
SPLB,[0.06780947]
USIG,[0.03044311]
VCIT,[0.0321453]
VCLT,[0.06404903]
VCSH,[0.0104779]
