Name,Riskiness R
DGL,0.0001733118366664595
DGLD,2852724026842.368
DGP,7015172690209.918
DGZ,0.0001785353757965786
DZZ,1291025548335.4424
GLD,0.00018321940545114543
GLL,1575111223030.864
IAU,0.00018445291841975901
SGOL,0.00018235798610584088
UBG,5216756208706.894
UGL,3188228972971.931
UGLD,4381843586580.0625
