Name,Riskiness R
DFJ,[0.05786487]
SCJ,[0.06245808]
DXJS,[0.11912332]
JPXN,[0.1303412]
FNDC,[0.15468097]
