Name,Riskiness R
BICK,0.00016670454919961276
EDZ,119777989.16763662
EDC,6669053366.702452
SPEM,984162563996.5016
EDOG,988243648813.5594
