Name,Riskiness R
ANGL,[6.38701639e+11]
CJNK,[1.80323128e+12]
GHYG,[1.01377411e+12]
HYG,[1.64347732e+12]
HYGH,[1.60015347e+12]
HYHG,[8.54151715e+11]
HYLD,[6.73784012e+12]
HYLS,[2.95266975]
HYND,[2.48889547e+12]
HYS,[0.70940174]
HYZD,[3.019902e+12]
JNK,[5.38334218e+12]
PGHY,[2641.1623508]
PHB,[1.82074582e+12]
RIGS,[2.65359554e+12]
SHYG,[584678.70836987]
SJB,[6.17863258e+12]
SJNK,[3.04156813e+12]
UJB,[3.19649762e+11]
WBII,[1.95322009e+12]
