Name,Riskiness R
HYS,[0.70940174]
HYLS,[2.95266975]
PGHY,[2641.1623508]
SHYG,[584678.70836987]
UJB,[3.19649762e+11]
