Name,Riskiness R
ZIV,[0.18895868]
SVXY,[0.92516076]
VIXM,[5.53538016e+12]
XVZ,[5.94716858e+12]
VIIX,[8.68893878e+12]
