Name,Riskiness R
UVXY,0.0030357288885927737
TVIX,0.0035477181783191494
ZIV,0.2884119751557564
SVXY,1.199683385752856
XVZ,6776155394326.662
