Name,Riskiness R
PSCU,[0.0728974]
FXU,[0.09263563]
RYU,[0.09391951]
FUTY,[0.10347723]
PUI,[0.1087398]
