Name,Riskiness R
BSCJ,[6.3186275e+11]
BSCK,[9.95863716e+11]
BSCL,[1.11488668e+12]
BSCM,[1.81695544e+12]
BSCN,[1.0850143e+12]
BSCO,[9.36723082e+08]
BSCP,[1.4586244e+12]
IBCD,[7.71808689e+11]
IBCE,[1.58953971e+12]
IBDC,[1.07479007e+12]
IBDD,[1.26017529e+12]
IBDK,[6.91050861e+11]
IBDL,[7.20668171e+11]
IBDM,[1.11079107e+12]
IBDN,[4.33204913e+12]
IBDO,[1.10173274e+12]
IBDP,[7.59820387e+11]
IBDQ,[5.74752319e+08]
