Name,Riskiness R
HYS,[0.56712088]
UJB,[1.19143187]
HYLS,[2.90142694]
PGHY,[2884.31512561]
SHYG,[495412.52518028]
