Name,Riskiness R
PXH,[0.18544278]
EEB,[0.18846495]
FNDE,[0.20234545]
BKF,[0.24032962]
DEM,[0.2693515]
