Name,Riskiness R
GASL,0.0037295156408405188
GRID,0.29369411592904343
PZD,0.389853783394076
FAN,1.0667535380405093
KOL,3.262728275524198
