Name,Riskiness R
HYS,[0.57323732]
UJB,[1.96985864]
HYLS,[2.82317532]
PGHY,[2861.95945172]
SHYG,[8.18318633e+09]
