Name,Riskiness R
EDZ,[1.34351313e+08]
EDC,[5.79788681e+09]
FNDE,[7.75499439e+11]
EMCG,[1.001283e+12]
EEMS,[1.05029011e+12]
