Name,Riskiness R
FLAG,0.0001933834829717394
MOM,0.0002137937858463753
VAMO,0.0002298872759535666
FTLS,0.00023026342311409563
FMF,0.0002514447498791533
