Name,Riskiness R
TMF,[2.48600405]
UBT,[1.21149587e+11]
DLBL,[2.97170143e+11]
TYD,[3.4578053e+11]
DTUL,[6.16875091e+11]
