Name,Riskiness R
BJK,[0.16655045]
CARZ,[0.24588648]
CHIQ,[0.14534384]
FDIS,[0.05218488]
FXD,[0.08739966]
INCO,[0.18370129]
IYC,[0.05738204]
PBS,[0.1647967]
PEJ,[0.11198141]
PEZ,[0.13839635]
PMR,[0.89131541]
PSCD,[0.16570733]
RCD,[0.10957198]
RETL,[0.39614339]
RTH,[0.05971892]
RXI,[0.06727773]
SCC,[6.36436322e+13]
UCC,[0.1122316]
VCR,[0.05185158]
WBIA,[0.78429742]
XLY,[0.05521689]
