Name,Riskiness R
BJK,[0.20622848]
CARZ,[0.21271238]
CHIQ,[0.14986874]
FDIS,[0.08456355]
FXD,[0.21337366]
INCO,[0.16263227]
IYC,[0.09140577]
PBS,[0.21592393]
PEJ,[0.15949492]
PEZ,[0.24377222]
PMR,[4.16322553e+11]
PSCD,[0.30807423]
RCD,[0.22421633]
RETL,[0.95109601]
RTH,[0.132365]
RXI,[0.09242014]
SCC,[5.73805569e+12]
UCC,[0.19746236]
VCR,[0.08785391]
WBIA,[0.97770057]
XLY,[0.077468]
XRT,[9.60484867e+11]
