Name,Riskiness R
SVXY,1.3182713003944357
TVIX,0.0035477181089535025
UVXY,0.0030357288885922698
VIIX,3199508025178.6904
VIXM,9510611744729.713
VIXY,10726659470948.361
XVZ,6055242131213.949
ZIV,142780513101.50238
