Name,Riskiness R
SVXY,[1.3182713]
ZIV,[9.96866069e+10]
VIIX,[3.31936621e+12]
XVZ,[4.37629859e+12]
VIXM,[6.95838914e+12]
