Name,Riskiness R
DGLD,0.01318182301850234
UGLD,1.317646632912119
DGP,1104554478481.146
SGOL,1173840325367.122
OUNZ,1208483427477.0784
