Name,Riskiness R
DRN,0.6458556458913955
DRV,5634499056570.929
DRW,1180383613225.3506
FFR,0.0002235725628419973
FRI,0.00019488664861875627
GQRE,0.00022223042698847693
GRI,0.0001998049063374273
ICF,0.00021158835885548338
IFEU,1080927273490.7607
IFGL,0.00020830143426683943
IYR,0.00024354729309199205
KBWY,0.00017003935244256767
MORL,0.3850259596350378
MORT,27.766636016757005
PSR,0.00017888087886997592
REET,0.00025510023372087644
REK,0.00019744499735976882
REM,2.55000864743984
REZ,0.00018631420428822965
ROOF,0.00019620391922510903
RWO,0.00020315554730732148
RWR,0.00020204130144103457
RWX,1368279784602.5781
SCHH,0.00020553822072816484
SRS,13694960423392.559
TAO,0.9529882127874005
URE,0.5502696521629182
USRT,0.0002156670350309737
VNQ,0.00020042347242073245
VNQI,0.00018399560744253798
WPS,0.00020578264141317068
WREI,0.00019437674137200698
