Name,Riskiness R
FONE,[0.16338436]
SOCL,[0.17206324]
AADR,[0.1772187]
IFV,[0.18703774]
DBAW,[0.25614531]
