Name,Riskiness R
ACWV,[0.06399317]
SMH,[0.11013281]
KXI,[0.1146714]
IHDG,[0.14308743]
RXI,[0.15531464]
