Name,Riskiness R
BZF,0.00020578254461896676
CEW,0.0004540180939912789
CNY,0.0004516904108490544
CROC,8951105042198.299
CYB,0.012024898504783969
DBV,1531678380955.189
DRR,2483198434844.262
EUFX,0.0005593506154410742
EUO,0.00018470987145309176
FXA,0.00024859515018369946
FXB,0.00020949001757439826
FXC,0.0008044836022667006
FXCH,0.00020421340577072924
FXE,0.0007017990293166692
FXF,0.001428533112486653
FXS,0.0004044819693290905
FXSG,231603.49897899613
FXY,0.00022117285157717488
INR,0.00019910721262906587
UDN,0.004451627457865302
ULE,0.00017652319144529992
URR,3501899473928.2896
USDU,0.00017022711638712453
UUP,0.002058908691264931
YCL,1256218201681.26
YCS,2189442337479.6477
