Name,Riskiness R
ANGL,[3.40138262e+11]
CJNK,[9.64864394e+11]
GHYG,[2.66994002e+12]
HYG,[4.07948545e+12]
HYHG,[4.72829511e+12]
HYLD,[5.52908142e+12]
HYLS,[4.43416093e+12]
HYND,[4.83554729e+12]
HYS,[3.04388313e+12]
HYZD,[3.88022411e+12]
JNK,[6.98020864e+11]
PGHY,[3404.66983721]
PHB,[1.02043887e+12]
RIGS,[2.77584773e+12]
SHYG,[2.0767287]
SJB,[5.39552817e+12]
SJNK,[6.79540608e+11]
UJB,[1.52551172e+11]
