Name,Riskiness R
BICK,0.00016670454919961276
EMQQ,0.2734492650924393
FEMS,0.5155380422837629
FEM,0.8010425121269589
EEB,0.8603129848008894
