Name,Riskiness R
IBDD,0.0010961507642093698
IBDN,24999.697217165725
BSCO,904309571.9332128
IBCE,855078463778.4246
IBCD,856022038913.287
