Name,Riskiness R
PGHY,[0.01963798]
SHYG,[0.03146541]
HYS,[0.03651453]
RIGS,[0.0382199]
ANGL,[0.04125495]
