Name,Riskiness R
AIRR,[0.11631472]
CGW,[0.07268319]
CHII,[3.37556732e+11]
EXI,[0.06530081]
FIDU,[0.06305921]
FIW,[0.06382227]
FXR,[0.09633512]
IEV,[0.15728425]
ITA,[0.05374376]
IYJ,[0.05761221]
IYT,[0.11414314]
PHO,[0.11755702]
PIO,[0.15295979]
PPA,[0.04958398]
PSCI,[0.10799763]
RGI,[0.06600178]
SEA,[9.89638543e+11]
SIJ,[2.23040795e+13]
UXI,[0.11913736]
VIS,[0.06760868]
XAR,[0.07254408]
XLI,[0.05710681]
XTN,[0.1337932]
_PRN,[0.07643254]
