Name,Riskiness R
KOL,[0.15765215]
CRAK,[0.17752965]
SOCL,[0.21635443]
LIT,[0.28853633]
SLX,[0.31566132]
