Name,Riskiness R
DGLD,[4.25143524]
DZZ,[1.45095157e+11]
GLL,[4.80658946e+11]
DGZ,[1.48251359e+12]
GLD,[1.84747035e+12]
