Name,Riskiness R
FPA,[0.21746874]
AIA,[0.24003525]
AAXJ,[0.33436368]
EEMA,[0.36605888]
DBAP,[0.36923073]
