Name,Riskiness R
FMB,2779745626719.84
ITM,91.18636068907693
MLN,0.002912657990837295
MUB,1887903929376.4983
MUNI,1924681557935.4739
PRB,1774982832925.6357
PVI,4.033927649820117e-05
PZA,9.354890518963185
RVNU,0.0011588302806868017
SHM,2350357142312.303
SHYD,0.0008655379790207252
SMB,1395735488184.7935
SMMU,1353036027351.4075
SUB,1.7538023187996516e-05
TFI,1623480123672.7505
