Name,Riskiness R
IBDC,[0.01066984]
IBCD,[0.01307881]
BSCJ,[0.01552145]
BSCK,[0.01784333]
IBDD,[0.02160182]
