Name,Riskiness R
BTAL,1440392872687.3838
CHEP,0.00023154187704523856
CPI,2873718229643.5576
FLAG,0.00016923835226366225
FMF,0.00036801102758764523
FTLS,0.0002742933742671061
HDG,0.23175392521543323
MCRO,3229295552116.94
MNA,2743671732198.3906
MOM,0.00017345212725961346
MRGR,0.00022718927634847222
QAI,1321432274075.8535
QMN,1858586998385.962
RALS,1489514655354.7727
RLY,0.0003118208457941711
SIZ,4706193969318.798
WTMF,3388519438708.045
