Name,Riskiness R
BTAL,[1.68110204e+12]
CHEP,[8.44370008e+12]
CPI,[3.03088813e+12]
FLAG,[7.08173626e+11]
FMF,[3.61371447e+12]
FTLS,[8.80727753e+11]
HDG,[0.23175393]
MCRO,[5.36077263e+12]
MNA,[2.82923496e+12]
MOM,[1.54715918e+12]
MRGR,[1.33559609e+12]
QAI,[1.38516824e+12]
QMN,[2.2928604e+12]
RALS,[1.46968436e+12]
RLY,[9.75022987e+11]
SIZ,[4.61966559e+12]
WTMF,[1.68912132e+12]
