Name,Riskiness R
ANGL,0.00027182573882946723
CJNK,1945615601716.2131
GHYG,0.00659771107680735
HYG,0.0004458436493917118
HYHG,0.0002076739746784446
HYLD,10721048979781.352
HYLS,0.0005356956035948038
HYND,0.00021449286552151223
HYS,0.0009096082501771095
HYZD,0.0004571453630769725
JNK,0.0004075112294018746
PGHY,3302.4502540952562
PHB,0.0004902209780639629
RIGS,3060228211577.3945
SHYG,2.0297670449377505
SJB,0.0003610527318759036
SJNK,695160379854.8059
UJB,709889876772.3429
