Name,Riskiness R
SHYG,[2.02976704]
PGHY,[3302.45025329]
UJB,[3.31281778e+11]
SJNK,[6.04553418e+11]
ANGL,[6.24389002e+11]
