Name,Riskiness R
VQT,[0.03917387]
PHDG,[0.04174058]
RYF,[0.07227816]
KBWP,[0.07402686]
FXO,[0.07463914]
