Name,Riskiness R
TAO,[0.4341343]
MORL,[0.53871104]
DRN,[13.65299259]
KBWY,[1.41114489e+11]
URE,[1.64784805e+11]
