Name,Riskiness R
AAXJ,0.00018433175806375866
ACWX,0.00020147427348127123
ADRA,0.7728219411790188
AIA,0.00017172582063529408
AXJL,0.7918793655607342
AXJV,0.0034034213042037605
CHIQ,0.00017383954875741477
CWI,0.0001954777806336656
DBAP,0.6720845133283406
DNL,0.0002154994478422181
EEMA,0.00017496537512054703
EMCG,0.0001829498619091603
FPA,0.00019332262721127245
FPXI,0.00016707484948093857
GEM,0.0001841882760853333
HEEM,0.00020577582682284926
IEMG,0.00019033677183506875
IHDG,0.00024029977948635006
IPOS,600207614272.0983
IQDE,0.0002065216751027074
IQDY,0.00017358142310731686
MOTI,0.00018257537624078512
PAF,0.00020251790497680436
QEMM,0.00023279890892742697
REMX,0.49566545402761586
VEU,0.00019903496931758259
VXUS,0.00020208010927913662
XSOE,0.00018130320150306975
