Name,Riskiness R
INR,[0.05175251]
CNY,[0.19215937]
CEW,[0.21236126]
BZF,[0.22117136]
FXY,[0.24052562]
