Name,Riskiness R
DBEM,0.1036357849485806
DGS,0.11692375791945935
TLTE,0.11898966656751848
IEMG,0.12121604469294102
EMQQ,0.12207749048527256
