Name,Riskiness R
DBEM,[0.10363578]
DGS,[0.11692376]
TLTE,[0.11898967]
IEMG,[0.12121604]
EMQQ,[0.12207749]
