Name,Riskiness R
FPE,[0.02061696]
PGX,[0.02944959]
PGF,[0.03145823]
PFF,[0.03790688]
PSK,[0.03946857]
