Name,Riskiness R
PALL,[0.27634385]
BNO,[0.32366549]
DBE,[0.42610129]
USL,[0.48659758]
BDD,[0.62281116]
