Name,Riskiness R
LIT,[0.15250287]
AADR,[0.15566924]
SOCL,[0.15575429]
FONE,[0.46753213]
FAN,[0.49113068]
