Name,Riskiness R
CBND,[5.75779865e+12]
CORP,[2.73970385e+10]
GSY,[1.08951491e+12]
ICSH,[1.67236895e+12]
IGHG,[1.88412741e+12]
IGIB,[2.73082278e+12]
IGIH,[4.41417217e+12]
IGSB,[1.87539169e+12]
LDRI,[2.77598012e+12]
LKOR,[4.98056613e+12]
LQD,[2.1205652e+12]
LQDH,[4.0584424e+12]
PFIG,[3.52141086e+12]
QLTA,[2.5921753e+12]
SKOR,[3.13096245e+12]
SLQD,[2.42086837e+12]
SPIB,[3.11798621e+12]
SPLB,[4.28371272e+11]
USIG,[1.48974829e+12]
VCIT,[1.33637112e+12]
VCLT,[1.1968375e+12]
VCSH,[9.69613284e+11]
