Name,Riskiness R
PSCU,[0.06962271]
PUI,[0.08303973]
VPU,[0.08693202]
FUTY,[0.08699344]
RYU,[0.09328545]
