Name,Riskiness R
CRAK,[0.0896148]
KOL,[0.11185005]
PZD,[0.21149433]
FILL,[0.25719354]
GRID,[0.3190933]
