Name,Riskiness R
VGLT,[0.31155117]
TLH,[0.36323445]
ZROZ,[0.45638523]
PLW,[0.50094711]
EDV,[0.50363939]
