Name,Riskiness R
FONE,[0.15134848]
AADR,[0.15482873]
IFV,[0.17668273]
SOCL,[0.1822707]
DBAW,[0.25494607]
