Name,Riskiness R
FPE,[0.02275794]
PFXF,[0.04168011]
PGF,[0.04403085]
PGX,[0.04473666]
PFF,[0.04601852]
