Name,Riskiness R
MINT,[0.00144568]
NEAR,[0.00265249]
RAVI,[0.00558811]
ULST,[0.00628299]
HOLD,[0.00817486]
