Name,Riskiness R
RTH,[0.06975933]
IYC,[0.07130275]
XLY,[0.072674]
FDIS,[0.08041614]
VCR,[0.08261989]
