Name,Riskiness R
ANGL,[0.03298152]
CJNK,[0.03479031]
GHYG,[0.04351171]
HYG,[0.05806996]
HYGH,[0.08633644]
HYHG,[0.17556749]
HYIH,[0.11830753]
HYLD,[0.1226722]
HYLS,[0.03294501]
HYND,[0.18726806]
HYS,[0.03435692]
HYZD,[0.0447826]
JNK,[0.06366829]
PGHY,[0.01853142]
PHB,[0.03546802]
RIGS,[0.02265198]
SHYG,[0.03026896]
SJB,[1.55740645e+12]
SJNK,[0.03692841]
UJB,[0.31059993]
WBII,[0.03105731]
