Name,Riskiness R
RTH,[0.16100722]
XLY,[0.16972792]
FDIS,[0.1850364]
VCR,[0.18603727]
IYC,[0.20348475]
