Name,Riskiness R
AIRR,[0.09764103]
CGW,[0.06687044]
CHII,[0.22667968]
EXI,[0.06270192]
FIDU,[0.0631027]
FIW,[0.05863926]
FXR,[0.0803654]
IEV,[0.13423899]
ITA,[0.04782703]
IYJ,[0.0594758]
IYT,[0.10147727]
JETS,[0.16851624]
PHO,[0.08440461]
PIO,[0.08864311]
PPA,[0.04367137]
PSCI,[0.08694671]
RGI,[0.0684439]
SEA,[6.44345821e+11]
SIJ,[3.5312597e+12]
UXI,[0.12243456]
VIS,[0.06712564]
XAR,[0.05921177]
XLI,[0.05902523]
XTN,[0.1114275]
_PRN,[0.07193662]
