Name,Riskiness R
SZO,0.28007431256300114
DTO,0.39599429385197116
SCO,0.5802995804818003
UCO,167104087994.11932
DBO,3308874706261.747
