Name,Riskiness R
AAXJ,500094937124.90717
ADRE,19.46434629853482
AFTY,227136962475.82144
AIA,0.6081622341202176
ASEA,734203560142.3064
ASHR,4306403021077.9746
ASHS,672760145332.2106
AXJV,0.0034034213042037605
CHIE,1499699547566.9067
CHII,531181559249.0712
CHIM,0.5384747838840207
CHIQ,0.3743240722738886
CHIX,19.115034112229235
CN,1.5905747527885694
CNXT,793987520327.6511
CQQQ,0.26806811706145445
CXSE,0.2270980715580731
DBEM,1085523000635.0398
DEM,418413839824.8629
DGRE,269227467798.0889
DGS,34710642161.873604
ECNS,515769920842.7823
EDC,1.112214299115492
EDIV,927942030196.488
EDZ,277398886.62113506
EEM,1339846607667.6377
EEMA,263994965280.75928
EEMV,1225380637927.9944
EET,1.1054493194637736
EEV,11969861772900.258
EIDO,704556055479.4421
EMQQ,0.2508549012789486
EPHE,2471643498756.252
EPI,40087080822.65719
EUM,9115957078413.783
EWM,655287.4342085475
EWX,719014566227.7059
FCA,1.2316680943865181
FEM,1.0133594422421628
FEMS,0.6013154514698523
FNI,1.0326694742965556
FXI,1403325147051.5735
FXP,4491169010014.794
GMF,15583367947.033195
GXC,0.6639491616065233
HAO,4.848248580081142
IDX,1693517370601.2388
INCO,0.6640336749989691
INDA,0.00017137582178185917
INDL,2.5302739387648647
INDY,703296391529.2811
INXX,49412453847.62172
KBA,524629.8749305072
KFYP,110974393584.14584
KWEB,0.24414485859262663
MCHI,1.3401811163962178
PEK,1398359508809.4546
PGJ,0.3176070897056659
PIE,678425275622.4989
PIN,864191281347.8936
SCIF,0.4926014796746926
SCIN,1.0011615572384698
SMIN,0.3928791370072672
SPEM,356270448451.7135
THD,499230765290.56195
VNM,1857124265489.7805
VWO,374004300375.7291
XPP,2.57852978309014
YANG,0.010511976089267685
YAO,1.466551416799443
YINN,0.018693408651143262
YXI,2534187564162.22
