Name,Riskiness R
INDA,0.00017137582178185917
AXJV,0.0034034213042037605
YANG,0.010511976089267685
YINN,0.018693408651143262
CXSE,0.2270980715580731
