Name,Riskiness R
AADR,[0.07584019]
SOCL,[0.10057367]
LIT,[0.10448132]
VIDI,[0.12181643]
FONE,[0.12235688]
