Name,Riskiness R
AAXJ,2.23947270276695
ACWX,1093073765774.5364
ADRA,271577040977.70953
AIA,0.37533493471278906
AXJL,405979146388.2386
AXJV,0.0034034213042037605
CHIQ,1.002799470491693
CWI,0.00016661214191429353
DBAP,757300740216.505
DNL,175957065193.3846
EEMA,1.085648402300286
EMCG,1139722082430.6594
FPA,47560963973.34531
FPXI,0.00016707484948093857
HEEM,1564826809842.7156
IEMG,2.459615549179312
IHDG,392735890318.6647
IPOS,300468310233.33923
IQDE,0.00018292605257102666
IQDY,650718932603.5933
PAF,1.9182634059416988
QEMM,424542794951.53
REMX,1.3948786162678286
VEU,742332010968.9395
VXUS,0.00016686569577386705
XSOE,0.4911915267761915
