Name,Riskiness R
CWI,0.00016661214191429353
VXUS,0.00016686569577386705
FPXI,0.00016707484948093857
IQDE,0.00018292605257102666
AXJV,0.0034034213042037605
