Name,Riskiness R
PSL,[0.04708539]
RHS,[0.0474831]
IYK,[0.05137147]
VDC,[0.05408879]
FSTA,[0.05624233]
