Name,Riskiness R
CARZ,[1.34979629]
CROP,[0.10851707]
DZK,[0.77636654]
EFO,[0.53328919]
EFU,[3.72533689e+13]
FDTS,[0.1524107]
FLM,[0.18100705]
FPXI,[0.2154828]
FTAG,[1.22394974]
FTRI,[5.94936892]
GDXS,[1.82123066e+14]
HGI,[0.27193662]
HSCZ,[0.06674911]
IDMO,[1.85692006]
IPO,[0.23134196]
PAGG,[1.28596437e+12]
PEX,[0.22854588]
ROGS,[0.06202349]
SCID,[0.15670828]
SMCP,[1.24868618]
SOIL,[7.33346587e+11]
YLCO,[3.6998114e+12]
