Name,Riskiness R
CARZ,[2.0948193e+12]
CROP,[0.12933453]
DPK,[1.02356885e+11]
DZK,[9.52911254e+11]
EFO,[52.46146404]
EFU,[7.23132725e+10]
FDTS,[6.93098643e+10]
FLM,[3.38084611]
FTAG,[1.76604786e+13]
FTRI,[2.79310067e+12]
HGI,[4.40748693e+11]
IDMO,[5.10212961e+11]
IPO,[2.82748774e+09]
PAGG,[1.63181955e+12]
PEX,[0.47054766]
SOIL,[2.2793211e+12]
