Name,Riskiness R
PZD,[0.31955336]
GRID,[0.36521109]
KOL,[0.59878678]
GUSH,[1.80921354]
ERX,[1.49294389e+09]
