Name,Riskiness R
PPA,[0.04664822]
ITA,[0.04705932]
IYJ,[0.06019777]
EXI,[0.06155138]
XAR,[0.06213074]
