Name,Riskiness R
BDCL,2914905249058.0527
BDCS,753392438512.9827
BIZD,2537152145999.003
CHIX,8.24591537125717
EUFN,3386740727503.076
FAS,0.9066681316232388
FAZ,5859410681218.216
FINU,0.9761870802095413
FINZ,11275582009947.582
FNCL,596951102829.0259
FXO,0.00017896033972198156
IAI,1325464168958.5396
IAK,254159263040.9015
IAT,594096625926.1108
IXG,734800315986.3291
IYF,663383376449.6188
IYG,1325999374010.3208
KBE,546814164568.34717
KBWB,1326302428133.648
KBWD,3905045772464.1533
KBWP,0.00019227393014477985
KBWR,308994683785.6144
KCE,2452532902612.4673
KIE,0.0001815620462889897
KRE,339807204202.39026
PEX,0.00018944531430422447
PFI,0.00017849105452327857
PHDG,0.0003199276205892181
PSCF,0.00017644144053100298
PSP,1003317150450.8916
QABA,307573271763.02234
RWW,2225096051096.6455
RYF,0.19127536172092593
SEF,0.0002654446554040687
SKF,10303348137403.266
UYG,1.392213200151781
VFH,640874721713.5344
VQT,0.00039114684960669976
XLF,0.26852957989959036
