Name,Riskiness R
KBWP,[0.04990897]
KIE,[0.0831211]
RYF,[0.08394689]
XLF,[0.09881287]
IAK,[0.12145247]
