Name,Riskiness R
EMLP,[0.19476463]
FAN,[0.21755131]
GRID,[0.27379693]
NLR,[0.35114624]
PZD,[0.4147089]
