Name,Riskiness R
ARKW,[0.15018006]
PSI,[0.15027683]
SMH,[0.16989095]
XNTK,[0.17624707]
IGV,[0.18381754]
