Name,Riskiness R
FPE,[0.02308477]
PGX,[0.03865525]
PGF,[0.03885546]
PFF,[0.0425689]
PFXF,[0.04585426]
