Name,Riskiness R
DIVY,[0.02548277]
MNA,[0.03378141]
CPI,[0.03381031]
QED,[0.05419521]
QMN,[0.06921914]
