Name,Riskiness R
CBND,[0.03556221]
CORP,[0.03132399]
GSY,[0.00204474]
ICSH,[0.00385835]
IGHG,[0.0258863]
IGIB,[0.01906955]
IGIH,[0.06146487]
IGSB,[0.00539428]
LDRI,[0.09333311]
LKOR,[0.08295129]
LQD,[0.04760855]
LQDH,[0.01921246]
PFIG,[0.02845416]
QLTA,[0.03946231]
SKOR,[0.05434268]
SLQD,[0.01112666]
SPIB,[4.37227027e+10]
SPLB,[0.06910345]
USIG,[0.03131476]
VCIT,[0.03448804]
VCLT,[0.06725558]
VCSH,[0.01170102]
