Name,Riskiness R
GSY,[0.00204474]
ICSH,[0.00385835]
IGSB,[0.00539428]
SLQD,[0.01112666]
VCSH,[0.01170102]
