Name,Riskiness R
BZF,[6.75391573]
FXF,[20.90257857]
UDN,[133.95759046]
FXSG,[243287.01476088]
INR,[2.66501333e+11]
