Name,Riskiness R
ITB,[0.22289458]
WOOD,[0.29504607]
HOML,[0.3644622]
PKB,[0.37182338]
LIT,[0.42135323]
