Name,Riskiness R
AGF,423046440598.36084
AGQ,1674295587361.1074
BCM,0.0002608227919848278
BDD,0.0077170686643537245
BNO,0.25637680517840855
BOIL,3483298218809.417
BOM,0.003259420754043664
BOS,0.005986723371695165
CANE,2947614032727.85
CORN,3306143821465.3525
CPER,0.00019097004283855518
DAG,3810763412432.39
DBA,0.00021202569223158056
DBB,0.00021015744161785135
DBC,0.00020957397552870866
DBE,0.30883516969985
DBO,0.47532903392054504
DBP,0.00017934861139438644
DBS,2999960059516.4556
DDP,3031039770878.8286
DGAZ,0.006146086106769501
DGL,0.0001733118366664595
DGLD,11999355071127.918
DGP,753470348581.355
DGZ,0.0001785353757965786
DJCI,0.0002431174540882058
DJP,0.00024837810538609086
DSLV,0.017619060842048295
DTO,21772527997467.3
DYY,0.010056029739000058
DZZ,8122470619740.617
FTGC,0.0004694100013890001
FUD,0.00018362483172158447
FUE,735311105635.4274
GCC,0.0006583356821717334
GLD,0.00018321940545114543
GLL,10036696694139.219
GLTR,0.00017405320760807656
GRU,0.00017076537593980736
GSC,1.9297579715323425
GSG,0.00017266918282092227
GSP,1.3880485469480397
IAU,0.00018445291841975901
KOLD,339478412586.60065
LD,1.861102101940459
NIB,2496357691275.8286
OLEM,0.548774200257076
OLO,609292577549.2931
OUNZ,0.00018080639983367207
PALL,0.16344837957344066
PDBC,0.00018235843778487387
PPLT,0.00017646589127717007
RJA,0.00023960364601199527
RJI,0.0002494711084094115
RJN,0.5199818443877052
RJZ,0.0001937917198175675
SCO,9537193887830.674
SGOL,0.00018235798610584088
SIVR,918955962178.6772
SLV,3069009996223.429
SOYB,0.00018410738414030106
SZO,15018122049334.469
TAGS,0.00020422609791478596
UAG,1247915905643.4272
UBG,767017531837.4993
UCI,0.00021881524211353001
UCIB,0.7370904484054024
UCO,0.9194071689081716
UGA,209321306963.82855
UGAZ,0.004010103148324823
UGL,3929460632497.303
UGLD,619609076014.6161
UNG,5393456306221.206
UNL,906857503324.3047
USCI,0.00023535059494015094
USL,0.41566692391344484
USLV,1474.339418423733
USO,0.8182644061075274
USV,1302241440263.6592
WEAT,7834511867461.574
ZSL,8922145793522.254
