Name,Riskiness R
ERUS,48396518129.48193
FCOM,0.00023217455411605323
FONE,388654241106.77356
IXP,1849874058159.2139
IYZ,0.00017940081008841564
LTL,1.048929819598883
VOX,0.00021903494043415037
XTL,219150341365.82297
