Name,Riskiness R
IYZ,0.00017940081008841564
VOX,0.00021903494043415037
FCOM,0.00023217455411605323
LTL,1.048929819598883
ERUS,48396518129.48193
