Name,Riskiness R
ACIM,0.00019177696666505172
ACWF,0.00016973771688098282
ARKQ,0.180063173459334
BJK,0.4977297441550656
CIL,0.00018475403327830432
CIZ,0.0001749832667392476
CUT,0.41617267915175893
DBAW,1283497622872.6504
DBEZ,285667740942.36444
DEW,0.0001760793729951054
DGT,0.00016801553254446988
DNL,45540372723.92291
DOO,0.00017831831969513854
DUST,0.002407414510679608
EFAD,0.0001927829091121006
EFZ,0.0002551870896955155
EUMV,0.00019312539237811103
EXI,0.00017349502955457704
FAN,1.0372872339771744
FILL,0.6036913346569214
FPA,316764444201.67004
FYLD,0.0001703027979018447
GEX,446114578030.8336
GHII,15.074570443229616
GOEX,0.42506191342358707
GRES,0.000269295382409486
GRID,0.2382187628962944
HAP,0.00016610993731704918
IDHQ,0.0001790125225280442
IMTM,0.0001671832546871739
IPKW,0.21767065402716942
IQDE,0.00018292605257102666
IQDY,409624123738.95874
ISCF,0.3709941843829642
ISRA,19203275849750.785
IVAL,0.00017413016796612304
JDST,0.002883650289504314
LOWC,0.00018866620850722235
LVL,318873600992.72876
NLR,3401382356811.6777
PBD,940654560703.3335
PIO,1019092795305.3013
PIZ,0.000167500994616444
PSAU,0.4486640017390955
PZD,0.2194137353565004
QWLD,0.00018322714087003238
RING,0.43348988405848726
SEA,1645156174654.1824
SGDJ,0.54110282909158
SILJ,0.38600264012377977
TOK,0.00019839370407909442
TOLZ,0.0001999624420337609
VEGI,300888655908.5149
YMLP,12036417442027.387
