Name,Riskiness R
BJK,[0.47208112]
CARZ,[2.16435612e+12]
CHIQ,[1.97206011]
FDIS,[0.35065359]
FXD,[5.33000347e+11]
INCO,[0.49859682]
IYC,[0.61922473]
PBS,[3.83209371e+11]
PEJ,[5.83897537e+11]
PEZ,[1.21330615e+12]
PMR,[1.5109515e+12]
PSCD,[5.5829507e+11]
RCD,[5.60632222e+11]
RETL,[1.60626988]
RTH,[0.52660598]
RXI,[7.74089403e+10]
SCC,[6.95630046e+12]
UCC,[0.25552372]
VCR,[0.36325362]
WBIA,[8.14942458e+12]
XLY,[0.24355962]
XRT,[2.22357639e+12]
