Name,Riskiness R
AIA,[0.31621367]
CHIQ,[0.40315452]
REMX,[0.45796797]
XSOE,[0.51479393]
EEMA,[0.6363992]
