Name,Riskiness R
FMB,[8.87585919e+11]
ITM,[2.02493086]
MEAR,[1.11858379e+12]
MLN,[3.99117994e+12]
MUB,[2.67228475e+12]
MUNI,[1.86340815e+12]
PRB,[2.16310971e+12]
PVI,[1.59812312e+12]
PZA,[9.58996496]
RVNU,[1.38207414e+12]
SHM,[2.33820046e+12]
SHYD,[1.02165043e+12]
SMB,[9.42615011e+11]
SMMU,[1.72898159e+12]
SUB,[1.12903599e+12]
TFI,[3.11166472e+12]
