Name,Riskiness R
CBND,0.0976575354474069
CORP,0.0006237309844575063
GSY,2.2085412990267943e-05
ICSH,2.0345461570404394e-05
IGIB,626014036091.398
IGSB,1.7569809623393908e-05
LDRI,1144257892108.6553
LQD,0.0005358122715140299
LQDH,0.000515016721969837
PFIG,1174.3048024713817
QLTA,0.0027056834073424926
SKOR,0.17041402611183215
SLQD,3010516094963.1934
SPLB,0.0001898649091285543
USIG,0.0011335487630580053
VCLT,0.0002175770729010191
VCSH,299811646326.53186
