Name,Riskiness R
ERUS,0.5092420729807605
FCOM,0.00018401874588435538
FONE,0.5416713336643704
IXP,0.00020118506767235006
IYZ,0.0001677745426897704
LTL,4180596388070.332
VOX,0.00017571803492242425
WBIF,0.00023118028527439226
XTL,146933933578.67603
