Name,Riskiness R
Alternatives ETF List (35),43936762397.86057
Broad Asia ETF List (44),0.0001753044570992267
Commodity ETF List (125),0.02202767020052063
Consumer Discretionary Equity ETF List (31),0.00017262003747134274
Consumer Staples Equity ETF List (26),0.0001997235472556618
Crude Oil ETF List (22),154142699459.0719
Currency ETF List (36),760821874511.783
Developed Asia Pacific ETF List (108),0.00017619060804556155
Developed Markets ETF List 1 (100),0.0001664921217305795
Developed Markets ETF List 2 (100),0.00017416408413402872
Developed Markets ETF List 3 (93),0.0001719022916586348
Emerging Asia Pacific ETF List (114),409599329412.14575
Emerging Markets ETF List (79),0.5531271052019316
Energy Equity ETF List (80),2864766634726.09
Financials Equity ETF List (51),0.00018447206707427265
Global ETF List (72),0.00019303067299305266
Gold ETF List (17),0.00039473462743429884
Healthcare Equity ETF List (49),0.00018135309795132255
Industrials Equity ETF List (37),0.00017867669521681436
Investment Grade Corporate ETF List (50),574729682269.6417
Junk ETF List (43),0.00021488024054931203
Materials Equity ETF List (62),0.00020855503715957698
Municipal Bond ETF List (29),4667745228495.028
Preferred Stock ETF List (12),0.00036866882114415446
Real Estate ETF List (48),0.00020771125851241703
Target Maturity Date Corporate Bond ETF List (24),658960146900.8699
Technology Equity ETF List (75),0.16182093629828748
Telecom Equity ETF List (10),0.0002623418462760453
Total Bond Market ETF List (82),0.00012902896181158746
Treasuries ETF List (51),2.7097486661783566e-05
Utilities Equity ETF List (24),0.00036079750703928864
Volatility ETF List (18),7118700339109.464
