Name,Riskiness R
ANGL,[0.05630047]
CJNK,[0.08604189]
GHYG,[0.32755689]
HYGH,[9.05620647e+12]
HYHG,[2.3623618e+12]
HYLD,[5.65209163e+13]
HYLS,[0.07715979]
HYND,[3.29101077e+12]
HYS,[0.08395186]
HYZD,[4.28524393e+12]
JNK,[0.47708524]
PGHY,[0.03232354]
PHB,[0.08264777]
RIGS,[0.03230982]
SHYG,[0.08261784]
SJB,[5.04249015e+12]
SJNK,[0.34393833]
UJB,[0.29856914]
WBII,[9.7882186e+11]
