Name,Riskiness R
PGX,[2.63051317e+11]
PFF,[4.40558392e+11]
FPE,[5.96509656e+11]
SPFF,[6.36893737e+11]
IPFF,[7.17751717e+11]
