Name,Riskiness R
BTAL,[0.64585145]
CHEP,[4.42732284e+11]
CPI,[0.03364981]
FLAG,[0.10511327]
FMF,[4.84358325e+11]
FTLS,[0.05406431]
HDG,[0.06790982]
MCRO,[0.87859035]
MNA,[0.02337862]
MOM,[2.6339943e+11]
MRGR,[5.93806838e+10]
QAI,[0.3199625]
QMN,[0.12271524]
RALS,[6.34208649e+11]
RLY,[1.82621766e+12]
SIZ,[1.44602179e+12]
WTMF,[1.70675355e+12]
