Name,Riskiness R
AUSE,749032291085.1687
DBJP,500040870060.23267
DBKO,0.000175178847657261
DFJ,0.14415041602006815
DIM,0.00017777533961486512
DLS,0.00018431264394697317
DOL,0.00016611993963795967
DOO,0.00017831831969513854
DTH,0.0001663647763642793
DVYA,2091790451606.7993
DWM,0.00017009828164643158
DXJ,555832956601.0979
DXJF,2920698673961.5215
DXJS,0.4312663928208581
ENZL,1.5194520603922033
EPP,2213696877138.843
EWA,885389277965.4021
EWH,157762329079.0017
EWJ,604738014670.7502
EWS,1398651872375.8801
EWT,21018182946.594837
EWV,4367497246866.9834
EWY,70232341386.64989
EZJ,1.0940851839488952
FAUS,207053178445.2904
FDT,2527046563889.3457
FDTS,70454517422.43062
FHK,1395821050284.208
FJP,1761739725835.5188
FKO,1818282349495.537
FNDC,0.00017627052970601036
FNDF,788689301544.3364
FPA,157339169640.54034
GWX,420002960285.1122
HEWJ,1611786077188.3496
IDHQ,0.0001790125225280442
IDOG,1720889478079.8018
IPAC,448792606309.5019
JPIN,0.00019677196946370356
JPMV,0.0001782760715730186
JPNL,0.970696665766593
JPXN,0.00017201413538553482
KORU,0.9876847858435406
PAF,1091118428448.7301
PDN,0.00017944106185883199
PXF,2291846614082.0527
SCJ,0.20219062647109232
VPL,305650597503.28265
