Name,Riskiness R
KBWP,[0.04202638]
KIE,[0.05531991]
RYF,[0.07044147]
IAK,[0.07719254]
FXO,[0.08393463]
