Name,Riskiness R
DGL,[7.65869506e+12]
DGLD,[1.13867943e+12]
DGP,[8.40297485e+11]
DGZ,[4.14721558e+12]
DZZ,[1.03973154e+13]
GLD,[8.16719157e+11]
GLL,[9.84174775e+12]
IAU,[7.38002341e+11]
OUNZ,[7.98720725e+11]
SGOL,[1.7540247e+12]
UBG,[1.54939036e+12]
UGL,[1.47708436e+12]
UGLD,[9.23836883e+11]
