Name,Riskiness R
QLS,0.0001712266928098014
FLAG,0.00017189264083576413
MOM,0.00017685825646667836
SIZ,0.00018576197287725158
CHEP,0.00019112103969300706
