Name,Riskiness R
AAXJ,0.00018433175806375866
ADRE,0.00017841825820483006
AFTY,382409479313.8322
AIA,0.00017172582063529408
ASEA,0.00018109629935386378
ASHR,1132168863399.8472
ASHS,3098895392318.906
ASHX,1593090997234.0002
AXJV,0.0034034213042037605
CHAD,1801574685339.701
CHAU,1796368005314.2139
CHIE,0.43379491342984583
CHII,8.189943982545197
CHIM,0.9089413268702274
CHIQ,0.00017383954875741477
CHIX,0.9363280929989907
CN,97279735821.62082
CNHX,2322675267262.674
CNXT,3772853166412.445
CQQQ,1.393208539318927
CXSE,0.3366957925812892
DBEM,0.00018985776382007054
DEM,0.00019177861365064737
DGRE,0.0002597143408749841
DGS,0.00022976727045610274
ECNS,1668689844247.6123
EDC,0.8919815629139906
EDIV,0.00020625863600195
EDZ,33610715093123.008
EEM,0.00018430144016422679
EEMA,0.00017496537512054703
EEMV,0.00026330691147725087
EET,0.8314005455592607
EEV,5587006233825.394
EIDO,581894217363.9198
EMQQ,1.0262548168613101
EPHE,4177463009555.6055
EPI,149209143044.79077
EUM,0.00017142538637649203
EWM,5077263922741.537
EWX,0.000222986864244676
FCA,0.43190863242499106
FEM,0.8449976985418333
FEMS,3.146052467126044
FNI,0.0001733022824876491
FXI,4.248398409134635
FXP,20040487496212.72
GMF,0.00018717689849751543
GXC,0.6414581525870625
HAO,1208193603055.4065
IDX,3457514477737.715
INCO,0.5280938834776915
INDA,651666721918.3031
INDL,1.0873757264333175
INDY,2.8855587033513213
INXX,1776280376500.0618
KBA,2574001709283.33
KFYP,0.6922407103891137
KWEB,4.341059767943539
MCHI,0.635184955886576
PEK,2992771922760.0557
PGJ,77013503494.0914
PIE,0.00018535947859403898
PIN,93324349177.24261
SCIF,1615877139398.7974
SCIN,2730968873825.564
SMIN,1.7987734648995741
SPEM,0.00020365972416008134
THD,0.5008291626830552
VNM,1337646667745.191
VWO,0.0001956594749595949
XCEM,0.00019236117067690685
XINA,3971077525838.999
XPP,0.6964591978934174
YANG,11781413122273.074
YAO,0.9513977265430629
YINN,0.03104150120970396
YXI,8180661199084.682
