Name,Riskiness R
ZIV,[0.34818195]
SVXY,[1.83285129]
XVZ,[3.38007232e+12]
VIXM,[4.36020427e+12]
VIIX,[6.28354536e+12]
