Name,Riskiness R
PGF,0.00025440140593366913
PSK,0.000266815146280237
PGX,0.00030636265361693235
FPE,0.00033425575375445663
SPFF,0.0005322646969696354
