Name,Riskiness R
CHIQ,[0.4955872]
UCC,[0.5314628]
XLY,[2.41947517]
RETL,[5.07454951]
INCO,[2.47260227e+10]
