Name,Riskiness R
DRN,0.7384873239916323
DRV,6447383964966.364
DRW,8980972930046.629
FFR,0.0002235725628419973
FRI,0.00019488665536166727
GQRE,0.00022223042698847693
GRI,0.0001998049063374273
ICF,0.00019187719233599708
IFEU,2015825729667.521
IFGL,0.00020830143426683943
IYR,0.00022308400590296407
KBWY,0.00017003935244256767
MORL,0.5882383885101151
MORT,330851542488.1909
PSR,0.00017888087886997592
REET,0.00021259202717346785
REK,0.00019744499735976882
REM,304350733176.05853
REZ,0.00017576216562192315
ROOF,0.00019620391922510903
RWO,0.00020315554730732148
RWR,0.00019955965422135242
RWX,3792531945064.109
SCHH,0.00019923588199497684
SRS,5065920833581.28
TAO,3.4146423357239386
URE,0.7208387938083148
USRT,0.00021566703549897166
VNQ,0.00020043574544416137
VNQI,0.00018399560744253798
WPS,0.00020578264141317068
WREI,0.00019437674137200698
