Name,Riskiness R
SVXY,[0.36830767]
TVIX,[2.58428282e+13]
UVXY,[2.83597844e+13]
VIIX,[1.52786833e+13]
VIXM,[1.02548958e+13]
VIXY,[1.43768899e+13]
XVZ,[5.54675744e+12]
ZIV,[0.26008961]
