Name,Riskiness R
XVZ,0.0001756471284916838
UVXY,0.003035728888593267
TVIX,0.003547718190922085
ZIV,0.2600896122110514
SVXY,0.3683076710111632
