Name,Riskiness R
EMLP,[0.21515646]
GRID,[0.32031465]
FAN,[0.47418277]
PZD,[0.51866243]
NLR,[0.53329898]
