Name,Riskiness R
SMH,[0.17504455]
ROBO,[0.55620628]
LIT,[0.81245252]
SCZ,[0.89668493]
GDXJ,[0.90540434]
