Name,Riskiness R
ACWV,[0.05466379]
FNDC,[0.07360911]
DLS,[0.07516742]
SCZ,[0.07799988]
JPGE,[0.07974212]
