Name,Riskiness R
EMLP,[0.22710904]
GRID,[0.27890786]
PZD,[0.31003017]
NLR,[0.32252196]
FAN,[0.35067257]
