Name,Riskiness R
AIRR,[0.24438534]
CGW,[0.11377056]
CHII,[0.48226274]
EXI,[0.12254686]
FIDU,[0.10950165]
FIW,[0.11947797]
FXR,[0.22124623]
IEV,[0.87477075]
ITA,[0.08129571]
IYJ,[0.09957681]
IYT,[0.27022252]
PHO,[0.32107144]
PIO,[0.37067387]
PPA,[0.07802574]
PSCI,[0.15636487]
RGI,[0.1206086]
SEA,[6.89252046e+12]
SIJ,[2.41753166e+12]
UXI,[0.20312565]
VIS,[0.11326838]
XAR,[0.10541773]
XLI,[0.09653133]
XTN,[0.29510858]
_PRN,[0.19248719]
