Name,Riskiness R
EMIF,[0.69879035]
FUTY,[0.08749126]
FXU,[0.11847141]
GHII,[0.1700696]
GII,[0.14616953]
IDU,[0.09776708]
IGF,[0.16218751]
INXX,[0.26865267]
JXI,[0.13766612]
PSCU,[0.07686116]
PUI,[0.09245066]
PXR,[0.32831564]
RYU,[0.09211779]
SDP,[2.69524293e+12]
TOLZ,[0.30859044]
UPW,[0.19429708]
VPU,[0.08717819]
WBIC,[1.52288091e+11]
XLU,[0.09499357]
