Name,Riskiness R
PPA,[0.05810649]
ITA,[0.06108933]
IYJ,[0.07098142]
CGW,[0.07428222]
FIW,[0.07525286]
