Name,Riskiness R
AIA,[0.68152444]
XSOE,[1.11846242]
REMX,[1.37920045]
CHIQ,[2.55256576]
PAF,[5.02998816e+10]
