Name,Riskiness R
AAXJ,[3.48891035e+12]
ACWX,[1.7736939e+12]
ADRA,[1.70112094e+12]
AIA,[1.00898453e+12]
AXJL,[5.69582142e+11]
CHIQ,[1.24181296e+12]
CWI,[7.33760649e+11]
DBAP,[7.85880419e+11]
DNL,[2.29832039e+12]
EEMA,[1.20002775e+12]
EMCG,[4.40791054e+12]
FPA,[1.3578272e+12]
IEMG,[1.09660101e+12]
IQDE,[4.61855729e+12]
IQDY,[2.50098752e+12]
PAF,[1.76864696e+12]
REMX,[5.13880136e+12]
VEU,[1.73263901e+12]
VXUS,[2.55163278e+12]
