Name,Riskiness R
MINT,[0.00149695]
NEAR,[0.00271861]
RAVI,[0.00594769]
ISTB,[0.00828153]
MINC,[0.0091462]
