Name,Riskiness R
AIRR,[0.12006574]
CGW,[0.07298932]
CHII,[0.55300631]
EXI,[0.07341084]
FIDU,[0.06913558]
FIW,[0.06425434]
FXR,[0.10761536]
IEV,[0.19483687]
ITA,[0.05989725]
IYJ,[0.06395724]
IYT,[0.13981532]
PHO,[0.12836577]
PIO,[0.14371951]
PPA,[0.05629548]
PSCI,[0.11927948]
RGI,[0.07433662]
SEA,[1.05644749e+12]
SIJ,[1.15309486e+13]
UXI,[0.13353787]
VIS,[0.07454489]
XAR,[0.08077067]
XLI,[0.0635662]
XTN,[0.17573783]
_PRN,[0.09177021]
