Name,Riskiness R
MINT,[0.00134459]
NEAR,[0.00227726]
ULST,[0.00418775]
RAVI,[0.00532323]
HOLD,[0.00569504]
