Name,Riskiness R
BLV,[5.0490839e+11]
ILTB,[5.62620469e+11]
XMPT,[6.16501287e+11]
HOLD,[7.11302503e+11]
LDUR,[7.15616275e+11]
