Name,Riskiness R
BSCJ,1187979408434.7737
BSCK,5607670639493.162
BSCL,2106835568878.0886
BSCM,2090507506882.0508
IBCD,189578495405.4135
IBCE,0.000995391231500662
IBDC,743113371259.6418
IBDD,0.001096356646695924
