Name,Riskiness R
PZA,[0.04124717]
RVNU,[0.07340816]
MLN,[0.08976905]
MUB,[0.10478841]
TFI,[0.1165385]
