Name,Riskiness R
FEMS,[0.41070452]
TLTE,[0.42819733]
HEEM,[0.43884283]
DGS,[0.46203218]
EWX,[0.52711506]
