Name,Riskiness R
BICK,0.00016670454919961276
EDZ,184609198.0863974
EDC,2488236618.16625
SCHE,252513017322.74994
DGS,550674443417.2164
