Name,Riskiness R
EDZ,[1.846106e+08]
EDC,[2.48850679e+09]
SCHE,[2.50962218e+11]
EEM,[5.92462312e+11]
EET,[7.09873338e+11]
