Name,Riskiness R
IBDN,[24772.84805025]
BSCO,[9.96001951e+08]
BSCK,[7.8179381e+11]
BSCN,[1.12706683e+12]
IBDC,[1.15103328e+12]
