Name,Riskiness R
BTAL,1307179166969.028
CHEP,0.00023154187704523856
CPI,2046043212427.0037
FLAG,0.00016923835226366225
FMF,0.00036801102758764523
FTLS,0.0002742933742671061
HDG,0.2371624985617426
MCRO,3574391460481.58
MNA,3470350388738.786
MOM,0.00017345212725961346
MRGR,0.00022718927634847222
QAI,1375064200415.907
QMN,2353282505081.9106
RALS,10363203721922.135
RLY,0.0003118208457941711
SIZ,5137675657511.855
WTMF,3468053513538.923
