Name,Riskiness R
HDG,[0.2371625]
FTLS,[1.00496954e+11]
FLAG,[8.77661762e+11]
RLY,[9.61008832e+11]
QAI,[1.39642036e+12]
