Name,Riskiness R
ACIM,0.00019177696666505172
ACWF,0.00016973771688098282
ARKQ,0.24304999631120258
BJK,0.8754207425960848
CIL,0.00018475403327830432
CIZ,0.0001749832667392476
CUT,1.0699879555794007
DBAW,609677059240.3053
DBEZ,1290804338473.168
DEW,0.0001760793729951054
DGT,0.00016801553254446988
DNL,874585206620.1492
DOO,0.00017831831969513854
DUST,0.002407414510679608
EFAD,0.0001927829091121006
EFZ,0.0002551870896955155
EUMV,0.00019312539237811103
EXI,0.00017349502955457704
FAN,7.989914259921358
FILL,1160958625831.2302
FPA,933610086837.7156
FYLD,0.0001703027979018447
GEX,1190954507001.858
GHII,928471137277.9731
GOEX,0.6012730260599747
GRES,0.00018657335716784084
GRID,0.5161170294603193
HAP,0.00016610993731704918
IDHQ,0.0001790125225280442
IMTM,0.0001671832546871739
IPKW,0.3246293485127766
IQDE,0.00018292605257102666
IQDY,653039650638.9214
ISCF,0.6281019307656643
ISRA,6930527235917.736
IVAL,0.00017413016796612304
JDST,0.002883650289504314
LOWC,0.00018866620850722235
LVL,1278967537210.7466
NLR,2740837659242.4653
PBD,1139585957694.2078
PIO,1256968969942.5303
PIZ,0.000167500994616444
PSAU,1.449427571780602
PZD,0.40863590780785314
QWLD,0.00018322714087003238
RING,1.2790494909189505
SEA,6249243688192.081
SGDJ,1.370235450279291
SILJ,0.6928265035915392
TOK,0.00019839370407909442
TOLZ,0.0001999624420337609
VEGI,1575098177655.1116
YMLP,8146294900374.867
