Name,Riskiness R
HDG,[0.2201969]
FLAG,[0.27917599]
WTMF,[3879848.71407757]
HTUS,[2.90898931e+11]
MNA,[3.51645578e+11]
