Name,Riskiness R
IHDG,[0.10557811]
AIA,[0.2105161]
DBAP,[0.30156808]
FPA,[0.31627448]
EEMA,[0.38126796]
