Name,Riskiness R
BZF,0.00020578254461896676
CEW,0.0004540180940188563
CNY,1068933146970.865
CROC,8816981356858.125
CYB,0.012758759146023067
DBV,2885427264058.984
DRR,2490432379232.8438
EUFX,0.000559349746471601
EUO,0.00018470987145309162
FXA,0.00024859515018369946
FXB,0.00020949001757439826
FXC,0.0008039403190806698
FXCH,0.00020421340577072924
FXE,0.0022223830334413656
FXF,19.899914789563155
FXS,0.0004918094671628031
FXSG,241729.80097734192
FXY,0.00022117285157717488
INR,1297267637347.1836
UDN,132.3045377533338
ULE,0.00018986195009956607
URR,3997951012901.4487
USDU,0.00017022711638712453
UUP,0.0020579991301521087
YCL,1770943972111.9763
YCS,2934573810970.058
