Name,Riskiness R
ECON,[0.2687672]
EMCG,[0.15673721]
FSTA,[0.14533545]
FXG,[0.20541585]
IYK,[0.11335859]
KXI,[0.12018517]
PBJ,[0.33750255]
PSCC,[0.07849412]
PSL,[0.07075649]
RHS,[0.09982719]
SZK,[1.69285467e+12]
UGE,[0.23555839]
VDC,[0.13747532]
WBID,[0.19175346]
WBIE,[0.12847087]
WBIL,[0.07829988]
XLP,[0.14517465]
