Name,Riskiness R
ALTS,[1.40739278e+12]
BTAL,[4.30957305e+12]
CHEP,[5.68814526e+12]
CPI,[5.38022624e+11]
DIVA,[0.18761053]
FLAG,[0.08841632]
FTLS,[0.05234875]
HDG,[0.05495344]
HTUS,[0.08087668]
MCRO,[7.39001771e+11]
MNA,[0.06084277]
MOM,[2.12842708e+12]
MRGR,[6.43927009e+10]
QAI,[1.36421871e+12]
QED,[0.05547445]
QLS,[0.0993368]
RALS,[9.51415824e+12]
RLY,[0.16755699]
SIZ,[5.15348758e+12]
WTMF,[0.06648124]
