Name,Riskiness R
MINT,[0.00143455]
NEAR,[0.00236966]
RAVI,[0.00551399]
ULST,[0.00692224]
ISTB,[0.00796928]
