Name,Riskiness R
DFJ,[0.15176564]
SCJ,[0.20052279]
DXJS,[0.49049967]
DLS,[0.62501827]
KORU,[0.91918026]
