Name,Riskiness R
ZIV,[0.15897863]
SVXY,[0.32008835]
XVZ,[4.76975955e+12]
VIXM,[1.28310639e+13]
VIXY,[1.31621048e+13]
