Name,Riskiness R
AIA,[4.05500392]
XSOE,[2.75583677e+10]
CHIQ,[1.64637128e+11]
IPOS,[3.2382454e+11]
IHDG,[3.89956774e+11]
