Name,Riskiness R
DRN,0.445792385561071
DRV,25102726859109.625
DRW,452620501765.24603
FFR,0.0002235725628419973
FRI,0.00019488665536166727
GQRE,0.00022223042698847693
GRI,0.0001998049063374273
ICF,0.00019187719233599708
IFEU,3133912467423.162
IFGL,0.00020830143426683943
IYR,0.00022308400590296407
KBWY,0.00017003935244256767
MORL,0.8380751466783466
MORT,562368316521.0071
PSR,0.00017888087886997592
REK,0.00019744499735976882
REM,870819746823.1702
REZ,0.00017576216562192315
ROOF,0.00019620391922510903
RWO,0.00020315554730732148
RWR,0.00019955965422135242
RWX,0.00020043469578553947
SCHH,0.00019923588199497684
SRS,5258982931544.045
TAO,437151305336.1951
URE,0.39628513696692197
USRT,0.00021566703549897
VNQ,0.00020043574544416137
VNQI,0.00018399560744253798
WPS,0.00020578264141317068
WREI,0.00019437674137200698
