Name,Riskiness R
REZ,[0.33572617]
URE,[0.39628514]
DRN,[0.44579239]
ICF,[0.48678688]
SCHH,[0.6451756]
