Name,Riskiness R
BZF,0.00020578254461896676
CEW,0.0004540180940300442
CNY,1125620085857.0083
CROC,2187770556914.9917
CYB,0.012796498579641508
DBV,2894218541802.351
DRR,3355433798300.442
EUFX,0.0005593506154410776
EUO,0.00018470987145309176
FXA,0.00024859515018369946
FXB,0.00020949001757439826
FXC,0.0008044830678644529
FXCH,0.00020421340577072924
FXE,0.0022223817468089535
FXF,18.961403872572635
FXS,0.0004918094671628031
FXSG,235092.39601840987
FXY,0.00022117285157717488
INR,1509146442048.837
UDN,125.11309835737518
ULE,0.00018986195009956607
URR,1057189966617.8975
USDU,0.00017022711638712453
UUP,0.0020588435459169114
YCL,1160155222115.3164
YCS,7104450306892.556
