Name,Riskiness R
FXF,[18.96140387]
UDN,[125.11309836]
FXSG,[235092.40071153]
URR,[8.39605546e+11]
FXA,[1.03458332e+12]
