Name,Riskiness R
SVXY,[0.94597922]
TVIX,[2.43488291e+13]
UVXY,[2.62496458e+13]
VIIX,[1.33904066e+13]
VIXM,[1.15145983e+13]
VIXY,[1.32241818e+13]
XVZ,[3.22630423e+12]
ZIV,[0.30048783]
