Name,Riskiness R
UVXY,0.0030357288885927737
TVIX,0.0035477181783191494
ZIV,0.300487828781551
SVXY,0.9459792244054893
VIXM,5458238938688.236
