Name,Riskiness R
BSCJ,2066121461570.1167
BSCK,2102617851496.645
BSCL,2866962306248.245
BSCM,976143642020.5651
BSCN,2850210392182.87
BSCO,0.004748654383468035
IBCD,293218825122.01685
IBCE,0.0009953868171042434
IBDC,1434754450567.715
IBDD,0.001096356587494636
IBDL,1488072859529.22
IBDM,2512946979792.0796
IBDN,23650.115120158145
