Name,Weight
Technology Equity ETF List (75),0.2960099773758016
Financials Equity ETF List (51),0.27745348399576597
Industrials Equity ETF List (37),0.16238309289731723
Developed Markets ETF List 1 (100),0.15102338133216767
Developed Markets ETF List 2 (100),0.11313006439894739
