Name,Riskiness R
QWLD,[0.07078336]
IPKW,[0.07348139]
PZD,[0.09162804]
IDHQ,[0.09211257]
TOK,[0.09305889]
