Name,Riskiness R
ERUS,[0.48587854]
FCOM,[5.53929669e+10]
FONE,[0.44229171]
IXP,[7.66161245e+11]
IYZ,[2.70423663e+12]
LTL,[3.8516235e+11]
VOX,[4.28735922e+11]
WBIF,[2.22041e+12]
XTL,[11.10340375]
