Name,Riskiness R
SVXY,0.002452268833441212
ZIV,0.21311711659769506
UVXY,2.406770856112221
VIXY,2.8692895465709203
TVIX,2.9957578190244916
