Name,Riskiness R
BICK,0.00016670454919961276
EMQQ,0.25431939715056107
FEMS,0.563449029593462
XSOE,0.6935292288442356
EEB,0.7741805020883344
