Name,Riskiness R
EMQQ,[0.24123104]
FEMS,[0.82893585]
EDC,[1.33507135]
EET,[1.44336299]
XSOE,[2.10669879]
