Name,Riskiness R
AGG,[0.02972114]
AGND,[6.67636327e+11]
AGZD,[4.5613505e+10]
BIV,[0.04410399]
BLV,[0.09380077]
BND,[0.03368632]
BNDX,[0.01323648]
BOND,[0.02943378]
BSV,[0.01866723]
FTSD,[0.02110171]
FWDB,[0.05562772]
GBF,[0.03744521]
GVI,[0.02441372]
HOLD,[0.01210643]
ILTB,[0.07695081]
ISTB,[0.00903206]
LDUR,[0.01337843]
MINC,[0.00791966]
MINT,[0.00152802]
NEAR,[0.00265922]
RAVI,[0.00469498]
SAGG,[5.11932483e+11]
SCHZ,[0.02647298]
SPAB,[0.02719721]
ULST,[0.01170054]
XMPT,[0.05381221]
