Name,Riskiness R
AAXJ,[0.15467512]
ACWX,[0.12836228]
ADRA,[0.14311579]
AIA,[0.11203253]
AXJL,[0.2342867]
AXJV,[1.00821219]
CHIQ,[0.16469992]
CWI,[0.12474741]
DBAP,[0.16862097]
DNL,[0.13315963]
EEMA,[0.16080734]
EMCG,[0.29861834]
FPA,[0.15362173]
FPXI,[0.10424402]
HEEM,[0.18160185]
IEMG,[0.16760429]
IHDG,[0.11635952]
IPOS,[0.18509136]
IQDE,[0.14922852]
IQDY,[0.15041899]
PAF,[0.18416091]
QEMM,[0.18079418]
REMX,[0.33497594]
VEU,[0.11489518]
VXUS,[0.11699005]
XSOE,[0.13501497]
