Name,Riskiness R
AIA,[0.41563387]
XSOE,[0.68925094]
CHIQ,[0.86213254]
REMX,[1.61740555]
EEMA,[4.63908991]
