Name,Riskiness R
BSCJ,[2.40183269e+10]
BSCM,[0.05685331]
IBCD,[0.00674821]
IBCE,[0.01352836]
IBDC,[0.00538371]
IBDD,[1.1944849]
