Name,Riskiness R
KOL,[0.10315141]
CRAK,[0.10337113]
PZD,[0.16611587]
GRID,[0.27875921]
CHIE,[0.33266547]
