Name,Riskiness R
ITB,[0.5152515]
PKB,[0.7495446]
GOEX,[1.96481433]
CHIM,[1.60087975e+11]
CROP,[2.00800064e+11]
