Name,Riskiness R
UUP,[0.07378234]
INR,[0.07575171]
EUFX,[0.09927232]
USDU,[0.13937876]
DRR,[0.18040038]
