Name,Riskiness R
FPE,[0.0257102]
PGF,[0.03396237]
PFF,[0.08298292]
PSK,[0.08372318]
PFXF,[0.17369834]
