Name,Riskiness R
DIVY,[0.02922175]
MNA,[0.03165058]
CPI,[0.03229874]
QED,[0.0422607]
QMN,[0.05111412]
