Name,Riskiness R
ITM,[1.11950841e+12]
MLN,[1.8148232e+12]
MUB,[7.19668572e+11]
MUNI,[3.82142227e+12]
PRB,[8.70152229e+11]
PVI,[1.63794253e+12]
PZA,[5.23763961e+11]
RVNU,[1.58420431e+10]
SHM,[1.83876529e+12]
SHYD,[1.80848213e+12]
SMB,[1.95893262e+12]
SMMU,[1.6634784e+12]
SUB,[1.68185463e+12]
TFI,[1.9007917e+12]
