Name,Riskiness R
RVNU,[1.58420431e+10]
PZA,[5.23763961e+11]
MUB,[7.19668572e+11]
PRB,[8.70152229e+11]
ITM,[1.11950841e+12]
