Name,Riskiness R
AADR,[0.08942833]
SOCL,[0.09431278]
FM,[0.12078612]
FONE,[0.12441135]
VIDI,[0.12748902]
