Name,Riskiness R
BBH,2.17975391706092
BIB,1.2274543323019722
BIS,7960049759744.9795
CURE,0.430294444030295
FBT,0.6508398154877516
FHLC,0.0001709392906900413
FXH,216466961917.96252
IBB,3.6400642437784407
IHE,1.6907627892580348
IHF,0.00021172206034872552
IHI,0.00019100806967515524
IXJ,0.00020125568288268994
IYH,1.0015838548955491
PBE,384219142316.12024
PJP,213227318527.30853
PPH,0.0001744656639335168
PSCH,0.7799865103279002
PTH,740292819263.6626
RXD,10128821805351.828
RXL,0.38127439043232114
RYH,0.00017911209123699017
VHT,0.7515629241249369
XBI,0.564754676861311
XHE,0.00017169258956896167
XHS,0.00018079381708553162
XLV,0.00019128741560055863
XPH,151454626292.57703
