Name,Riskiness R
BBH,[0.23805952]
BIB,[0.60543935]
BIS,[9.21476524e+12]
CURE,[0.28653906]
FBT,[0.20534343]
FHLC,[0.09161139]
FXH,[0.13028444]
IBB,[0.27863262]
IHE,[0.16603445]
IHF,[0.10453886]
IHI,[0.05448899]
IXJ,[0.1122513]
IYH,[0.09366679]
PBE,[0.4283098]
PJP,[0.23064553]
PPH,[0.22216326]
PSCH,[0.12358949]
PTH,[0.46980922]
RXD,[8.26066923e+12]
RXL,[0.20061044]
RYH,[0.07483707]
VHT,[0.09494681]
XBI,[0.27269348]
XHE,[0.09272232]
XHS,[0.14826418]
XLV,[0.0847529]
XPH,[0.34489267]
