Name,Riskiness R
SZO,[0.17855547]
DTO,[0.28758527]
SCO,[0.38896196]
UCO,[6.79813048e+11]
USL,[5.35029387e+12]
