Name,Riskiness R
ILTB,[3.51358571e+11]
FWDB,[4.86395577e+11]
BLV,[5.00645028e+11]
BYLD,[5.66622016e+11]
NEAR,[6.73481631e+11]
