Name,Riskiness R
ERUS,[0.23169154]
FCOM,[4.77558312e+10]
FONE,[0.30996611]
IXP,[1.59555809e+12]
IYZ,[3.43474862e+11]
LTL,[2.63981656e+11]
VOX,[2.01833249e+12]
WBIF,[0.34515127]
XTL,[0.20516093]
