Name,Riskiness R
XTL,[0.20516093]
ERUS,[0.23169154]
FONE,[0.30996611]
WBIF,[0.34515127]
FCOM,[4.77558312e+10]
