Name,Riskiness R
SOCL,[0.53526268]
FONE,[1.224469]
EDC,[5.29854518e+09]
AADR,[2.4600999e+11]
SLVP,[2.66435663e+11]
