Name,Riskiness R
SMH,[0.17239627]
GDXJ,[5.90071316]
SIL,[6.72945906e+10]
GDX,[1.8687202e+11]
RXI,[2.69916711e+11]
