Name,Riskiness R
PXH,[0.16868262]
EEB,[0.17473072]
FNDE,[0.18381532]
DEM,[0.23165211]
DVYE,[0.23721078]
