Name,Riskiness R
AADR,[0.10049093]
SOCL,[0.11720728]
FONE,[0.11947348]
LIT,[0.13644562]
FAN,[0.14235061]
