Name,Riskiness R
CARZ,2124878518588.8716
CROP,0.0001899245216670194
DPK,2042060320052.8582
DZK,4705892311128.253
EFO,19799511.628906474
EFU,4233142761748.416
FDTS,2106197271696.2646
FLM,0.00016843651789822682
FTAG,15862868604727.242
FTRI,8614420053479.079
HGI,2088527754446.3562
IDMO,13014538470473.998
IPO,960740781188.4791
PAGG,867021497837.9312
PEX,0.00018944531430422447
SOIL,1174722050718.4585
