Name,Riskiness R
EFO,[19799562.44017677]
CROP,[2.71594639e+11]
PEX,[6.63500438e+11]
FLM,[1.10559944e+12]
SOIL,[1.20602401e+12]
