Name,Riskiness R
UXI,[0.4452974]
ITA,[0.49291867]
PPA,[0.52835185]
XAR,[0.53698102]
CHII,[1.37148924]
