Name,Riskiness R
KBWP,[0.04140687]
KIE,[0.05958495]
RYF,[0.07025304]
XLF,[0.07958893]
FXO,[0.08060569]
