Name,Riskiness R
DGL,0.0001733118366664595
DGLD,1331748931280.0166
DGP,976302572222.9988
DGZ,0.0002134404433100106
DZZ,2521804408298.373
GLD,0.00018321940545114543
GLL,1551861780923.3367
IAU,0.00018445291841975901
OUNZ,0.00018080639983367207
SGOL,0.00018235798610584088
UBG,13216831979966.113
UGL,5666634592082.599
UGLD,4539780769038.043
