Name,Riskiness R
ANGL,[0.22345556]
CJNK,[1.27448123e+12]
GHYG,[1.15698575e+12]
HYG,[251.50741276]
HYGH,[9.52641017e+11]
HYHG,[2.90933412e+11]
HYIH,[2.14196262e+11]
HYLD,[0.25529976]
HYLS,[2.45618838e+11]
HYND,[2.2146206e+11]
HYS,[3.47144792e+11]
HYZD,[36679238.19367749]
JNK,[1.51000467e+12]
PGHY,[2778.91234633]
PHB,[2.25742934e+11]
RIGS,[1.33644199e+12]
SHYG,[1.12680842e+12]
SJB,[1.22390393e+13]
SJNK,[2.95404998e+11]
UJB,[0.41130785]
WBII,[4.39877513e+12]
