Name,Riskiness R
ANGL,[0.22345556]
HYLD,[0.25529976]
UJB,[0.41130785]
HYG,[251.50741276]
PGHY,[2778.91234633]
