Name,Riskiness R
AAXJ,0.172802249574997
ADRE,0.00016903079378601923
AFTY,8022906064879.923
AIA,0.14171490862233468
ASEA,0.12032944252885756
ASHR,20859629473476.11
ASHS,31099112581408.625
ASHX,8028609254457.889
AXJV,2.21450107667657
CHAD,7339601129345.843
CHAU,0.0037931253653118147
CHIE,0.23439540832709543
CHII,0.5566648840439259
CHIM,0.22299066895987504
CHIQ,0.47120800177669425
CN,0.6632568440388703
CNHX,169688.77718626938
CNXT,0.13991316616525193
CQQQ,0.34221623329820766
CXSE,0.22577591641972342
DBEM,0.13703923935466952
DEM,0.19255110817406912
DGRE,0.19620895807271804
DGS,0.14952096442364385
ECNS,2.255460074332606
EDC,0.571604047457365
EDIV,0.15005964224656326
EDZ,3.058231826959416
EEM,0.16749806696163635
EEMA,0.14864139805756643
EEMV,0.13645071623456834
EET,0.3441212572826793
EEV,591941339607.9221
EIDO,0.20696643643598003
EMQQ,0.3095745202093043
EPHE,4779193197999.864
EUM,21887725624835.945
EWM,0.24721763421143453
EWX,0.20193069444371775
FCA,0.23779449873934855
FEM,0.1361457792982697
FEMS,0.17780710629488727
FNI,0.27882565910626583
FXI,0.33005622485966424
FXP,87342953.63291827
GMF,0.15042104125390543
GXC,0.2328439353929282
HAO,0.5709531924918247
IDX,0.20753115687659798
INCO,0.1995823781638338
INDA,0.23669881186296587
INDL,0.6933247778416709
INXX,0.4441849026819366
KBA,8940539541148.879
KFYP,0.6509341396372101
KWEB,0.5828474914195426
MCHI,0.2312268947023763
PEK,26720302799336.0
PGJ,0.6585429798684196
PIE,1.3720290526393033
PIN,0.2301256752512663
SCIF,2.469178472132529
SCIN,4.15739417724794
SMIN,0.45283267853306425
SPEM,0.1369801001374148
THD,0.12427018417290699
VNM,0.82220131971692
VWO,0.00016822242513232115
XCEM,0.17498980487136306
XINA,0.039790682599517596
XPP,0.5691959840370138
YANG,73574736466172.66
YAO,0.25173142280775873
YINN,0.00527933875797873
YXI,20914566434943.82
