Name,Riskiness R
IHI,[0.06004588]
XHE,[0.08524423]
PSCH,[0.09911474]
XLV,[0.14648425]
RYH,[0.15427931]
