Name,Riskiness R
FHLC,0.0001709392906900413
XHE,0.00017169258957650302
PPH,0.00017446573700100924
RYH,0.0001791120912369902
XLV,0.00019132027989750668
