Name,Riskiness R
CORP,[2.66181827e+10]
GSY,[5.60614913e+11]
SLQD,[7.21362415e+11]
IGSB,[7.47446107e+11]
SKOR,[9.16941755e+11]
