Name,Riskiness R
IHI,[0.05829409]
XHE,[0.07927553]
RYH,[0.10116999]
IHF,[0.11307764]
XLV,[0.11533727]
