Name,Riskiness R
FXSG,[258206.410036]
BZF,[2.94447186e+11]
INR,[3.48616979e+11]
URR,[5.916242e+11]
CNY,[7.42351631e+11]
