Name,Riskiness R
HAP,0.00016610993731704858
VEGI,0.00017127241538486006
MOO,0.0001840133109797849
SOIL,0.00019433009162900188
SBM,0.00021016687037381457
