Name,Riskiness R
AGF,3383484655331.4795
AGQ,11500275628165.96
BCM,0.00023030842015484237
BDD,0.007717068664526585
BNO,12658642430811.082
BOIL,300.5390577498723
BOM,0.01178746808616508
BOS,0.005986723367069979
CANE,0.00019382522395774691
CORN,17278150050570.047
CPER,2161817619668.3813
DAG,1641489734162.8035
DBA,0.00021202569229400017
DBB,0.00023803496143992375
DBC,0.00017824353393518477
DBE,6601150232541.42
DBO,3289378851366.8105
DBP,0.00017934861139438644
DBS,2290690987750.0527
DDP,0.4958307645875711
DGAZ,0.003713814505326177
DGL,0.0001733118366664595
DGLD,113238772322.6338
DGP,1271829488554.6243
DGZ,0.0001785353757965786
DJCI,0.0002514014317014817
DJP,0.0002229691071365004
DSLV,0.017651984437160522
DTO,0.39117572289151414
DYY,2.5432212874936466
DZZ,1858677110137.9365
FTGC,0.0002728004649969852
FUD,6020043311127.156
FUE,0.012221464493560211
GCC,0.0003849135362466199
GLD,0.00018321940545114543
GLL,503806420512.4691
GLTR,0.00017405320760807656
GRU,5410657436237.999
GSC,6216942810743.91
GSG,11200705425443.398
GSP,15168405873375.555
IAU,0.00018445291841975901
KOLD,0.7920525365872737
LD,0.0026632736859301827
NIB,2671301463326.984
OLEM,12939266603735.85
OLO,15702969238815.16
PALL,4843690865923.599
PPLT,5067931009455.094
RJA,0.00021204772116969247
RJI,0.00021348024838398221
RJN,6190858740647.066
RJZ,0.00022255611782743797
SCO,0.5646449841589513
SGOL,0.00018235798610584088
SIVR,6352284822375.941
SLV,731672103881.3367
SOYB,0.0001716708657463971
SZO,0.28784475484100813
TAGS,2807011405121.762
UAG,746295.718762759
UBG,1059542377126.0309
UCI,9204205045668.254
UCO,168266615328.9497
UGA,31078072442019.773
UGAZ,0.003424289803051232
UGL,9045094601186.59
UGLD,1140034190563.808
UNG,14961864836098.188
UNL,10438688583367.205
USCI,0.00027371516210386864
USL,3824737232383.7583
USLV,4070.1681153886043
USO,3322453838391.8945
USV,3475614188977.052
WEAT,15353613301677.611
ZSL,469724379793.8392
