Name,Riskiness R
SZO,[0.28784475]
DTO,[0.39117572]
DDP,[0.49583076]
SCO,[0.56464498]
KOLD,[0.79205254]
