Name,Riskiness R
CBND,0.0029108226335230712
CORP,26415333846.97901
GSY,2.4549251923964587e-05
ICSH,1.8889867226122476e-05
IGHG,3659174792518.053
IGIB,2532407839530.8647
IGSB,1.983086754814114e-05
LQD,36435023.41766768
LQDH,2319129277478.9995
PFIG,1345324434906.9097
QLTA,3588759349031.8174
SLQD,2134969502639.7405
SPIB,4352644541878.9404
SPLB,0.00038872475858771
USIG,3106669684193.891
VCIT,2094833006181.8435
VCLT,0.00033893471481034773
VCSH,2554706804471.928
