Name,Riskiness R
FMB,2786015379418.741
ITM,85.05912986935192
MLN,0.0029091298129253766
MUB,2582917290857.675
MUNI,1626237855279.437
PRB,1645991692474.8264
PVI,4.0339276994323394e-05
PZA,9.381818309994145
RVNU,0.0011588302762857157
SHM,1484370248778.3418
SHYD,0.0008655372903988933
SMB,2260193062802.6226
SMMU,2684212630238.3916
SUB,1.7538023187996516e-05
TFI,2761426123697.103
