Name,Riskiness R
SUB,1.7538023187996516e-05
PVI,4.0339276994323394e-05
SHYD,0.0008655372903988933
RVNU,0.0011588302762857157
MLN,0.0029091298129253766
