Name,Riskiness R
IHDG,0.00016957832073062582
VXUS,0.00021154969294831605
AIA,0.10599803596421314
FPA,0.1121085074898675
VEU,0.11412101476903111
