Name,Riskiness R
ERUS,0.5159056987272831
FCOM,0.00021163627588649157
FONE,0.7784848696611173
IXP,0.00030544879523048795
IYZ,0.00016777454266206712
LTL,859721039619.7195
VOX,0.00020601736626134327
WBIF,0.00023118027700517172
XTL,575165633732.2803
