Name,Riskiness R
BICK,0.00016670454919961276
EDZ,137299561.98546466
EDC,5724710175.586182
VWO,835905773152.6272
BBRC,987201119280.5522
