Name,Riskiness R
EDZ,[1.37299991e+08]
EDC,[5.73144992e+09]
FNDE,[7.70996478e+11]
SCHE,[8.28090492e+11]
EEMS,[1.00866898e+12]
