Name,Riskiness R
SMH,[0.14411475]
ROBO,[0.17946318]
XT,[0.25366677]
WOOD,[0.32084616]
LIT,[0.36880956]
