Name,Riskiness R
ARKW,[0.1195795]
XNTK,[0.13876408]
IGM,[0.139472]
RYT,[0.14317954]
QTEC,[0.14390246]
