Name,Riskiness R
SKYY,0.0001660380611838958
XT,0.00016731214753625912
PSJ,0.00016805567422121886
ARKW,0.11957949594975488
XNTK,0.1387640774560184
