Name,Riskiness R
DBO,[2.20712734]
UCO,[2.84818485]
USL,[4.1833821]
USO,[1.35244584e+11]
OLEM,[2.12073247e+11]
