Name,Riskiness R
FYLD,0.00016622884469958085
EFZ,0.0001664035286163119
IVAL,0.00016782788504633177
DOO,0.00016797969540930023
HAWX,0.0001685342432587997
