Name,Riskiness R
ECON,[5.04577361e+12]
EMCG,[1.03088e+12]
FSTA,[7.0246186e+11]
FXG,[1.72031058e+12]
IYK,[5.20088726e+11]
KXI,[1.1050394e+12]
PBJ,[3.369232e+12]
PSCC,[7.63394243e+10]
PSL,[2.04397694e+11]
RHS,[4.1836675e+11]
SZK,[1.88307641e+12]
UGE,[1.42228005]
VDC,[7.00812342e+11]
WBID,[1.16604516e+12]
WBIE,[5.18523618e+12]
WBIL,[1.20168924e+12]
XLP,[5.79068787e+11]
