Name,Riskiness R
UGE,[1.42228005]
PSCC,[7.63394243e+10]
PSL,[2.04397694e+11]
RHS,[4.1836675e+11]
IYK,[5.20088726e+11]
