Name,Riskiness R
DGL,1104107014656.487
DGLD,0.013181768720649004
DGP,1.6401412617449167
DGZ,5993635101065.725
DZZ,27030533875415.04
GLD,5.625816890520422
GLL,30251458887698.5
IAU,2.9756858991814568
OUNZ,6.579048941854185
SGOL,5.096143704360554
UBG,1.0727803447775748
UGLD,1.2969753331845
