Name,Riskiness R
DGLD,0.013181768720649004
UBG,1.0727803447775748
UGLD,1.2969753331845
DGP,1.6401412617449167
IAU,2.9756858991814568
