Name,Riskiness R
DUG,[2.94991756]
ERY,[3.87246966]
PZD,[1.10564197e+11]
GRID,[3.71215214e+11]
FAN,[4.10083162e+11]
