Name,Riskiness R
FCOM,[0.11108194]
XTL,[0.12805285]
FONE,[0.1349177]
VOX,[0.17062886]
IYZ,[0.27741556]
