Name,Riskiness R
DBO,473309828673.47894
DTO,2693967051280.116
OLEM,10.292988535037093
OLO,73.97480438845898
SCO,3030655450225.7866
SZO,4303255144459.3926
UCO,4.728299798489365
USL,1.3283813280371477
USO,201392512848.31512
