Name,Riskiness R
PPA,[0.07440578]
ITA,[0.07907617]
IYJ,[0.09720763]
RGI,[0.10331041]
XAR,[0.10450464]
