Name,Riskiness R
IBB,0.0017195344574523277
XPH,0.0018483113100238094
BIB,0.0033607439880155173
BBC,0.0053325469341044575
IHI,0.06585235976283628
