Name,Riskiness R
ECON,[3.19849353e+12]
EMCG,[1.51964973e+12]
FSTA,[3.34674159e+10]
FXG,[8.6853106e+10]
IYK,[4.19097051e+11]
KXI,[1.00381525e+12]
PBJ,[1.01034208e+11]
PSCC,[0.26431646]
PSL,[2.10002004e+11]
RHS,[0.36619104]
SZK,[2.55651344e+12]
UGE,[0.36931629]
VDC,[6.16728238]
XLP,[1.27753044e+10]
