Name,Riskiness R
CHIM,8.28612435853607
COPX,0.8016492678206748
CROP,0.0001899245216670194
CUT,2.0853090969971335
DUST,0.002407414510679608
FLM,0.00016843642362763866
FMAT,0.5633368190967022
FTAG,12407331047933.871
FTRI,3665567856280.3994
FXZ,0.2461164077836027
GDX,1.4921867341507586
GDXJ,0.6529046277125186
GDXS,0.011036201138126287
GDXX,0.0018433631169587966
GNR,10.08339563184557
GOEX,0.5571734998537253
GRES,0.00018657335716784084
GUNR,215775762057.8619
HAP,0.00016610993727711443
HOML,0.022276676549996852
IGE,5437395170777.631
ITB,0.18728961561197305
IYM,0.9213010453115685
JDST,0.002883650289504314
JNUG,0.0024067337245112547
LIT,0.1650310076897425
MOO,0.0001797537164827927
MXI,0.7072758480828099
NUGT,0.0026141499540090233
PAGG,2682320780425.526
PICK,0.8274861389173439
PKB,0.24974158744876626
PSAU,1.472798434449441
PSCM,1.0333409205249964
PYZ,0.49037813063691904
REMX,1.1131464030278873
RING,1.46639768868352
RTM,0.39496076982995754
SBM,4938656954003.869
SGDJ,0.9585495307912035
SGDM,1.6463032458123643
SIL,1.0002072426235689
SILJ,0.5156207337344569
SLVP,0.8993838045811848
SLX,0.38169420005709126
SMN,6269560509789.298
SOIL,2778027644637.5166
URA,3513519171527.868
UYM,0.41625663131388674
VAW,0.5593098611298083
VEGI,969628240769.0297
WOOD,0.40196916370133584
XHB,84991520585.42282
XLB,0.869628420772289
XME,0.5558061125496688
