Name,Riskiness R
CARZ,15716323391055.234
CROP,0.1624576840440168
DZK,27284395363545.367
EFO,5088928906593.577
EFU,5598326855303.022
FDTS,16307107721081.227
FLM,3499280665860.505
FTAG,2.0839571904773693
FTRI,46353418452405.78
HGI,7487916613648.946
IDMO,6120933578170.695
IPO,5982022540003.818
PAGG,5239239290760.832
PEX,0.2734582649628894
SOIL,5463945190929.4375
