Name,Riskiness R
SMIN,[0.32356907]
INCO,[0.41188836]
PEK,[0.58332799]
ASHR,[0.67853574]
SCIF,[0.77803998]
