Name,Riskiness R
INDA,0.00017001542606068438
YANG,0.010511975835383705
YINN,0.01869700827911257
SMIN,0.3235690745171293
INCO,0.41188836405110035
