Name,Riskiness R
XSOE,[0.10041123]
EEB,[0.10538269]
ADRE,[0.10621372]
EWX,[0.10748887]
EMQQ,[0.11130853]
