Name,Riskiness R
AADR,[0.06570806]
SOCL,[0.10090262]
VIDI,[0.10183775]
FPXI,[0.10424402]
LIT,[0.10744571]
