Name,Riskiness R
AAXJ,314796299790.65027
ADRE,232942783616.596
AIA,0.6948560874357702
ASEA,4669043979656.584
ASHR,0.7331644972099268
ASHS,7.851877804958257
AXJV,0.0034034213042037605
CHIE,3437122967834.0693
CHII,4.63653316432472
CHIM,1.0935982930011905
CHIQ,27.86879833818732
CHIX,0.7680178800382734
CN,0.5117746213395312
CNXT,10.343607824787973
CQQQ,0.4715373713157687
CXSE,0.4343137930375485
DBEM,2820099669022.25
DEM,1729097881311.8604
DGRE,952283836952.6436
DGS,398770876789.5758
ECNS,299489210792.1746
EDC,2.7363068617866313
EDIV,1730660509546.1982
EDZ,232771755.58565646
EEM,1643699997030.496
EEMA,120068775969.88202
EEMV,1686804898836.9277
EET,8.16484764672968
EEV,3850225234635.331
EIDO,2454709246164.4814
EPHE,4321912624495.9863
EPI,255098130740.1112
EUM,1954091607476.4836
EWM,768072.5977704269
EWX,1451375374152.1294
FCA,7.632003253509475
FEM,3235195518724.2134
FEMS,466990755863.1328
FNI,3.074077443634176
FXI,748461843298.547
FXP,4634500945253.246
GMF,585205770210.3835
GXC,1.2625827767918802
HAO,2929746995619.877
IDX,591836725050.4441
INCO,0.6342617995941979
INDA,0.00017001542606068438
INDL,4.303571676822929
INDY,1100993397530.9897
INXX,945018950281.6946
KBA,2.1409231459129248
KFYP,0.6817102192317518
KWEB,0.39988284229549026
MCHI,1.539557567465773
PEK,0.6533181508968745
PGJ,0.5470358508090637
PIE,2757505862262.591
PIN,356648765457.631
SCIF,0.721400414396453
SCIN,4.057825926619323
SMIN,0.41815605510961157
SPEM,960317508660.1802
THD,3130760311713.2393
VNM,5294318502128.831
VWO,621979506718.1385
XPP,1.6499546096880897
YANG,0.010511976003503024
YAO,3.2340827617315537
YINN,0.018696628115982966
YXI,12116814080365.35
