Name,Riskiness R
GQRE,[0.11219693]
REM,[0.1129018]
DRW,[0.11485006]
MORT,[0.12275804]
TAO,[0.12491243]
