Name,Riskiness R
ERUS,0.7533309304541607
FCOM,0.00018401874588435538
FONE,0.6192504610695587
IXP,0.00020118506767235006
IYZ,0.00016777454268978228
LTL,4057516802914.013
VOX,0.00017571803492242425
WBIF,0.00023118028527439226
XTL,52180992159.55747
