Name,Riskiness R
ERUS,[0.75333093]
FCOM,[8.53904157e+11]
FONE,[0.61925046]
IXP,[1.42135388e+12]
IYZ,[2.2398269e+12]
LTL,[1.34694609e+12]
VOX,[8.27895819e+11]
WBIF,[8.69845877e+11]
XTL,[3.92565681e+11]
