Name,Riskiness R
AIA,[1.70315884]
XSOE,[3.98742671e+10]
GEM,[3.21241306e+11]
CHIQ,[3.35254469e+11]
ADRA,[3.9293804e+11]
