Name,Riskiness R
ARKK,0.11831327677300173
ARKW,0.08403322236545965
CIBR,0.1810959303859236
CQQQ,0.12656169467084283
EMQQ,0.14974152967897944
FDN,0.09777255132172606
FTEC,0.0891007821841612
FXL,0.10899105957809757
HACK,0.3295973106075873
IEUS,0.37875671690945006
IGM,0.08303252379046502
IGN,0.29273663215870027
IGV,0.08643042586718924
ISRA,2254961029593.142
IXN,0.08567031173042011
IYW,0.09777326478281365
KWEB,0.14233916758280274
PNQI,0.11195325060727898
PSCT,0.14026164606652589
PSI,0.11209558660007339
PSJ,0.0001680543882650958
PTF,0.2095134872044744
PXQ,0.16282888426079126
QQQ,0.11364205270529129
QTEC,0.09025471608920288
REW,6755618161907.719
ROBO,0.10574995667428008
ROM,0.1489401845031398
RYT,0.08066299639544598
SCID,43638295121.16143
SKYY,0.00016603806118389576
SMH,0.09213820003940933
SOCL,0.11073758602423198
SOXL,0.23132637217322544
SOXS,55347433157120.03
SOXX,0.0973792395124787
SSG,29408369625042.883
TDIV,0.13641750550275047
TECL,0.1811829521148611
TECS,10784824217612.31
USD,0.16457251779429483
VGT,0.08990120628053774
XLK,0.08469431420937082
XNTK,0.09188795336173247
XSD,0.14099557407597577
XSW,0.10929615532659874
XT,0.00016731214753625912
