Name,Riskiness R
SKYY,0.00016603806118389576
XT,0.00016731214753625912
PSJ,0.0001680543882650958
RYT,0.08066299639544598
IGM,0.08303252379046502
