Name,Riskiness R
INR,[0.04022828]
BZF,[0.23839568]
FXY,[0.24152967]
CYB,[0.28258924]
UUP,[0.28698363]
