Name,Riskiness R
PPA,[0.04853054]
ITA,[0.05226513]
IYJ,[0.05656178]
XLI,[0.05680232]
FIDU,[0.06202606]
