Name,Riskiness R
FONE,[0.58140142]
ERUS,[0.8440812]
FCOM,[3.9809074e+11]
VOX,[5.11287507e+11]
WBIF,[6.75201887e+11]
