Name,Riskiness R
ITM,0.00019403246158164955
MLN,60710194143.04736
MUB,0.0002774214594502979
PVI,0.00025434949318239663
PZA,0.0002589533233047733
RVNU,0.33478777778835916
SHM,0.0022172963642579703
SHYD,0.00016845743569348867
SMB,0.0005953164059472087
SMMU,1495272229291.3398
SUB,4763678465872.7705
TFI,0.00026052907907913507
