Name,Riskiness R
AIRR,[0.17629768]
CGW,[3.25376733e+08]
CHII,[4.96535599e+11]
EDOM,[4.26452218e+11]
EXI,[0.2730834]
FIDU,[0.15338274]
FIW,[0.11100931]
FXR,[0.13920661]
IEV,[2.62136767e+11]
ITA,[0.07770795]
IYJ,[0.13994125]
IYT,[0.21143033]
JETS,[5.01864277e+10]
PHO,[0.24549679]
PIO,[9.76293788e+10]
PPA,[0.07717011]
PSCI,[0.16616187]
RGI,[0.15139372]
SEA,[1.53899816e+12]
SIJ,[1.16310147e+13]
UXI,[0.16017242]
VIS,[0.17183296]
XAR,[0.08150122]
XLI,[0.13983697]
XTN,[0.22716921]
_PRN,[0.34989589]
