Name,Riskiness R
SVXY,[0.59429334]
TVIX,[3.26343381]
UVXY,[2.5872837]
VIIX,[18.11447459]
VIXM,[5.85707623e+13]
VIXY,[3.19550959]
XVZ,[5.82506691e+12]
ZIV,[0.15765256]
