Name,Riskiness R
ZIV,[0.15765256]
SVXY,[0.59429334]
UVXY,[2.5872837]
VIXY,[3.19550959]
TVIX,[3.26343381]
