Name,Riskiness R
CWI,0.00016661214191429353
VXUS,0.00016686569577386705
ADRA,0.00017214282030146065
FPXI,0.0001780705958312933
IQDE,0.00018292605257102666
