Name,Riskiness R
UVXY,0.0030357288885927737
TVIX,0.0035477181783191494
ZIV,0.23950149213626662
SVXY,1.034295901081626
XVZ,3579721948754.46
