Name,Riskiness R
ALTS,[0.2477816]
BTAL,[1.09076172e+11]
CHEP,[1.32048276e+11]
CPI,[0.01885462]
DIVA,[0.11114886]
DIVY,[0.02608028]
FLAG,[0.0712483]
FMF,[2.58542941e+11]
FTLS,[0.05217648]
HDG,[0.03613283]
HTUS,[0.07793581]
MCRO,[0.04191014]
MNA,[0.02781275]
MOM,[5.22821812e+11]
MRGR,[1.08864927e+12]
QAI,[0.0382795]
QED,[0.02954639]
QMN,[0.0335659]
RALS,[4.79066086e+11]
RLY,[0.07095941]
SIZ,[3.18549989e+12]
VAMO,[0.21150895]
WTMF,[2.33141234e+11]
