Name,Riskiness R
ACWV,[0.06317343]
KXI,[0.10646747]
SMH,[0.11661371]
IHDG,[0.12736943]
RXI,[0.14213311]
