Name,Riskiness R
ERUS,0.43793585659552053
FCOM,0.00021163627588649157
FONE,0.4675319139327359
IXP,0.0003054487952305159
IYZ,0.00016777454266206712
LTL,705903885792.5876
VOX,0.00020601736626134327
WBIF,0.00023118027700517172
XTL,270743389079.31274
