Name,Riskiness R
SOCL,[0.18769016]
AADR,[0.20592888]
LIT,[0.26631434]
FONE,[0.32343761]
KOL,[0.342073]
