Name,Riskiness R
DRN,0.8808467711668039
DRV,9178545728327.686
DRW,0.0001794789827775794
EWRE,579905343796.6525
FFR,0.00021849555642607376
FREL,0.00019703667765474773
FRI,0.00019488664861875627
GQRE,0.00022226734271731086
GRI,0.00019980490633583116
ICF,0.00020052941356791726
IFEU,801156373668.9109
IFGL,0.00019321287555774009
IYR,0.00022905142536676574
KBWY,0.00017003935244256767
LRET,1.299897948033286
MORL,0.1644702041139603
MORT,0.13957460414838915
MRRL,0.17557791916280205
PRME,0.00016834920469474543
PSR,0.00017888087886997592
REET,0.0002675466042285505
REK,0.0002534205015068532
REM,0.00023326010067323881
REZ,0.00018631420428822965
ROOF,0.00020948920756150085
RWO,0.00020315554642116822
RWR,0.0002020413010004883
RWX,440556186560.13025
SCHH,0.00020553822040010684
SRET,0.00018484165652850204
SRS,5563686268997.176
TAO,0.2744511009377545
URE,0.5461594928642731
USRT,0.000196857974074764
VNQ,0.00020042347242073234
VNQI,0.00017748377697315805
WPS,0.0002130159798233779
WREI,0.00019437674137200698
XLRE,0.0001925399317968983
