Name,Riskiness R
AIRR,[0.21964145]
CGW,[3.12018097e+11]
CHII,[1.3448439e+12]
EDOM,[2.15057674e+11]
EXI,[0.51589287]
FIDU,[0.23132915]
FIW,[0.12638052]
FXR,[0.18563904]
IEV,[2.77486171e+11]
ITA,[0.09523728]
IYJ,[0.19702024]
IYT,[0.41827897]
JETS,[1.14092701]
PHO,[0.28418287]
PIO,[2.39196089e+11]
PPA,[0.10124562]
PSCI,[0.18549621]
RGI,[0.20739032]
SEA,[1.12960215e+13]
SIJ,[1.23578958e+13]
UXI,[0.1904593]
VIS,[0.25209287]
XAR,[0.09733759]
XLI,[0.21774276]
XTN,[0.33247503]
_PRN,[0.35415842]
