Name,Riskiness R
SVXY,0.4251588474359317
TVIX,0.003547718190922085
UVXY,0.003035728888593267
VIIX,14983976089853.375
VIXM,11827141781045.043
VIXY,19562640302090.047
XVZ,0.0001756471284916838
ZIV,0.27734923580965
