Name,Riskiness R
AAXJ,507403063007.22156
ACWX,680410524663.4666
ADRA,0.00017214282030146065
AIA,0.4725082467386897
AXJL,1170662287303.8347
AXJV,0.0034034213042037605
CHIQ,0.42575270095539886
CWI,0.00016661214191429353
DBAP,193118174966.58896
DNL,601029254877.2997
EEMA,103101411926.30325
EMCG,1165004783954.7083
FPA,855135506498.9816
FPXI,0.0001780705958312933
HEEM,691887993970.99
IEMG,291470929177.8107
IHDG,185569444463.177
IPOS,420537613712.1042
IQDE,0.00018292605257102666
IQDY,428309023778.22345
PAF,423368293696.7477
QEMM,323149413406.73584
REMX,236675517508.35925
VEU,791986344009.1436
VXUS,0.00016686569577386705
XSOE,1.7339225056905117
