Name,Riskiness R
BJK,[0.22454901]
CARZ,[0.31702384]
CHIQ,[0.15424602]
FDIS,[0.08892601]
FXD,[0.20254943]
INCO,[0.17533929]
IYC,[0.09648181]
PBS,[0.36665263]
PEJ,[0.1932853]
PEZ,[0.26475976]
PMR,[1.92660564e+12]
PSCD,[0.30077995]
RCD,[0.28584401]
RETL,[1.32381939]
RTH,[0.12762054]
RXI,[0.10818474]
SCC,[2.88632456e+12]
UCC,[0.20088441]
VCR,[0.09248142]
WBIA,[5.75953611e+10]
XLY,[0.08028566]
XRT,[5.44302096e+11]
