Name,Riskiness R
PSL,[0.05824321]
PSCC,[0.06572279]
WBIL,[0.06960185]
RHS,[0.08326507]
IYK,[0.09582064]
