Name,Riskiness R
BSCJ,1151287323546.909
BSCK,755318248114.0745
BSCL,2168080664740.1064
BSCM,1424395641403.2095
IBCD,187905080231.84247
IBCE,0.0009953912315006574
IBDC,893277667783.5096
IBDD,0.0010963566466955545
