Name,Riskiness R
SMH,[0.23369784]
KXI,[1.720653e+11]
WOOD,[1.82806634e+11]
HEFA,[2.57644787e+11]
GDXJ,[3.90206242e+11]
