Name,Riskiness R
ERUS,0.22752020823162047
FCOM,0.00017517381312187887
FONE,0.0002046095089306225
IXP,0.0002011850676723526
IYZ,0.00016777454268978228
LTL,6.542749200968284
VOX,0.00017571803492242425
WBIF,0.00024534744770203347
XTL,0.00018565723791028751
