Name,Riskiness R
SVXY,2.548780687626723
TVIX,0.003547718190923521
UVXY,0.0030357288885932672
VIIX,11545572366083.36
VIXM,9947577080041.15
VIXY,6393815370774.535
XVZ,3921658840218.975
ZIV,1.0827837485642335
