Name,Riskiness R
ZIV,[1.08278375]
SVXY,[2.54878069]
VIIX,[5.6520174e+12]
VIXY,[6.56961533e+12]
XVZ,[8.26859237e+12]
