Name,Riskiness R
GII,0.0001685913549392992
JXI,0.00016991976222362987
WDIV,0.00017234795480241698
DOL,0.00017426320331972344
GUNR,0.00017619276822861357
