Name,Riskiness R
ARKK,0.15710982970793497
ARKW,0.10579042104586961
CQQQ,0.43096673739541175
EMQQ,0.3301931038356878
FDN,0.13263617019979898
FTEC,0.14080059231403202
FXL,0.23310169230565683
HACK,548913529576.646
IEUS,4.948399137131769
IGM,0.11772311993876228
IGN,2.4516244262225118
IGV,0.1384434440159251
ISRA,2165844669684.7852
IXN,0.13621488468685242
IYW,0.1609091280025785
KWEB,0.3784334035854117
PNQI,0.15616361509923526
PSCT,0.31330599439177503
PSI,0.16807772189494788
PSJ,0.00016805567422121886
PTF,1.0765244879790057
PXQ,1.3554210613700521
QQQ,0.18215147225143602
QTEC,0.1314053307396764
REW,5859635750659.897
ROBO,0.17422867114465074
ROM,0.2102927020763065
RYT,0.12831824195890879
SCID,864307324770.8052
SKYY,0.00016603806118389576
SMH,0.13958870430156287
SOCL,0.1585046490251817
SOXL,0.31323113520228246
SOXS,12720996672843.34
SOXX,0.1478203532504173
SSG,16483946520771.986
TDIV,0.0001728801618209353
TECL,0.23651388914396768
TECS,29795762660386.156
USD,0.2400457458780107
VGT,0.14294323818932278
XLK,0.13319333678289047
XNTK,0.11545712899050613
XSD,0.29176944741154504
XSW,0.23625759814813957
XT,0.00016731214753625912
