Name,Riskiness R
Treasuries ETF List (51),2.7100566444502538e-05
Total Bond Market ETF List (82),5.334862647587008e-05
Developed Markets ETF List 1 (100),0.0001664921217305795
Crude Oil ETF List (22),0.0001703121229168173
Consumer Discretionary Equity ETF List (31),0.00017262003747134274
