Name,Riskiness R
WBIF,[0.08457233]
FONE,[0.09692934]
FCOM,[0.10344817]
XTL,[0.12012886]
VOX,[0.15301169]
