Name,Riskiness R
PGF,[3.81271744e+11]
PFF,[5.25002277e+11]
FPE,[9.5338665e+11]
PFXF,[1.02033983e+12]
PGX,[1.06591187e+12]
