Name,Riskiness R
FPE,[0.02039291]
PGX,[0.03159636]
PGF,[0.03254603]
PFF,[0.039021]
PSK,[0.04464999]
