Name,Riskiness R
DBO,[2.56654693e+13]
DTO,[0.30751566]
OLEM,[1.74842282e+13]
OLO,[2.8546906e+12]
SCO,[0.42119963]
SZO,[0.18384343]
UCO,[6.48835372e+11]
USL,[1.27824317e+13]
USO,[1.92074105e+13]
