Name,Riskiness R
SZO,[0.26180764]
DTO,[0.36477004]
SCO,[0.51860612]
UCO,[1.74749727e+11]
OLEM,[2.95637417e+12]
