Name,Riskiness R
AGG,1325281938570.7202
AGND,2835201371379.4473
AGZD,2528467964744.9404
BIV,1274235764482.6392
BLV,0.00029843134961683856
BND,2645788793281.5674
BNDX,3837367499738.174
BOND,1420917641066.3062
BSV,3322410551560.9746
FTSD,1901968961490.5244
FWDB,658765661649.9315
GBF,2860307900663.1367
GVI,3484350298866.7227
ILTB,0.00043608521533869047
ISTB,2096964583375.4285
MINC,824083951865.751
MINT,3.3272419286501477e-05
NEAR,4.054385090328509e-05
RAVI,2.245226242824249e-05
SAGG,3857808734499.729
SCHZ,872575465130.8499
SPAB,2654437111387.704
ULST,1.9094680628242962e-05
XMPT,0.0005651775971941361
