Name,Riskiness R
SVXY,[0.64595684]
ZIV,[1.86299578]
XVZ,[1.35820962e+12]
VIXY,[9.43496897e+12]
VIXM,[9.52339086e+12]
