Name,Riskiness R
CHIM,0.5476543973815358
COPX,1.434204575965705
CROP,0.0001899245216670194
CUT,2012777240739.3625
DUST,0.002407414510679608
FLM,0.00016843642362763866
FMAT,263650030166.82513
FTAG,11198780674961.031
FTRI,3274613256983.3403
FXZ,2.9917393775482655
GDX,5.932322157331429
GDXJ,1.069250133917066
GDXS,0.011036201235229698
GDXX,0.0018433631169587966
GNR,740195348788.7126
GOEX,0.6785542297733518
GRES,0.00018657335716784084
GUNR,1378900551670.3196
HAP,0.00016610993727711443
IGE,4561876773159.148
ITB,0.25501698677629114
IYM,484141812583.59155
JDST,0.002883650289504314
JNUG,0.0024067337245112547
LIT,0.17368393060211848
MOO,0.0001797537164827927
MXI,244365948694.412
NUGT,0.0026141499540090233
PAGG,1249939739696.3557
PICK,613526053550.4822
PKB,0.2893070654919033
PSAU,16.336478744545776
PSCM,8.136525747076163
PYZ,96811070649.82837
REMX,92601151703.50514
RING,8.245033764890582
RTM,426865305317.42084
SBM,4718032978622.863
SGDM,10.657719246720584
SIL,2.859997739566817
SILJ,0.8223703459302499
SLVP,2.4429245764577474
SLX,1.2838125438517691
SMN,5452644294391.835
SOIL,2378615791434.812
URA,4988948382222.66
UYM,1.3781248092556497
VAW,248804953080.10516
VEGI,1858322039792.8638
WOOD,1.8853352176616633
XHB,1065972859472.4846
XLB,1001334180379.6079
XME,314196907439.27783
