Name,Riskiness R
ARKG,0.2868235052331412
BBC,0.5797159471952843
BBH,378607835459.01807
BBP,0.3665907732485971
BIB,1.4376241913196106
BIS,420.74864804263103
CNCR,585414823410.067
CURE,0.3467962736467983
FBT,0.29959138237507
FHLC,0.00017721215657674828
FXH,0.00018008863651687213
IBB,278106221129.21906
IHE,0.00017237511759646753
IHF,0.00019821152861421688
IHI,0.08135968001517822
IXJ,0.000185064702324105
IYH,0.2983476397702088
JHMH,0.00018489371372585182
LABD,72919590546873.25
LABU,0.7211885780757058
PBE,0.6626646929573612
PJP,0.00016907172107751833
PPH,0.000177663282773917
PSCH,0.0001845415891771995
PTH,0.17497284407824662
RXD,5463361170927.891
RXL,0.2500920138606292
RYH,0.00017231630208911327
SBIO,0.4313131357348996
UBIO,1.4780963446181479
VHT,0.00017612652931497792
XBI,0.3329555014630982
XHE,0.00017789443561793466
XHS,0.45008478805889157
XLV,0.00017213280891840692
XPH,1230513498788.532
ZBIO,0.003719495875580358
