Name,Riskiness R
DGL,[0.34798215]
DGLD,[1.01670353e+12]
DGP,[0.63019523]
DGZ,[3.59965578e+11]
DZZ,[8.17683438e+11]
GLD,[0.25531795]
GLL,[1.93486797e+12]
IAU,[0.24335049]
OUNZ,[0.25785947]
SGOL,[0.25591922]
UBG,[0.3660393]
UGL,[0.66334102]
UGLD,[0.9976678]
