Name,Riskiness R
HYND,0.00019187902764810475
HYZD,0.00020480273565184046
HYHG,0.00023795926695503364
ANGL,0.00023995816993407565
GHYG,0.0002835946071597196
