Name,Riskiness R
AIRR,[0.10668419]
CGW,[0.07428222]
CHII,[0.42013424]
EXI,[0.07733176]
FIDU,[0.07775765]
FIW,[0.07525286]
FXR,[0.12184747]
IEV,[0.17631162]
ITA,[0.06108933]
IYJ,[0.07098142]
IYT,[0.22752472]
PHO,[0.15004446]
PIO,[0.16052346]
PPA,[0.05810649]
PSCI,[0.11666255]
RGI,[0.08812809]
SEA,[1.02141311e+12]
SIJ,[1.065319e+13]
UXI,[0.14599072]
VIS,[0.0850916]
XAR,[0.07849858]
XLI,[0.07636681]
XTN,[0.23502024]
_PRN,[0.09431667]
