Name,Riskiness R
AIRR,[0.25378949]
CGW,[5.870728e+10]
CHII,[5.88615021e+10]
EXI,[0.95001797]
FIDU,[0.47567515]
FIW,[0.22095685]
FXR,[7.3963649]
IEV,[1.67893349e+12]
ITA,[0.15099304]
IYJ,[0.34271481]
IYT,[9.58380766e+11]
PHO,[8.7361458e+11]
PIO,[1.81212977e+11]
PPA,[0.15717258]
PSCI,[0.45084988]
RGI,[1.04806753]
SEA,[3.24028181e+12]
SIJ,[3.66120206e+12]
UXI,[0.24299203]
VIS,[0.62246981]
XAR,[0.21289247]
XLI,[0.58458647]
XTN,[5.12090726e+11]
_PRN,[15.46014328]
