Name,Riskiness R
CBND,[0.04213124]
CORP,[0.03270862]
GSY,[0.00206731]
ICSH,[0.01866808]
IGHG,[0.3231697]
IGIB,[0.0228096]
IGSB,[0.00619437]
LQD,[0.04848963]
PFIG,[0.02954829]
QLTA,[0.04189656]
SLQD,[0.01474935]
SPIB,[1.1486354e+11]
SPLB,[0.08234512]
USIG,[0.03866614]
VCIT,[0.03224223]
VCLT,[0.07872098]
VCSH,[0.01231438]
