Name,Riskiness R
CBND,0.0029108495468996645
CORP,26079016791.01062
GSY,2.4549251923964587e-05
ICSH,1.8889867226122476e-05
IGHG,3456560646469.822
IGIB,1655243885532.8389
IGSB,1.9830867548141112e-05
LQD,36430513.26753657
PFIG,1180007048220.7168
QLTA,1999364868877.528
SLQD,1903006079817.8862
SPIB,1725439303292.1733
SPLB,0.00038872475858771
USIG,2450810635098.8887
VCIT,2121081878041.696
VCLT,0.00033893471481034773
VCSH,2481165148121.3457
