Name,Riskiness R
ALTS,[9.51203411e+10]
BTAL,[6.72403189e+11]
CHEP,[3.9711186e+11]
CPI,[0.03110509]
DIVA,[0.26713236]
DIVY,[0.03334603]
FLAG,[0.10916988]
FMF,[6.56805528e+11]
FTLS,[0.05571184]
HDG,[0.05994848]
MCRO,[0.0448682]
MNA,[0.02225884]
MOM,[0.99954398]
MRGR,[1.47301547e+11]
QAI,[0.1053246]
QMN,[0.06822462]
RALS,[2.31805291e+11]
RLY,[1.4959832]
SIZ,[2.81401275e+12]
WTMF,[4.08794289e+11]
