Name,Riskiness R
XLK,[0.07872518]
RYT,[0.08240247]
IGM,[0.08240661]
IXN,[0.08401565]
IGV,[0.08455742]
