Name,Riskiness R
RTH,[0.08233486]
IYC,[0.09566017]
XLY,[0.10277331]
INCO,[0.11195283]
FDIS,[0.11574334]
