Name,Riskiness R
FMB,2610851718076.532
ITM,0.00221640171980788
MEAR,1.7892381763445113e-05
MLN,0.0028919937189362597
MUB,2198063488248.9062
MUNI,3576996860416.212
PRB,1790688631993.8098
PVI,1.835673781553963e-05
PZA,10.722609377553926
RVNU,0.0011586980310882903
SHM,3208928482961.491
SHYD,0.000865537290351781
SMB,2418600091874.9453
SMMU,4301244906907.5576
SUB,1.7538023187996516e-05
TFI,1885974422223.7456
VTEB,2462185072567.425
