Name,Riskiness R
ENZL,[0.1931785]
DFJ,[0.3022056]
SCJ,[0.36133964]
HEWY,[0.3817727]
ISCF,[0.4379046]
