Name,Riskiness R
EMQQ,[0.14606858]
FEMS,[0.15007202]
FEM,[0.17082821]
EEB,[0.17402473]
TLTE,[0.18266524]
