Name,Riskiness R
DBO,8731393375887.971
DTO,1.0514912226371076
OLEM,13368119284053.336
OLO,9375047549315.459
SCO,5.1367224135523175
SZO,1.2859286886281667
UCO,24654666731702.34
USL,1206373300542.5366
USO,7211386760108.672
