Name,Riskiness R
SZO,[0.40981267]
DTO,[0.66083972]
SCO,[1.49687384]
USL,[1.33204598e+12]
DBO,[2.05258598e+12]
