Name,Riskiness R
EMQQ,[0.13475527]
FEMS,[0.1488291]
XSOE,[0.15900762]
TLTE,[0.16287926]
EEB,[0.16805002]
