Name,Riskiness R
UUP,[0.04499346]
EUFX,[0.05492536]
USDU,[0.08255087]
DRR,[0.10332362]
EUO,[0.10495139]
