Name,Riskiness R
DBO,[6.05193349e+11]
DTO,[0.86807548]
OLEM,[9.1105508e+11]
OLO,[1.43539645e+12]
SCO,[2.60307741]
SZO,[0.5011851]
UCO,[1.30873511e+13]
USL,[1.23703794e+12]
USO,[1.48341463e+12]
