Name,Riskiness R
BSCJ,[2.02076282e+12]
BSCK,[1.87474691e+12]
BSCL,[4.73434158e+12]
BSCM,[9.68166179e+11]
BSCN,[1.12652511e+12]
BSCO,[7.93646745e+11]
IBCD,[2.78882224e+11]
IBCE,[9.69013221e+11]
IBDC,[5.18069939e+11]
IBDD,[9.32394665e+11]
IBDL,[1.55249206e+12]
