Name,Riskiness R
Alternatives ETF List (35),3285573762463.99
Broad Asia ETF List (44),0.00017045173309141777
Commodity ETF List (125),0.15998999660399232
Consumer Discretionary Equity ETF List (31),0.000173983132577717
Consumer Staples Equity ETF List (26),0.00020190404228615728
Crude Oil ETF List (22),0.00020911287666019145
Currency ETF List (36),0.00044379727773498644
Developed Asia Pacific ETF List (108),0.00017872587570385434
Developed Markets ETF List 1 (100),0.0001664921217305795
Developed Markets ETF List 2 (100),0.00017237413265336644
Developed Markets ETF List 3 (93),2973715732390.249
Emerging Asia Pacific ETF List (114),0.0003095640908586877
Emerging Markets ETF List (79),0.00033862364725142496
Energy Equity ETF List (80),10366967877283.234
Financials Equity ETF List (51),0.00018447206707427265
Global ETF List (72),1.0154772053690126
Gold ETF List (17),0.0008682579880684803
Healthcare Equity ETF List (49),0.00018135309795132255
Industrials Equity ETF List (37),0.00018608510327473496
Investment Grade Corporate ETF List (50),1015980419291.9799
Junk ETF List (43),0.0015415942304205538
Materials Equity ETF List (62),0.00020855503715957698
Municipal Bond ETF List (29),994627814427.4099
Preferred Stock ETF List (12),0.0003544646812217127
Real Estate ETF List (48),0.00021484455475178756
Target Maturity Date Corporate Bond ETF List (24),67095931233.43681
Technology Equity ETF List (75),0.4625990867151846
Telecom Equity ETF List (10),0.00018423520504857007
Total Bond Market ETF List (82),9.782173353616447e-05
Treasuries ETF List (51),2446294865061.5483
Utilities Equity ETF List (24),0.00023366896795901944
Volatility ETF List (18),11900277155841.793
