Name,Riskiness R
Total Bond Market ETF List (82),9.782173353616447e-05
Developed Markets ETF List 1 (100),0.0001664921217305795
Broad Asia ETF List (44),0.00017045173309141777
Developed Markets ETF List 2 (100),0.00017237413265336644
Consumer Discretionary Equity ETF List (31),0.000173983132577717
