Name,Riskiness R
XSOE,[0.15815393]
ADRE,[0.15827395]
EMQQ,[0.15908416]
DGS,[0.15979494]
EEB,[0.16936571]
