Name,Riskiness R
EMQQ,[0.3301931]
FEMS,[0.88645759]
EEB,[0.93609194]
EET,[1.10306605]
XSOE,[1.11846242]
