Name,Riskiness R
AIRR,[0.10230489]
CGW,[0.07739002]
CHII,[0.29544271]
EXI,[0.07127978]
FIDU,[0.06972841]
FIW,[0.06448861]
FXR,[0.09000308]
IEV,[0.16650674]
ITA,[0.05137166]
IYJ,[0.06567799]
IYT,[0.10669734]
JETS,[0.16098918]
PHO,[0.09431417]
PIO,[0.10294811]
PPA,[0.04741095]
PSCI,[0.0954088]
RGI,[0.07504344]
SEA,[7.23182558e+11]
SIJ,[3.03457114e+12]
UXI,[0.13474865]
VIS,[0.07420753]
XAR,[0.0633802]
XLI,[0.06513641]
XTN,[0.11777661]
_PRN,[0.07995184]
