Name,Riskiness R
XLY,[0.05949818]
IYC,[0.06296078]
FDIS,[0.06463538]
VCR,[0.06702378]
RTH,[0.07013196]
