Name,Riskiness R
IHDG,[0.10553718]
AIA,[0.22432299]
DBAP,[0.31641636]
FPA,[0.32733919]
VXUS,[0.39799243]
