Name,Riskiness R
CRAK,[0.06351022]
PZD,[0.07316933]
GRID,[0.08688291]
NLR,[0.1244338]
FAN,[0.13906356]
