Name,Riskiness R
PZD,[0.0752208]
GRID,[0.09843714]
FAN,[0.12673699]
NLR,[0.21712529]
KOL,[0.26385575]
