Name,Riskiness R
ARKG,0.2872240163710014
BBC,0.5389797278267141
BBH,146497997433.53607
BBP,0.3082090775998035
BIB,1.1012242203964306
BIS,436.8460961393703
CNCR,1981720103970.5493
CURE,0.30144535775799924
FBT,0.2972525451105531
FHLC,0.00017721215657674828
FXH,0.00018008863651687213
IBB,7.220383640650106
IHE,0.00017237511759646753
IHF,0.00019821152861421688
IHI,0.08120545538329156
IXJ,0.000185064702324105
IYH,0.2154515070483254
JHMH,0.00018489371372585182
LABD,21627862667455.188
LABU,0.7275065036567533
PBE,0.5653845768099195
PJP,0.00016907172107751833
PPH,0.000177663282773917
PSCH,0.0001962339601586452
PTH,0.16002469108611755
RXD,35293513932170.47
RXL,0.22171171552523983
RYH,0.00017231630208911327
SBIO,0.4347384723454016
UBIO,1.2255059210350376
VHT,0.00017612652931497792
XBI,0.33521281287041227
XHE,0.00017789443561793466
XHS,0.37711114044376176
XLV,0.00017213280891840692
XPH,1442542107264.957
ZBIO,0.003719495875580358
