Name,Riskiness R
SZO,[0.22880822]
DTO,[0.31753847]
SCO,[0.43451504]
KOLD,[0.53568287]
DDP,[0.56147799]
