Name,Riskiness R
BIL,0.00015727030251322984
DFVL,0.000183994015713075
DFVS,4403466704307.662
DLBL,0.0001959367247822403
DLBS,392705443798.2097
DTUL,0.0003138557504934935
DTUS,0.00025499661056203556
DTYL,640663751518.6995
DTYS,843142088359.7104
EDV,1924218471382.0886
FLAT,0.000247203060612897
GOVT,1746879755468.439
IEF,0.0007918014999215489
IEI,1909450226515.5518
ITE,3674866752633.3994
PLW,0.0002776695772228968
PST,0.0005301152193457106
SCHO,1.8529620596019027e-05
SCHR,3495518663300.041
SHV,0.00013817841977283203
SHY,1.807515083309732e-05
SPTL,2075439840389.852
SPTS,2892600604489.761
STPP,0.0001663463496748195
TAPR,951150958071.4011
TBF,0.00033506923977944946
TBT,5369742106694.127
TBX,4016354433341.4585
TLH,0.00033856500927250457
TLT,6292814196899.802
TMF,2220751496056.8657
TMV,2653165928125.833
TTT,2998733114237.085
TUZ,2323892600668.49
TYBS,0.0003544905764057424
TYD,4334813033303.703
TYNS,0.00027620022642244654
TYO,0.00022078595346536852
UBT,3916885167525.4536
UST,0.00017989629580503663
VGIT,3186607037405.3896
VGLT,0.0001687736549817321
VGSH,1.851774533563378e-05
ZROZ,2543817436909.401
