Name,Riskiness R
SVXY,[0.5902686]
TVIX,[4.41457419e+13]
UVXY,[3.96458556e+13]
VIIX,[7.03119892e+12]
VIXM,[4.16523416e+12]
VIXY,[2.3534983e+13]
XVZ,[4.91689802e+12]
ZIV,[0.47580523]
