Name,Riskiness R
SUB,1.7538023187996516e-05
PVI,4.033927649780489e-05
SHYD,0.0008655372903988933
RVNU,0.001158830276296522
MLN,0.002909133077919463
