Name,Riskiness R
ARKK,0.11340280549753678
ARKW,0.08511295722192519
CIBR,0.2060856289272233
CQQQ,0.1877642115183061
EMQQ,0.20788441064898341
FDN,0.0991955604538327
FTEC,0.0987171267806174
FXL,0.11930293377396115
HACK,0.3296785994606286
IEUS,2.2274148604586888
IGM,0.09067867631992599
IGN,0.3185276864725958
IGV,0.09353378514836853
ISRA,1759372937019.0654
IXN,0.09964684726653607
IYW,0.10981797120089225
JHMT,0.10632932345299942
KWEB,0.21370542138303406
PNQI,0.12127534117168977
PSCT,0.159838370330308
PSI,0.12635107938546575
PSJ,0.0001680543882650958
PTF,0.24300601751660883
PXQ,0.17048648038824285
QQQ,0.11787030371844984
QTEC,0.10111786549604891
REW,7898472433174.89
ROBO,0.13410046953389837
ROM,0.16164400493792314
RYT,0.09171761012007239
SCID,316629205854.5698
SKYY,0.00016603806118389576
SMH,0.11197933567604462
SOCL,0.1301097136158492
SOXL,0.26336853306742813
SOXS,14402504775041.795
SOXX,0.11490555014093051
SSG,17146188920979.648
TDIV,0.18763897775165939
TECL,0.19443058046470904
TECS,10766449102250.855
USD,0.1949508088061885
VGT,0.10085623641354542
XLK,0.09409356479866245
XNTK,0.10686987318612812
XSD,0.1654736112715316
XSW,0.11415971289189179
XT,0.00016731214753625912
