Name,Riskiness R
INCO,[0.31595955]
CXSE,[0.52956498]
AIA,[0.6414551]
SMIN,[0.73318701]
INDL,[0.77401976]
