Name,Riskiness R
BIL,0.0001572754763822286
DFVL,0.000183994015713075
DFVS,4178033195940.8564
DLBL,0.0001959367247822403
DLBS,401215698090.07227
DTUL,0.0003138557504934935
DTUS,0.00025499661056203627
DTYL,643088271196.981
DTYS,1740920661158.9934
EDV,2614287217288.659
FLAT,0.000247203060612897
GOVT,2085268954836.0044
IEF,0.0007918014999215305
IEI,2652659183539.2217
ITE,2637814200849.2734
PLW,0.0002776695772228968
PST,0.0005301152193496236
SCHO,1.8529620596019027e-05
SCHR,2819098545748.6006
SHV,0.0001381721145519309
SHY,1.807515083309732e-05
SPTL,1811140572745.8308
SPTS,2089530899089.408
STPP,0.00025118009648154583
TAPR,1580432959236.828
TBF,0.00033506923977944946
TBT,1912315841467.5725
TBX,2864119432563.4805
TLH,0.00033856500927250457
TLT,1887189127558.1094
TMF,1766392635376.6187
TMV,2921463410836.8813
TTT,2625074506876.6494
TUZ,2652811460185.46
TYBS,0.00035449057640577674
TYD,916040255224.0114
TYNS,0.00027620022642244654
TYO,0.00022078595346536852
UBT,1049060832922.4702
UST,0.00017989629580503663
VGIT,2990419091197.048
VGLT,0.0001687736549817321
VGSH,1.851774533563378e-05
ZROZ,1128379988338.9297
