Name,Riskiness R
RYF,[0.13956267]
XLF,[0.1558562]
KBWP,[0.20511275]
KIE,[0.22149819]
IAK,[0.2946357]
