Name,Riskiness R
BZF,0.00018788358871595784
CEW,0.0004540180939912789
CNY,0.00019273297463677665
CROC,7259459693379.182
CYB,0.00026203865081170897
DBV,0.0006031712129234577
DRR,3383644372872.9766
EUFX,0.0005605562064246821
EUO,0.00017715305826667321
FXA,0.00024859515018369946
FXB,0.00020949001757439826
FXC,0.0008044933392450833
FXCH,0.00020421340577072924
FXE,0.00030535768718302226
FXF,0.0005846161425811656
FXS,0.00040445395272228397
FXSG,231972.06947619404
FXY,0.00022117285157717488
INR,0.0002194351810713681
UDN,0.0008168349544762644
ULE,922795025237.8839
URR,578757896844.9182
USDU,0.00017022711638712453
UUP,0.0020682220045044916
YCL,2594211430097.5005
YCS,8328670870309.262
