Name,Riskiness R
FXSG,[231972.06699469]
BZF,[2.88634969e+11]
URR,[7.75265509e+11]
ULE,[1.02209456e+12]
FXY,[1.17210448e+12]
