Name,Riskiness R
ERUS,2573774684583.7764
FCOM,0.00023217455411605323
FONE,1660630834151.7664
IXP,3684894020856.3877
IYZ,0.00017940081008841564
LTL,23937429874.02962
VOX,0.00021903494043415037
XTL,19.304363859055535
