Name,Riskiness R
FCOM,[0.13039923]
XTL,[0.13535233]
FONE,[0.15577927]
VOX,[0.1578843]
IYZ,[0.28067366]
