Name,Riskiness R
XLY,[0.09728407]
FDIS,[0.10028417]
IYC,[0.10302189]
VCR,[0.11104052]
RTH,[0.11326972]
