Name,Riskiness R
ENZL,[0.6666029]
DXJS,[0.76232791]
JPNL,[1.07457528]
KORU,[1.44760741]
DFJ,[1.45003869]
