Name,Riskiness R
DNL,[0.09002076]
IHDG,[0.0918395]
DBAP,[0.09894687]
VEU,[0.10158263]
VXUS,[0.10266745]
