Name,Riskiness R
SZO,[0.19201613]
DGZ,[0.21178052]
DTO,[0.32935511]
DDP,[0.35575597]
DZZ,[0.39732992]
