Name,Riskiness R
INDA,0.00017001542606068438
YANG,0.010511975528858524
YINN,0.018696687067281354
SMIN,0.4166928484798471
INCO,0.5085215308380017
