Name,Riskiness R
ITM,0.00019403246158164955
MEAR,1.694297885905376e-05
MLN,726279655595.4277
MUB,0.0002774214594502979
PVI,0.0002537690941511737
PZA,0.0002589533233047733
RVNU,0.28118381394059155
SHM,1515145702609.291
SHYD,0.00016845743569348867
SMB,0.0005953164059472087
SMMU,4686264492495.958
SUB,4615144630866.772
TFI,0.00026052907907913507
VTEB,0.0003203539433426119
