Name,Riskiness R
RVNU,[0.28118381]
PZA,[1.428338e+11]
SHYD,[3.83496549e+11]
MLN,[4.0470869e+11]
TFI,[6.00748225e+11]
