Name,Riskiness R
PSCC,[0.12973186]
UGE,[0.78233988]
PSL,[1.54789959]
WBIL,[1.32403601e+11]
EMCG,[2.75946959e+11]
