Name,Riskiness R
ITM,[0.10555986]
MLN,[0.09985378]
MUB,[0.11331252]
PVI,[3.14111128e+12]
PZA,[0.04452727]
RVNU,[0.0845103]
SHM,[1.10178606]
SHYD,[9.25601595e+11]
SMB,[9.8435951e+11]
SMMU,[5.51152259e+12]
SUB,[5.38492566e+12]
TFI,[0.1138612]
