Name,Riskiness R
PZA,[0.04452727]
RVNU,[0.0845103]
MLN,[0.09985378]
ITM,[0.10555986]
MUB,[0.11331252]
