Name,Riskiness R
IHDG,[2.43839825e+10]
DBAP,[4.76151731e+11]
ADRA,[6.84690086e+11]
QEMM,[9.70155979e+11]
AIA,[1.04485012e+12]
