Name,Riskiness R
DGL,[0.33242968]
DGLD,[1.03692436e+12]
DGP,[0.60942801]
DGZ,[3.12314107e+11]
DZZ,[3.32784979e+12]
GLD,[0.24565959]
GLL,[1.15674007e+12]
IAU,[0.23510683]
OUNZ,[0.24862749]
SGOL,[0.24520586]
UBG,[0.28488767]
UGL,[0.64668334]
UGLD,[0.95031397]
