Name,Riskiness R
DGL,[6.04688166e+11]
DGLD,[5.65977669e+12]
DGP,[5.20633491e+11]
DGZ,[1.92881428e+12]
DZZ,[2.71772928e+12]
GLD,[3.2070213e+12]
GLL,[3.26001738e+12]
IAU,[2.43558238e+12]
OUNZ,[1.89564169e+12]
SGOL,[6.84840707e+11]
UBG,[5.0505227e+11]
UGL,[4.34812413e+11]
UGLD,[5.19864906e+11]
