Name,Riskiness R
UGL,[4.34812413e+11]
UBG,[5.0505227e+11]
UGLD,[5.19864906e+11]
DGP,[5.20633491e+11]
DGL,[6.04688166e+11]
