Name,Riskiness R
SVXY,1.2761006270668667
TVIX,0.0035477181783191494
UVXY,0.0030357288885927737
VIIX,14353979621305.934
VIXM,10432111580216.078
VIXY,13099300196869.12
XVZ,6811576613034.847
ZIV,0.3170649651147705
