Name,Riskiness R
SVXY,[1.27610063]
TVIX,[2.4016697e+13]
UVXY,[2.43458016e+13]
VIIX,[1.251439e+13]
VIXM,[1.02351762e+13]
VIXY,[1.97040988e+13]
XVZ,[7.72435841e+12]
ZIV,[0.31706497]
