Name,Riskiness R
UVXY,0.0030357288885927737
TVIX,0.0035477181783191494
ZIV,0.3170649651147705
SVXY,1.2761006270668667
XVZ,6811576613034.847
