Name,Riskiness R
INCO,[0.19696584]
SMIN,[0.20310215]
PEK,[0.2905361]
AIA,[0.36208734]
ASHR,[0.38099035]
