Name,Riskiness R
BZF,0.00020578254461896676
CEW,0.0004540180939912789
CNY,0.00045169041084905446
CROC,4902739389557.787
CYB,0.0117459311656843
DBV,3159654335682.158
DRR,2340653421585.319
EUFX,0.0005593506154420755
EUO,0.00018470987145309176
FXA,0.00024859515018369946
FXB,0.00020949001757439826
FXC,0.0008044835729915218
FXCH,0.00020421340577072924
FXE,0.0007017990293161645
FXF,0.0014285321718952811
FXS,0.0004044819693290905
FXSG,213086.0090381692
FXY,0.00022117285157717488
INR,0.00019910721262906587
UDN,0.004443005523283266
ULE,0.00017652319144529992
URR,1354036729216.8506
USDU,0.00017022711638712453
UUP,0.002058975853936204
YCL,925678568014.1765
YCS,6843978906655.028
