Name,Riskiness R
EMQQ,[0.23627325]
FEMS,[0.52624637]
EEB,[0.62888763]
BICK,[0.70660291]
FEM,[0.73780846]
