Name,Riskiness R
XPH,0.0018483113100238094
BIB,0.0033607439880155173
IHI,0.06256234004732851
XHE,0.07284936550881768
IHF,0.0870980879585974
