Name,Riskiness R
FPE,[0.01813659]
IPFF,[3.82720753e+11]
PFF,[0.03570322]
PFXF,[0.05208253]
PGF,[0.0306964]
PGX,[0.02926741]
PSK,[0.04237665]
SPFF,[0.13920803]
