Name,Riskiness R
FEMS,[1.503579]
SPEM,[1.91884257]
EMIF,[2.03867577]
SCHE,[2.31004303]
VWO,[2.58149833]
