Name,Riskiness R
FCOM,[0.10471056]
FONE,[0.11713834]
XTL,[0.12638803]
WBIF,[0.13992987]
VOX,[0.15854589]
