Name,Riskiness R
BBH,3156497958756.788
BIB,288271.6335774365
BIS,376.5795031334874
CURE,1.1350065885237264
FBT,465160620152.2081
FHLC,0.0001709392906900413
FXH,462208014855.76886
IBB,1076704307598.5973
IHE,749966921667.0283
IHF,0.00019821152863802317
IHI,0.00019100806967515524
IXJ,0.00020125568288268994
IYH,516869964705.9625
PBE,2778062081211.9873
PJP,1419480568899.409
PPH,0.0001744656639335168
PSCH,1.1542228351717114
PTH,895154585810.383
RXD,9496323717442.314
RXL,1.378519679456566
RYH,0.00017911209123699017
VHT,526487496583.399
XBI,5.725843069474513
XHE,0.00017169258956896167
XHS,456321357385.4562
XLV,0.00019128741560055863
XPH,3365188516336.6553
