Name,Riskiness R
BBH,[0.53673511]
BIB,[1.78030876]
BIS,[1049.07137289]
CURE,[0.49936695]
FBT,[0.48835921]
FHLC,[0.15130667]
FXH,[0.266063]
IBB,[0.72040952]
IHE,[0.41345451]
IHF,[0.10819011]
IHI,[0.07867564]
IXJ,[0.27468044]
IYH,[0.15352643]
PBE,[54.05930265]
PJP,[2.21672708]
PPH,[9.36389773e+11]
PSCH,[0.14856263]
PTH,[1.65339922]
RXD,[8.93641773e+12]
RXL,[0.33279087]
RYH,[0.12016378]
VHT,[0.15562301]
XBI,[0.49948421]
XHE,[0.11901445]
XHS,[0.21282663]
XLV,[0.13742882]
XPH,[3.67141445]
