Name,Riskiness R
ECON,[8.165014e+11]
EMCG,[1.06252873e+12]
FSTA,[2.42623413e+11]
FXG,[6.55887047e+11]
IYK,[2.82076205e+11]
KXI,[3.43993454e+11]
PBJ,[7.40022881e+11]
PSCC,[0.28308049]
PSL,[1.56174857e+11]
RHS,[2.47434128]
SZK,[4.81715633e+12]
UGE,[0.27434992]
VDC,[1.98193857e+11]
WBID,[5.20541428e+12]
WBIE,[9.12616592e+11]
WBIL,[4.70891056e+11]
XLP,[1.73519079e+11]
