Name,Riskiness R
UGE,[0.27434992]
PSCC,[0.28308049]
RHS,[2.47434128]
PSL,[1.56174857e+11]
XLP,[1.73519079e+11]
