Name,Riskiness R
ERUS,[2.03520637]
FCOM,[0.11108194]
FONE,[0.1349177]
IXP,[0.60663541]
IYZ,[0.27741556]
LTL,[0.61634648]
VOX,[0.17062886]
XTL,[0.12805285]
