Name,Riskiness R
FPE,[2.53273205e+11]
IPFF,[1.54101682e+13]
PFF,[2.24539863e+12]
PFXF,[2.2938631e+12]
PGF,[9.72783749e+11]
PGX,[9.76841951e+11]
PSK,[4.73724827e+11]
SPFF,[3.84380441e+12]
