Name,Riskiness R
UCC,[0.35056229]
XLY,[0.479494]
VCR,[1.1378348]
FDIS,[1.16509139]
RETL,[1.23513261]
