Name,Riskiness R
ZIV,[0.26124125]
SVXY,[1.05029027]
UVXY,[2.52326309]
VIXY,[2.70211715]
TVIX,[2.98700492]
