Name,Riskiness R
PRME,0.00016834920469474543
VNQI,0.00017748377697315805
DRW,0.0001794789827775794
SRET,0.00018484165652850204
KBWY,0.00018858928724289968
