Name,Riskiness R
XLK,[0.09040204]
VGT,[0.09079233]
SKYY,[0.0939031]
IGM,[0.09558217]
RYT,[0.09615976]
