Name,Riskiness R
BSCJ,3047928190924.724
BSCK,5297588030927.347
BSCL,2021605545921.226
BSCM,3279826961628.0044
IBCD,240760763959.05173
IBCE,0.0009953912214739331
IBDC,677805265918.6985
IBDD,0.0010963566118194555
