Name,Riskiness R
ZIV,0.11332163476944139
SVXY,0.6913573885264607
UVXY,2.4533928158065375
TVIX,3.4931487266034082
VIXY,3.5050503471100374
