Name,Riskiness R
PSCC,[0.30171463]
UGE,[0.31154208]
RHS,[0.42557742]
XLP,[1.826686]
PSL,[2.86787451]
