Name,Riskiness R
IHI,[0.05481953]
XHE,[0.0878785]
PSCH,[0.11198383]
XLV,[0.12021581]
IYH,[0.12955792]
