Name,Riskiness R
IHI,[0.15764126]
XHE,[0.23537642]
PSCH,[0.36260773]
BBP,[0.69051466]
CURE,[0.96030021]
