Name,Riskiness R
ACWI,0.10261902478645583
ACWV,0.0002703306514525025
ACWX,0.26714792685243527
CGW,0.00017989902353618179
CWI,0.23044511022955147
DBEF,0.18385065241264334
DIM,0.12145254554345616
DOL,0.5264841120373748
DTH,0.7292265441811094
DWM,0.24684501605056727
DWX,1671127055827.8442
EFA,0.23994650963351433
EFG,0.16739251207758293
EFV,0.504860550058417
EWS,876294277927.382
EZU,0.2206945132602263
FDT,0.00017754310493919782
FGD,0.0001707403246079109
FNDC,0.00023353694140242325
FNDF,0.2522916016305268
GDXJ,0.13753627464009563
GII,0.00017120967554770132
GNR,11.274611699897749
GUNR,951134540452.2993
GWX,0.21988585630356436
HEFA,0.0001673883887576344
HEZU,0.1420330169651001
IDLV,0.0002683509631354689
IDOG,0.00016634900944285312
IDV,0.7041972277198483
IEFA,0.1779986039442049
IGF,0.00018482409437774246
IHDG,0.00016957832073062582
IOO,0.12542107313954226
IQDF,0.5028255494886552
IXC,15473613918254.566
IXG,0.15632311317503983
IXJ,0.1447158389426213
IXP,1.1979971263804996
IXUS,0.20407276671898592
JNUG,0.0017009350990362941
JPGE,0.00019307293927460885
JXI,2.8114435643489792
KXI,0.00017051474032862704
LIT,0.1636108515727849
MXI,0.35877948704789114
NUGT,1.668914940239545
PDN,0.00021709764915229322
PICK,27.41930063431905
PID,1878586884760.067
PPH,6021544912525.324
PSP,0.1156994290961154
PXF,0.296276321916428
QEFA,0.1852782721626182
ROBO,0.08603773242587509
RXI,0.0001716475180266616
SCHC,0.0002228239726296636
SCHF,0.00017197047030074845
SCZ,0.00018250816545498056
SDIV,0.3426840561842367
SMH,0.09041258268753263
SPDW,0.8277157429203672
TAN,47817176257809.0
URA,0.002050261177019798
URTH,0.00016853097229103088
VEA,0.17911273242360437
VEU,0.22143295559808027
VSS,0.00016646437178831008
VT,0.00016675256411786835
WDIV,0.0002029341432694884
WOOD,0.12619000903025474
