Name,Riskiness R
DTYS,[1.00924692]
DFVS,[6.58319733]
DLBS,[7.77811093]
DTUS,[2.28768031e+10]
TLT,[5.52902598e+11]
