Name,Riskiness R
ARKK,0.12742607152323301
ARKW,0.09068686022049677
CIBR,0.22622233611590284
CQQQ,0.24381011614083958
EMQQ,0.24717680126063543
FDN,0.11830593634535173
FTEC,0.11578379169922944
FXL,0.13466392129760638
HACK,0.37343345939587264
IEUS,2.8747550202888523
IGM,0.10503916646330837
IGN,0.5231909663028929
IGV,0.10689372595027478
ISRA,2314560325625.6104
IXN,0.11735568853884128
IYW,0.13103978894366006
JHMT,0.12556635143285
KWEB,0.27135854957542443
PNQI,0.14668853056340797
PSCT,0.1811697084517247
PSI,0.13448067713485432
PSJ,0.0001680543882650958
PTF,0.30618445082641726
PXQ,0.21358280177300185
QQQ,0.1497559523872612
QTEC,0.11296955997194505
REW,7505472724638.249
ROBO,0.1286621330707096
ROM,0.1835118689089514
RYT,0.10375168110479054
SCID,140112212420.82068
SKYY,0.00016603806118389576
SMH,0.12298793453802893
SOCL,0.16344121236542822
SOXL,0.281113944331333
SOXS,24612495062376.3
SOXX,0.125565784649918
SSG,14341074158068.342
TDIV,0.2463643432989834
TECL,0.21726167291486342
TECS,9959020094380.904
USD,0.21860582818769178
VGT,0.11567736492895891
XLK,0.1126001644562002
XNTK,0.12457097783614537
XSD,0.19643330943840936
XSW,0.12658882037791927
XT,0.00016731214753625912
