Name,Riskiness R
SKYY,[0.05682468]
XT,[0.057203]
RYT,[0.05730687]
XLK,[0.05784714]
IGM,[0.06013408]
