Name,Riskiness R
FPE,[0.01825357]
PGX,[0.02849018]
PGF,[0.03034722]
PFF,[0.03299329]
PSK,[0.04009448]
