Name,Riskiness R
BSCJ,[1.83786051e+12]
BSCK,[2.52430933e+12]
BSCL,[1.0418127e+12]
BSCM,[3.35851259e+12]
IBCD,[1.00340334e+11]
IBCE,[0.05323651]
IBDC,[4.41958381e+10]
IBDD,[0.05068431]
