Name,Riskiness R
IBDD,[0.05068431]
IBCE,[0.05323651]
IBDC,[4.41958381e+10]
IBCD,[1.00340334e+11]
BSCL,[1.0418127e+12]
