Name,Riskiness R
PGHY,[0.01855836]
RIGS,[0.01865962]
SHYG,[0.02407211]
HYLS,[0.02639033]
HYS,[0.02870444]
