Name,Riskiness R
CARZ,[0.25860321]
CROP,[0.10148643]
DPK,[6.87602927e+12]
DZK,[0.52941447]
EFO,[0.38046677]
EFU,[2.05421059e+12]
FDTS,[0.12041443]
FLM,[0.13827923]
FPXI,[0.11747925]
FTAG,[8.22725315e+11]
FTRI,[0.6171892]
GDXS,[7.06146873e+12]
HGI,[0.16716408]
IDMO,[0.33794679]
IPO,[0.15464447]
PAGG,[0.47171808]
PEX,[0.20360868]
ROGS,[0.09026987]
SCID,[0.14678312]
SMCP,[0.46703554]
SOIL,[0.66313772]
YLCO,[0.36540187]
