Name,Riskiness R
KBWP,[0.05781687]
KIE,[0.06828495]
RYF,[0.07450605]
FXO,[0.08234469]
XLF,[0.08608137]
