Name,Riskiness R
CROP,[0.07911025]
FXZ,[0.12351735]
CUT,[0.12628451]
FLM,[0.1317686]
MOO,[0.14050021]
