Name,Riskiness R
CBND,[4.15226791e+12]
CORP,[2.46380915e+10]
GSY,[1.55167428e+12]
ICSH,[2.03933981e+12]
IGHG,[4.73635161e+12]
IGIB,[2.17422605e+12]
IGSB,[1.24944037e+12]
LDRI,[1.13638156e+12]
LQD,[34752965.67148648]
LQDH,[3.97593852e+12]
PFIG,[2.12295987e+12]
QLTA,[4.08246174e+12]
SLQD,[2.07155112e+12]
SPIB,[2.87394631e+12]
SPLB,[1.27721595e+12]
USIG,[4.33551186e+12]
VCIT,[8.29037699e+11]
VCLT,[4.93475526e+11]
VCSH,[3.13968728e+12]
