Name,Riskiness R
ACWV,[0.04678549]
XT,[0.05610362]
JPGE,[0.06588974]
ROBO,[0.06686878]
FNDC,[0.06790375]
