Name,Riskiness R
ERY,[859.61812214]
FAN,[4.73242306e+11]
DUG,[4.95512214e+11]
EMLP,[5.61880918e+11]
MLPX,[8.07300127e+11]
