Name,Riskiness R
BSCJ,[0.00807721]
IBCD,[0.00936971]
IBDC,[0.00962134]
BSCK,[0.01264058]
IBDL,[0.01639337]
