Name,Riskiness R
PZD,[0.46596756]
GRID,[0.50392912]
KOL,[0.56615037]
GUSH,[1.81502788]
ERX,[1.68603561e+09]
