Name,Riskiness R
DGL,0.0001733118366664595
DGLD,5154875120159.602
DGP,1447076091736.9622
DGZ,0.0001785353757965786
DZZ,9382642623945.943
GLD,0.00018321940545114543
GLL,10567641495838.492
IAU,0.00018445291841975901
OUNZ,0.00018080639983367207
SGOL,0.00018235798610584088
UBG,988876640692.3313
UGL,954155731824.8269
UGLD,240884981742.73087
