Name,Riskiness R
IAU,[0.27434966]
SGOL,[0.28458004]
GLD,[0.28644504]
OUNZ,[0.28927165]
UBG,[0.40432002]
