Name,Riskiness R
ITM,[2.07735502]
PZA,[10.00394321]
PVI,[7.54211816e+11]
SHM,[9.12869466e+11]
MUNI,[9.92043353e+11]
