Name,Riskiness R
PPA,[0.10087214]
ITA,[0.10982525]
XLI,[0.12142142]
IYJ,[0.12975361]
RGI,[0.13233974]
