Name,Riskiness R
SVXY,0.7408716681515907
TVIX,0.003547718190922092
UVXY,0.003035728888593267
VIIX,10640121609220.906
VIXM,9773204124240.635
VIXY,18130018564351.293
XVZ,1408747986752.8218
ZIV,3.8531763970929
