Name,Riskiness R
CROP,[0.13301997]
PEX,[0.37899893]
FLM,[1.15287486]
EFU,[3.53845391]
DPK,[4.45025969]
