Name,Riskiness R
AMJ,1000588919591.3237
AMLP,2185740454598.5415
AMU,2431503640007.205
AMZA,3519360818348.8975
ATMP,2495916682309.392
CHIE,299375995342.1876
CRAK,0.00018076190725892775
DDG,0.0001722322007489988
DIG,55252806203.58737
DRIP,0.003083876686208084
DUG,4869244380274.317
EMLP,3494712484255.51
ENFR,546694366991.7522
ENY,1064329574131.511
ERX,3.468623313740874
ERY,9261137351587.895
FAN,0.0001974620094115037
FCG,4250700352567.206
FENY,957467413887.1016
FILL,1.9382522941311509
FRAK,1440645888222.559
FXN,2128906204457.0317
GASL,0.0037295156407710574
GEX,1623696663655.5913
GREK,3556039288289.9375
GRID,0.00016725459720774033
GUSH,0.0017800978792581275
ICLN,7239539813499.818
IEO,217530008350.776
IEZ,1009264725165.9407
IXC,101517858307.33415
IYE,1347775669353.0718
KOL,0.23333247413023014
MLPA,1205323654452.2524
MLPB,586157684785.2957
MLPC,1945366487473.8528
MLPG,549590041446.34503
MLPI,5861891234553.399
MLPX,1545577661653.445
MLPY,755504137711.2134
NLR,2658187873371.483
OIH,5029542430626.254
PBD,995132564733.3091
PBW,242336841612.70715
PSCE,2329538675885.4443
PUW,239046083205.6919
PXE,761728856929.6909
PXI,530890633044.42285
PXJ,3994495984973.5537
PZD,0.17081603745372662
QCLN,1.2341884685229547
RYE,313498922826.4183
TAN,4411716348821.211
VDE,845692755136.6074
XES,1442308866515.8184
XLE,528769827827.31537
XOP,372752635061.32825
YLCO,1034656267093.395
YMLI,698578611799.4551
YMLP,8652513878810.222
ZMLP,5638456469457.789
