Name,Riskiness R
SMH,0.00016871575081975945
XSW,0.0001692260020848772
RYT,0.0001708048070540447
SKYY,0.00017495077171816628
XSD,0.00017540424730583316
