Name,Riskiness R
VGT,[0.07772927]
XLK,[0.07872892]
FTEC,[0.08104769]
IGM,[0.08117899]
SKYY,[0.08258668]
