Name,Riskiness R
INCO,[0.13000196]
THD,[0.13389544]
SMIN,[0.16141167]
AIA,[0.17023562]
EMQQ,[0.19866204]
