Name,Riskiness R
LTL,[1.81818115]
XTL,[3.19065369]
FONE,[1.52771095e+11]
FCOM,[4.15765924e+11]
IYZ,[6.26742504e+11]
