Name,Riskiness R
SHYG,[2.12528343]
PGHY,[3440.23096365]
UJB,[3.19410081e+11]
RIGS,[4.69284621e+11]
ANGL,[6.62769541e+11]
