Name,Riskiness R
VGSH,1.8517745335165388e-05
SHY,1.9702147232296835e-05
SCHO,2.120418811500496e-05
SHV,0.00013829616115220475
BIL,0.0001567003907729584
