Name,Riskiness R
PGHY,[0.02752238]
RIGS,[0.03200537]
ANGL,[0.04030852]
CJNK,[0.04314048]
PHB,[0.0539002]
