Name,Riskiness R
ITM,[2.36896367]
PZA,[10.91602052]
SHM,[9.09622173e+11]
SMMU,[1.11484926e+12]
MUB,[1.17141244e+12]
