Name,Riskiness R
ENZL,[0.07498143]
ISCF,[0.08042653]
DFJ,[0.08102803]
FNDC,[0.08287232]
DLS,[0.08333694]
