Name,Riskiness R
ACWV,[0.06023747]
SMH,[0.09984237]
RXI,[0.12141319]
KXI,[0.12489867]
IXJ,[0.13666766]
