Name,Riskiness R
BDCL,752028501083.0957
BDCS,3170251999910.6865
BIZD,693105854126.9014
CHIX,1.9550015620130823
EUFN,4071948637299.0654
FAS,0.4510428278682902
FAZ,6379351266356.178
FINU,0.38911277601197136
FINZ,0.07584895046271722
FNCL,0.5018577251794049
FXO,0.00017896033972198156
IAI,0.8748618811394208
IAK,0.5461047945429931
IAT,0.6022303671854117
IXG,1801591797809.7446
IYF,1.6643894244979034
IYG,1.0383107875970854
KBE,0.8794474351704855
KBWB,0.70645991794593
KBWD,255383554271.35718
KBWP,0.00019227393014477985
KBWR,0.4775309736073955
KCE,2533884633835.3086
KIE,0.0001815620462889897
KRE,0.60265387534712
PEX,0.00018944531430422447
PFI,0.00017849105452327857
PHDG,0.0003199276205892181
PSCF,0.00017644144053100298
PSP,24755739915029.06
QABA,0.3843409385487006
RWW,0.9443937089982617
RYF,0.13981422197307022
SEF,2045030479950.6318
SKF,11129359202880.703
UYG,0.39986814534502213
VFH,0.4262336325579814
VQT,0.00039114684960669976
XLF,0.16192370725846952
