Name,Riskiness R
AAXJ,1345127129563.2307
ADRE,2048073126826.798
AIA,160635967111.4234
ASEA,3350830301631.498
ASHR,1.1253192172010469
CHIE,2604005580168.0156
CHII,959311360071.973
CHIM,563871472101.6404
CHIQ,16526471595646.2
CHIX,155140462549.76584
CQQQ,2.0500517825110007
CXSE,553671223513.5984
DBEM,3336868993574.4575
DEM,2928585599370.9927
DGRE,990054438425.0106
DGS,1283532589973.5361
ECNS,1350731844131.5098
EDC,5121007748.888844
EDIV,4195980882846.9595
EDZ,149325044.38923067
EEM,1475770523767.2126
EEMA,675601842212.6167
EEMV,930336992443.449
EET,2630557411856.3994
EEV,1642612340635.9956
EIDO,2.3589931745747115
EPHE,303998185266.001
EPI,1.3366616379266627
EUM,2691924519666.656
EWM,776737.7774599256
EWX,1017834920567.53
FCA,15207470083525.613
FEM,987304564888.5386
FEMS,3421686644202.8413
FNI,840801835120.6675
FXI,1753204434726.9995
FXP,2297530797171.992
GMF,476855876369.5686
GXC,1076748198121.2054
HAO,2820171722001.283
IDX,109167603798.46667
INCO,0.2563906301575237
INDA,0.00017001542606068438
INDL,1.4436096884402765
INDY,1.138437349103337
INXX,189359750262.85144
KFYP,503721565839.8285
KWEB,1.016340674259197
MCHI,759591748221.8284
PEK,1.8339523059212142
PGJ,176169098510.86725
PIE,4044686754863.535
PIN,534123339253.5062
SCIF,0.40002141048191775
SCIN,0.5273390612865854
SMIN,0.24291964667333468
SPEM,1546761762836.0225
THD,1292596152166.3096
VNM,4588981974568.085
VWO,2822910322630.372
XPP,6.705625714586289
YANG,0.010511975843013256
YAO,376940889125.2585
YINN,0.018697262486277882
YXI,2936090181026.081
