Name,Riskiness R
INDA,0.00017001542606068438
AXJV,0.0034034213042037605
YANG,0.010511975452548918
YINN,0.01869669467544108
SMIN,0.3360831550409949
