Name,Weight
Technology Equity ETF List (75),0.1964391383489436
Financials Equity ETF List (51),0.23057275742988675
Developed Markets ETF List 1 (100),0.16888061691622624
Commodity ETF List (125),0.23879746313777658
Developed Markets ETF List 2 (100),0.16530481182262363
