Name,Riskiness R
ARKG,0.6638749302022758
BBC,4.749654673759121
BBH,2585638878924.708
BBP,0.9503375411148601
BIB,664594.8750176205
BIS,250.84544980550632
CURE,1.1177641495608965
FBT,4.502009082838578
FHLC,0.00017093929069396033
FXH,1817626547636.0903
IBB,2401748363960.043
IHE,2894843630881.349
IHF,0.00019821152863802374
IHI,0.11384092751346925
IXJ,0.00018506470232410502
IYH,440189631197.115
LABD,22017055641156.844
LABU,0.003165191046043797
PBE,1856322402966.7126
PJP,1941583209641.207
PPH,0.00017446573700129807
PSCH,0.15573871685398014
PTH,0.5132881470134344
RXD,9044201645640.52
RXL,1.2446550306765414
RYH,0.00017231630209146715
SBIO,5.416351906027323
UBIO,1.1604444519313621
VHT,290606317711.00916
XBI,1.3281200475074144
XHE,0.00017169258957650302
XHS,1013189635861.394
XLV,0.00017213280891840692
XPH,7341300912074.672
ZBIO,0.003719495875580358
