Name,Riskiness R
FMB,[9.29853904e+11]
ITM,[82.43155292]
MLN,[5.27328986e+11]
MUB,[1.82069346e+12]
MUNI,[2.18228345e+12]
PRB,[1.75724561e+12]
PVI,[1.29847507e+12]
PZA,[8.93363146]
RVNU,[1.47031526e+12]
SHM,[1.25020822e+12]
SHYD,[1.51600719e+12]
SMB,[1.54300571e+12]
SMMU,[3.18137307e+12]
SUB,[1.66914728e+12]
TFI,[3.1912795e+12]
