Name,Riskiness R
BTAL,1303224815097.0767
CHEP,0.00023154187704523856
CPI,1973313375208.2886
FLAG,0.00016923835226366225
FMF,0.00036801102758764523
HDG,0.24040946126217916
MCRO,939609522674.4727
MNA,3018461350148.049
MOM,0.00017345212725961346
MRGR,0.00022718927634847222
QAI,1315859189334.507
QMN,971424707627.8425
RALS,1454385487427.0593
RLY,0.0003118208457941711
SIZ,1452804245909.0889
WTMF,4281279895165.5996
