Name,Riskiness R
ALTS,[0.41797885]
BTAL,[7.99403323e+11]
CHEP,[0.42969413]
CPI,[0.02210248]
DIVA,[0.1825095]
DIVY,[0.02610328]
FLAG,[0.07082621]
FMF,[4.4378477e+11]
FTLS,[0.04188084]
HDG,[0.05161701]
MCRO,[0.03369237]
MNA,[0.02034167]
MOM,[1.87480259e+10]
MRGR,[4.20040988e+11]
QAI,[0.05004652]
QED,[0.04927208]
QMN,[0.05110429]
RALS,[2.68170654e+11]
RLY,[0.2037478]
SIZ,[3.29174139e+12]
WTMF,[4.35885062e+11]
