Name,Riskiness R
ACWI,0.17955714677673357
ACWV,0.0002703306514525025
ACWX,5374751646984.897
CGW,0.00017989902354417845
CWI,365485972456.2187
DBEF,0.23610335809755809
DIM,0.36286015972169333
DOL,1787247783956.285
DTH,32337783466345.383
DWM,1471046669934.891
DWX,6174830758829.576
EFA,545112543349.73785
EFG,0.7701955102750696
EFV,1680777547698.872
EWS,7243146723841.293
EZU,490320854610.85986
FDT,0.00017754310493919782
FGD,12005112944995.71
FNDC,0.00020408731236273224
FNDF,1402322924432.152
GDXJ,0.14589288858713523
GII,0.00017120967554770132
GNR,22331016907271.242
GUNR,5059584290403.217
GWX,0.9186550812205947
HEFA,0.0001673883887576344
IDLV,0.00018778445180460063
IDOG,0.00016634900944285312
IDV,5434073213138.262
IEFA,2.274416044823583
IGF,0.00018482409437774246
IHDG,0.00016957832073062582
IOO,0.18906920118706208
IQDF,7382944758291.462
IXC,23582530104296.703
IXG,0.2345377116982826
IXJ,0.13989256293406763
IXP,0.39944409352854976
IXUS,397777897318.1827
JNUG,0.0017009350990362941
JPGE,0.00019307293927460885
JXI,13984106351743.928
KXI,0.00017051474032862704
LIT,0.7349646122487488
MXI,2039299467416.2183
NUGT,1.917565452452679
PDN,0.00021710382780753399
PICK,10583616605659.754
PID,13153306723805.736
PPH,3431756330884.9727
PSP,0.28132802871313556
PXF,980249288566.0178
QEFA,5.575581510633523
ROBO,0.17081293144428877
RXI,0.0001716475180266616
SCHC,0.00017388840586309273
SCHF,0.00017197047030074845
SCZ,0.00018250816545498197
SDIV,4201117349796.664
SMH,0.10493804435839563
SPDW,5863119354741.326
TAN,52147336584108.0
URA,0.002050261177019798
URTH,0.00016853097229103088
VEA,5.901522285538204
VEU,209179208358.85135
VSS,0.0001664679077518434
VT,0.00016675256411786835
WDIV,0.00017503128516646263
WOOD,0.2429520991882751
