Name,Riskiness R
ADRE,0.38786653681123745
BBRC,2021133597638.6558
BICK,0.5098229896605632
BKF,0.6816129999343498
DBEM,402534681439.55255
DEM,5.057661050347322
DGRE,75066184127.7414
DGS,1.1533891897411654
DVYE,1.6916783832164877
EDC,0.8277419965678342
EDIV,56018963662.27666
EDOG,2861985331217.967
EDZ,4437539353377.266
EEB,0.3257615301871682
EELV,659028130084.2362
EEM,6.698282161382728
EEMO,343.4817536295721
EEMS,606293679998.9213
EET,0.7598879190379305
EEV,2611471083435.5767
EMCG,857233430279.4917
EMFM,182810536305.2011
EMIF,2697686189975.6636
EMQQ,0.23436063201886276
EUM,6356078303600.176
EWEM,2828021586699.0186
EWX,0.00016805856453559588
FEM,0.768966316927135
FEMS,0.39745133161907015
FNDE,0.5096993117152044
HEEM,0.00020461063787417485
HILO,0.00017237002926291845
IEMG,3.417521158425796
JPEM,200768937469.5327
PIE,71.20884299383138
PXH,0.5496606728196405
PXR,1147839418431.851
QEMM,0.00016668883807297532
SCHE,16498799704.324776
SDEM,621060355645.6409
SPEM,2.4554554031372353
TLTE,665970474419.9818
VWO,651360999951.9932
XCEM,0.0001923611706769172
XSOE,0.5237603313048347
