Name,Riskiness R
DRR,[0.23058604]
EUO,[0.26153096]
FXSG,[325784.40193884]
CROC,[1.21090243e+11]
EUFX,[2.06990445e+11]
