Name,Riskiness R
UUP,[0.0435566]
EUFX,[0.05529945]
USDU,[0.0789495]
INR,[0.10317765]
DRR,[0.10345667]
