Name,Riskiness R
EMIF,[8.41343556e+11]
FUTY,[2.87986163e+11]
FXU,[9.76708536e+11]
GII,[7.73225659e+11]
IDU,[2.42537442e+11]
IGF,[9.580175e+11]
INXX,[9.72064544e+11]
JXI,[1.13805814e+12]
PSCU,[0.20167575]
PUI,[4.70227127e+10]
PXR,[2.11128564e+12]
RYU,[7.04601309e+12]
SDP,[2.82117935e+12]
TOLZ,[5.95130612e+12]
UPW,[0.54013245]
VPU,[6.43459816e+11]
WBIC,[2.0513856e+12]
XLU,[6.47662162e+11]
