Name,Riskiness R
AGG,[2.65403603e+12]
BIV,[3.25928306e+12]
BLV,[6.58605669e+10]
BND,[2.55320884e+12]
BNDX,[7.71679119e+11]
BOND,[2.08567442e+12]
BSV,[4.7274346e+12]
FTSD,[2.15297559e+12]
FWDB,[3.85812039e+12]
GBF,[1.14372543e+12]
GVI,[1.97810912e+12]
ILTB,[0.89731036]
ISTB,[2.70778705e+12]
MINC,[9.50904019e+11]
MINT,[6.80073593e+11]
NEAR,[2.16594906e+12]
RAVI,[1.76217002e+12]
SAGG,[1.82039338e+12]
SCHZ,[7.71449513e+11]
SPAB,[2.07530627e+12]
ULST,[2.75265029e+12]
XMPT,[0.08596227]
