Name,Riskiness R
ALTS,0.0008167455511555946
BTAL,5779975417740.307
CHEP,0.0001911210377726412
CPI,3599033551387.383
FLAG,0.00017189264083576413
FTLS,0.0003578220073455009
HDG,0.04827684471719313
MCRO,262784597938.0329
MNA,0.04225740020294944
MOM,0.00017685825646667836
MRGR,60525826413.00769
QAI,869522710596.4333
RALS,0.00041200871810461294
RLY,0.00020629635356073282
SIZ,0.00018576197287725158
WTMF,0.0003640696399506192
