Name,Riskiness R
DFJ,[0.05709933]
SCJ,[0.06218884]
DXJS,[0.1152235]
JPXN,[0.11726715]
FJP,[0.15112402]
