Name,Riskiness R
ACWI,0.0001704425154014451
ACWV,0.00026494153140892406
ACWX,5780561357737.979
CGW,0.0001999105412321406
CRBN,0.00016788157729159898
CWI,0.00016661214191429353
DBEF,300307285641.2695
DIM,0.00017777533961486512
DLS,0.00018431264394697317
DOL,0.00016611993963795967
DTH,0.0001663647763642793
DWM,0.00017009828164643158
DWX,982344553191.9646
EFA,0.0001703985936846905
EFAV,0.00023397801304222724
EFG,0.00017249310837003117
EFV,2151340346687.1162
EWS,1612584166905.7285
EZU,312925232776.66907
FDT,64793767345.70749
FGD,0.00017836707304100792
FNDC,0.00017627052970601036
FNDF,1572342414019.1082
GDX,1.2769410455746266
GDXJ,0.6603081200851827
GII,0.00019854139319878651
GNR,1842090395688.686
GUNR,748403852510.0454
GWX,0.00017490648039007834
HEFA,476182600692.5271
HEZU,7.389534120753093
IDLV,0.00019714355126671456
IDOG,664852077288.9641
IDV,335920033246.9104
IEFA,0.00017126012393373828
IGF,0.00024674964674129744
IHDG,12.947140963358882
IOO,412646752916.90594
IQDF,0.00017346585713612893
IXC,5860566508442.541
IXG,380215673927.52704
IXJ,0.00020125568288268994
IXP,0.0003054487952305159
IXUS,255321333786.10428
JNUG,0.0024067337245112547
JPGE,0.00019065882326491063
JPIN,0.00019677196946370356
JXI,0.0002213349189903066
KXI,0.0002026766998155199
LIT,0.19484328902494819
MOO,0.0001797537164827927
MXI,1150886754279.229
NFRA,0.00022688063412421245
NUGT,0.0026141499540090233
PDN,0.00017944106185883199
PICK,1727600565692.4517
PID,1477011443669.2383
PPH,0.0001744656639335168
PSP,0.75005455532651
PXF,4530080904278.92
QEFA,0.00018305451591398724
ROBO,0.24818940721123178
RXI,0.00016650269764277969
SCHC,0.0001831044318670907
SCHF,0.00016948617667025126
SCZ,0.00018040598490751694
SDIV,0.0002148134616973569
SIL,1.3461940884640164
SMH,0.16225647986598335
SPDW,0.00016874383984368627
TAN,13671295645209.707
TLTD,0.00017371829352769502
URA,5249205341052.805
URTH,299079806854.6324
VEA,0.0001678996170484833
VEU,826018934215.5269
VSS,0.00016751637595760862
VT,0.00016994315028386045
VXUS,0.00016686569577386705
WDIV,0.00019351289629109181
WOOD,3.390703551561277
