Name,Riskiness R
ACWV,[0.05393594]
FNDC,[0.06163864]
DLS,[0.06271013]
SCZ,[0.06886699]
JPGE,[0.06970779]
