Name,Riskiness R
HDG,[0.21256478]
FLAG,[0.23327093]
WTMF,[3917423.13215148]
DIVY,[1.93194864e+11]
FTLS,[1.93395668e+11]
