Name,Riskiness R
CQQQ,1313211553748.9565
FDN,4.766749093278478
FTEC,0.46801745677082046
FXL,130841521906.27419
IEUS,2257097225097.6094
IGM,0.4382177622438192
IGN,3.3235482050951215
IGV,0.6392809318078566
ISRA,0.00017952583945826138
IXN,0.674008915052385
IYW,0.5701485179170186
KWEB,318986415266.2772
PNQI,1139938680369.8672
PSCT,0.2471680370317567
PSI,0.18005140045237175
PSJ,0.00016805567422121886
PTF,741643963813.0719
PXQ,301264061701.11145
QQQ,0.6178601232646834
QTEC,0.3186684314323503
REW,16217065432866.988
ROBO,2340662035766.337
ROM,0.3852532164290338
RYT,0.3647413703009105
SKYY,0.00016603806118389576
SMH,0.19313216977363226
SOCL,651049925809.7217
SOXL,0.022612148760239724
SOXS,30369329184202.242
SOXX,0.25852332077657275
SSG,11185952742116.113
TDIV,0.0001728801618209353
TECL,0.38348359557972805
TECS,15159971903193.79
USD,0.30822050258254363
VGT,0.48600983140937803
XLK,0.427110414159146
XNTK,0.7523841927747584
XSD,0.227873080609464
XSW,94624080327.83054
