Name,Riskiness R
HOLD,1.7859291014474318e-05
ULST,2.0925975198065554e-05
RAVI,2.2452262428242502e-05
MINT,3.327241928632335e-05
NEAR,4.0585048030232595e-05
