Name,Riskiness R
CARZ,[7.73708341e+12]
CROP,[4.2552268e+11]
DPK,[2.87514573e+12]
DZK,[3.04958318e+12]
EFO,[17739104.00956143]
EFU,[2.02806275e+12]
FDTS,[2.50359786e+12]
FLM,[1.02074532e+12]
FTAG,[7.99157806e+12]
FTRI,[1.87175947e+13]
HGI,[3.00751414e+12]
IDMO,[1.58363373e+12]
IPO,[1.46305962e+12]
PAGG,[6.97753622e+12]
PEX,[5.55009261e+11]
SOIL,[1.21406916e+12]
