Name,Riskiness R
DRN,0.4357648478645024
DRV,0.4053509304328005
DRW,0.2796382907759611
FFR,0.2706536184961684
FRI,0.00017031283973302735
GQRE,0.00019407299241826017
GRI,0.2736347423749753
ICF,0.00016821750074524938
IFEU,4.771129626749296
IFGL,320380657522.45953
IYR,0.13501708812338944
KBWY,0.13015991254347506
MORL,0.2143014784141687
MORT,0.1308094661860496
PSR,0.00018895268751740785
REK,20106561961147.79
REM,0.1440400271510638
ROOF,0.16144528276648284
RWO,0.2796424783430988
RWR,0.00016822659515190993
RWX,595580417535.314
SCHH,0.0001715364500758946
SRS,35100108646549.547
TAO,0.23761209204296305
URE,0.001939223453217036
USRT,0.0001718796559497443
VNQ,0.14840989393601595
VNQI,0.4701284099451636
WPS,0.00016910067637677495
WREI,0.00017735454168839502
