Name,Riskiness R
EMIF,[1.3600154e+12]
FUTY,[0.94671794]
FXU,[8.2291625e+11]
GHII,[6.4022706e+11]
GII,[1.98771877e+12]
IDU,[0.91604313]
IGF,[1.12625687e+12]
INXX,[4.57426003e+11]
JXI,[7.07674532e+11]
PSCU,[0.244154]
PUI,[0.60585198]
PXR,[5.24735596e+11]
RYU,[1.21129234e+11]
SDP,[9.58987027e+12]
TOLZ,[8.71320305e+11]
UPW,[0.30246307]
VPU,[0.64638558]
WBIC,[1.35814667e+12]
XLU,[1.83378942]
