Name,Riskiness R
PSCU,[0.244154]
UPW,[0.30246307]
PUI,[0.60585198]
VPU,[0.64638558]
IDU,[0.91604313]
