Name,Riskiness R
INR,[0.07710928]
UUP,[0.07809685]
EUFX,[0.09556011]
DRR,[0.17695929]
USDU,[0.18207087]
