Name,Riskiness R
BIL,57844.86201806384
DFVL,4534465954200.458
DFVS,0.4817152607307887
DLBS,1.967736069404375
DTUL,0.00017561426379270574
DTUS,0.2062536825506939
DTYL,7154511530155.713
DTYS,0.023271885813838905
EDV,1512982345815.0623
FLAT,536813960421.4678
GOVT,0.0008077953796819541
IEI,123047960.3307909
ITE,3152949150361.159
PLW,0.00020804127235134968
RISE,0.00028789447121248284
SCHO,1.8288120066673128e-05
SCHR,0.007124412853033214
SHV,0.00022767847977530936
SHY,1.6861657849084712e-05
SPTL,0.001731236374387833
SPTS,4443495184368.195
STPP,0.00020879019231219388
TAPR,0.019030579245340542
TBF,0.00016653284914281146
TBX,0.0004173904061788915
TLH,0.00020194633034109757
TMF,108571366.61387053
TMV,26057686783665.38
TTT,6955243490187.448
TUZ,1.6630905278430555e-05
TYBS,0.0001679752752480312
TYD,11784240610415.777
TYNS,0.00024235564770891288
TYO,14834115701496.336
UBT,10538953937599.71
UST,2832605768769.2163
VGIT,0.005512045978516143
VGLT,5560367064436.433
VGSH,1.719504846108845e-05
ZROZ,1646147459492.9233
