Name,Riskiness R
RTH,[0.08196436]
IYC,[0.09671124]
XLY,[0.09845094]
INCO,[0.10795058]
FDIS,[0.11334636]
