Name,Riskiness R
LQD,[36385165.33819512]
CORP,[2.63200835e+10]
SPLB,[6.40902748e+11]
VCLT,[7.60833332e+11]
GSY,[1.00193839e+12]
