Name,Riskiness R
AIRR,[0.16245313]
CGW,[0.11217996]
CHII,[0.44134815]
EXI,[0.11316811]
FIDU,[0.09686001]
FIW,[0.10869124]
FXR,[0.18358192]
IEV,[0.55874735]
ITA,[0.07258298]
IYJ,[0.09113062]
IYT,[0.21634524]
PHO,[0.2839227]
PIO,[0.36963505]
PPA,[0.0706276]
PSCI,[0.13809366]
RGI,[0.10555243]
SEA,[1.45352562e+12]
SIJ,[1.26759308e+13]
UXI,[0.18584357]
VIS,[0.10046043]
XAR,[0.09132776]
XLI,[0.0884972]
XTN,[0.23011599]
_PRN,[0.16620158]
