Name,Riskiness R
AAXJ,[0.19261912]
ACWX,[0.1908075]
ADRA,[0.17262549]
AIA,[0.12820562]
AXJL,[0.3362306]
AXJV,[1.30695442]
CHIQ,[0.24259073]
CWI,[0.17864032]
DBAP,[0.18474275]
DNL,[0.19644425]
EEMA,[0.19491822]
EMCG,[0.64585692]
FPA,[0.16864655]
HEEM,[0.24432447]
IEMG,[0.28901368]
IHDG,[0.09408545]
IPOS,[0.23407806]
IQDE,[0.25259912]
IQDY,[0.21905981]
PAF,[0.26831524]
QEMM,[0.36042901]
REMX,[2.90011842e+11]
VEU,[0.16898917]
VXUS,[0.16624006]
