Name,Riskiness R
AIA,[0.12701563]
FPXI,[0.12982884]
VEU,[0.14825648]
XSOE,[0.14995049]
VXUS,[0.15006355]
