Name,Riskiness R
SVXY,[0.96462231]
TVIX,[2.27275943e+13]
UVXY,[6.112779e+12]
VIIX,[6.4509595e+12]
VIXM,[6.20362936e+12]
VIXY,[2.96060419e+12]
XVZ,[1.03144492e+12]
ZIV,[0.58301417]
