Name,Riskiness R
SVXY,[1.86576055]
TVIX,[6.1689355e+12]
UVXY,[1.85810398e+13]
VIIX,[3.1648534e+12]
VIXM,[6.49483178e+12]
VIXY,[3.4625415e+12]
XVZ,[3.62211685e+12]
ZIV,[4.23897804e+11]
