Name,Riskiness R
ACIM,0.00019177696666505172
ACWF,0.00017933778520206272
ARKQ,0.15192678066225945
BJK,0.19003512362174196
CID,0.00020207379694625705
CIL,0.00018475403327830432
CIZ,0.0001749832667392476
CRAK,0.00018076190725892775
CUT,0.2297507723341797
DBAW,51783570453.063354
DBEZ,1.9671396054074746
DEW,0.0001760793729951054
DGT,0.00016801443562976503
DNL,0.4649557148689567
DOO,0.00017910352585446588
DUST,0.002407414510679608
EFAD,0.00019276999802041482
EFZ,0.0002551870896955155
EUMV,0.00019312539237811103
EXI,0.00017349501609365992
FAN,0.0001974620094115037
FILL,0.32215057838678757
FPA,0.00017416510350453027
FYLD,0.0001703027979018447
GEX,951158427835.3746
GHII,0.5393302986190437
GOEX,0.5200905860701692
GRES,0.0002775054976186372
GRID,0.000167254635699067
HAP,0.00016610993731704858
HDAW,0.00017048834350822092
IDHQ,0.00018863907499194624
IMTM,0.0001671832546871739
IPKW,0.00017414732046038025
IQDE,0.00020246205327244715
IQDY,1.3657465234385837
ISCF,0.2671883887145195
ISRA,6206878068068.846
IVAL,0.0001870515680186411
JDST,0.0028836502895043135
LOWC,0.00018866620850722235
LVL,0.5990044891553067
NLR,1251553438595.7764
PBD,429704424238.35425
PIO,98749097226.93564
PIZ,0.0001713390112658936
PSAU,0.5072683068311028
PZD,0.1483061721242228
QWLD,0.00018322714087003238
RING,0.4946403093094984
SEA,6313677812687.727
SGDJ,0.775971556273075
SILJ,0.4116549653210407
TOK,0.0001983937040790931
TOLZ,0.0001999624420337609
VEGI,0.00017127241538486006
YMLP,1115950877964.086
