Name,Riskiness R
PALL,[0.15862132]
BNO,[0.91504219]
BDD,[0.95162674]
BOIL,[1.10294659]
DBE,[2.08663303]
