Name,Riskiness R
IHI,[0.06052534]
XHE,[0.07256864]
PSCH,[0.08889512]
IHF,[0.0922043]
RYH,[0.10865776]
