Name,Riskiness R
PSL,[0.07768298]
RHS,[0.09033054]
WBIL,[0.10487374]
PSCC,[0.1060005]
IYK,[0.10610967]
