Name,Riskiness R
DGL,[7.18517002e+11]
DGLD,[3.86969824e+12]
DGP,[6.06872682e+11]
DGZ,[2.09642403e+12]
DZZ,[8.59464094e+12]
GLD,[6.59097603e+11]
GLL,[3.22276884e+12]
IAU,[8.33526158e+11]
OUNZ,[7.42995902e+11]
SGOL,[2.63299254e+12]
UBG,[4.24415029e+11]
UGL,[1.57344987e+12]
UGLD,[5.51390798]
