Name,Riskiness R
RHS,[0.07295725]
IYK,[0.08047957]
XLP,[0.08210657]
PSL,[0.08305611]
FSTA,[0.08501679]
