Name,Riskiness R
AAXJ,6654846857767.217
ADRE,834618385159.2384
AIA,6426192371879.514
ASEA,843179714746.4043
ASHR,0.8523063577699931
CHIE,4906864706049.094
CHII,193148699983.49506
CHIM,2726562217658.492
CHIQ,1278031653707.3486
CHIX,70.12830763706705
CQQQ,1096538890723.6428
CXSE,1375765243802.935
DBEM,3838094044543.382
DEM,2792693983408.068
DGRE,1300616402329.6309
DGS,1290027175283.2014
ECNS,1712464727514.1846
EDC,4436246898.512413
EDIV,3154945364416.576
EDZ,159012815.15058762
EEM,604589618698.3717
EEMA,584215469314.0437
EEMV,2815141192329.9985
EET,1490688762824.1228
EEV,5832338458843.036
EIDO,119666493090.4086
EPHE,396568995313.6599
EPI,1.2156028178164087
EUM,2688672133155.12
EWM,781275.5607593894
EWX,341479867569.006
FCA,1927704999729.81
FEM,1062370978086.7686
FEMS,883238902327.2266
FNI,1890493489834.4617
FXI,885704624175.3087
FXP,6150946979719.894
GMF,995415726421.3511
GXC,333536942553.57605
HAO,2164119947218.8516
IDX,3073993269360.354
INCO,0.23040671500583787
INDA,0.00017001542606068438
INDL,1.5016914841056692
INDY,1.6105392271902432
INXX,3.1132330398467674
KFYP,707888583822.8518
KWEB,31968285603.131077
MCHI,976831530823.1016
PEK,0.8057494710416542
PGJ,439622742886.501
PIE,4151852083926.246
PIN,565599463384.4651
SCIF,0.396422293018193
SCIN,0.4686772134558921
SMIN,0.22558075032306407
SPEM,931178723405.3088
THD,150245573120.51917
VNM,5015840608804.102
VWO,1025941723321.6814
XPP,3.075968620853136
YANG,0.010511975842978517
YAO,373065584084.8629
YINN,0.018697183123914014
YXI,2977017888922.9233
