Name,Riskiness R
CQQQ,[0.25027943]
KWEB,[0.27347925]
CXSE,[0.31865262]
EMQQ,[0.32300926]
PGJ,[0.32970917]
