Name,Riskiness R
INDA,0.00017137582178185917
AXJV,0.0034034213042037605
YANG,0.010511976101344574
YINN,0.018695313261176686
CQQQ,0.2502794283473971
