Name,Riskiness R
IBDD,[1.14371029]
IBCD,[1.89766534e+11]
IBCE,[2.40009621e+11]
BSCL,[4.22245728e+11]
IBDC,[7.13729536e+11]
