Name,Riskiness R
Treasuries ETF List (51),2.677249654598799e-05
Total Bond Market ETF List (82),5.353425963480209e-05
Industrials Equity ETF List (37),0.00017330111180525746
Healthcare Equity ETF List (49),0.00017404656110782608
Broad Asia ETF List (44),0.0001808272486881869
