Name,Riskiness R
CROP,[0.07857884]
PEX,[0.11189385]
FLM,[0.22570012]
FDTS,[0.24689012]
IPO,[0.28238388]
