Name,Riskiness R
LTL,[5.10153915e+09]
FONE,[2.29657383e+11]
XTL,[2.8608451e+11]
VOX,[5.73989206e+11]
FCOM,[5.84039034e+11]
