Name,Riskiness R
DZZ,[4.36000414]
DGZ,[6.1934299]
DGLD,[8.7195578]
IAU,[7.74625082e+09]
OUNZ,[3.77568216e+10]
