Name,Riskiness R
MNA,[0.02488571]
CPI,[0.05154888]
HDG,[0.09630584]
FLAG,[0.12196616]
BTAL,[0.41257547]
