Name,Riskiness R
HDG,[0.23961686]
FLAG,[9.01621412e+11]
RLY,[9.82692855e+11]
QAI,[1.18437654e+12]
BTAL,[1.29367344e+12]
