Name,Riskiness R
RHS,[0.05478232]
FSTA,[0.06210908]
XLP,[0.06214486]
WBIL,[0.06294725]
IYK,[0.06568707]
