Name,Riskiness R
UGE,[0.28261225]
PSCC,[0.30801942]
RHS,[1.36699832e+10]
VDC,[3.80707876e+11]
IYK,[4.33793716e+11]
