Name,Riskiness R
ECON,[9.30472032e+11]
EMCG,[1.47032478e+12]
FSTA,[7.22523392e+11]
FXG,[3.93530768e+12]
IYK,[5.42046429e+11]
KXI,[1.27428452e+12]
PBJ,[4.5917083e+12]
PSCC,[0.83899456]
PSL,[1.270435e+11]
RHS,[1.39240966e+12]
SZK,[4.83832994e+12]
UGE,[0.52900131]
VDC,[1.30502151e+12]
WBID,[1.57744529e+12]
WBIE,[4.5855852e+12]
WBIL,[6.22887678e+12]
XLP,[6.96757117e+11]
