Name,Riskiness R
PZD,[0.10131117]
GRID,[0.13263725]
FAN,[0.14366491]
NLR,[0.20919301]
QCLN,[0.4662651]
