Name,Riskiness R
ACWI,0.0001704425154014451
ACWV,0.00026494153140892406
ACWX,1258070634083.7312
CGW,0.0001999105412321406
CRBN,0.00016788157729159898
CWI,0.00016661214191429353
DBEF,409703723333.76843
DIM,0.00017777533961486512
DLS,0.00018431264394697317
DOL,0.00016611993963795967
DTH,0.0001663647763642793
DWM,0.00017009828164643158
DWX,958606196443.8214
EFA,0.0001703985936846905
EFAV,0.00023397801304222724
EFG,0.00017249310837003117
EFV,1149004722129.9766
EWS,380828449379.6074
EZU,561622286768.1047
FDT,156416513124.13086
FGD,0.00017836707304100792
FNDC,0.00017627052970601036
FNDF,2448463938091.1807
GDX,298728799836.3717
GDXJ,1.3071099750710375
GII,0.00019854139319878651
GNR,1011935927442.6404
GUNR,1188105028531.9712
GWX,0.00017490648039007834
HEFA,656254253532.4146
HEZU,708144131150.8992
IDLV,0.00019714355126671456
IDOG,1178755252515.617
IDV,2700604019864.1836
IEFA,0.00017126012393373828
IGF,0.00024674964674129744
IHDG,216949825295.6565
IOO,323646989692.6854
IQDF,0.00017346585713612893
IQLT,0.00016713327393840842
IXC,765010794480.0139
IXG,15434789755.796371
IXJ,0.00020125568288268994
IXP,0.0003054487952305159
IXUS,694884364607.6174
JNUG,0.0024067337245112547
JPGE,0.00019065882326491063
JPIN,0.00019677196946370356
JXI,0.0002213349189903066
KXI,0.0002026766998155199
LIT,0.1915093312432475
MOO,0.0001797537164827927
MXI,999702608530.2789
NFRA,0.00022688063412421245
NUGT,0.0026141499540090233
PDN,0.00017944106185883199
PICK,707374099004.471
PID,6132534251977.574
PPH,0.0001744656639335168
PSP,79819351928.38431
PXF,700505739902.054
QEFA,0.00018305451591398724
ROBO,0.1668854887967842
RODM,0.00017293776607047207
RXI,0.00016650269764277969
SCHC,0.0001831044318670907
SCHF,0.00016948617667025126
SCZ,0.00018040598490751694
SDIV,0.0002148134616973569
SIL,7.814560054399755
SMH,0.15361193456552508
SPDW,0.00016874383984368627
TAN,8723851629348.805
TLTD,0.00017371829352769502
URA,4922276557352.206
URTH,374099834668.90045
VEA,0.0001678996170484833
VEU,1011417536928.9432
VSS,0.00016751637595760862
VT,0.00016994315028386045
VXUS,0.00016686569577386705
WDIV,0.00019351289629109181
WOOD,4.281645378489211
