Name,Riskiness R
ANGL,[0.22030561]
CJNK,[1.75002354e+12]
GHYG,[1.25743616e+12]
HYG,[220.43022133]
HYGH,[9.28270008e+10]
HYHG,[1.31481129e+11]
HYIH,[6.02428827e+11]
HYLD,[0.2551025]
HYLS,[6.21718599e+11]
HYND,[6.98224508e+11]
HYS,[3.2026243e+11]
HYZD,[34070124.58738895]
JNK,[1.33365489e+12]
PGHY,[2828.54194086]
PHB,[1.13214873e+12]
RIGS,[8.18876666e+11]
SHYG,[1.14498025e+12]
SJB,[3.65526231e+12]
SJNK,[3.0940506e+11]
UJB,[0.48015831]
WBII,[1.38842605e+12]
