Name,Riskiness R
ARKK,0.11826988107598232
ARKW,0.08345833680683444
CIBR,0.00018042791982941496
CQQQ,0.7811114434714257
EMQQ,0.7326832362202547
FDN,0.10005249474123658
FTEC,0.07859925240552695
FXL,0.00017554577787697333
HACK,0.21061242038375608
IEUS,3.3320593607535645
IGM,0.07736406777458392
IGN,0.00019055829671051552
IGV,0.09368843322636732
IPAY,0.00018598893119494336
ISRA,706286413508.8588
ITEQ,0.00022053759933455408
IXN,0.08189601695578885
IYW,0.08860093189813975
JHMT,0.09078176776965255
KWEB,3.049940620121125
PNQI,0.16104206591573605
PSCT,0.0001893500279533035
PSI,0.1234225495932718
PSJ,0.00017569600478387076
PTF,0.22888419081062933
PXQ,0.00018497877872954523
QQQ,0.09576082479142146
QTEC,0.08765885533115618
REW,13207629925884.914
ROBO,0.1260216801944881
ROM,0.13315493263203737
RYT,0.0001708048070540447
SCID,456583280240.2306
SKYY,0.00017495077171816628
SMH,0.00016871575081975945
SOCL,0.21150993929460624
SOXL,0.23425091057076022
SOXS,16915669321223.64
SOXX,0.09929618519753643
SSG,22221578608035.727
TDIV,0.10410632197915945
TECL,0.16750800459092804
TECS,17485751718881.74
USD,0.17856246839575535
VGT,0.07491394319278316
XLK,0.07687035440985136
XNTK,0.10780969726233354
XSD,0.00017540424730583316
XSW,0.0001692260020848772
XT,0.00020080625591840863
