Name,Riskiness R
AADR,0.0001726425552858304
FONE,0.13131757808823266
GDXJ,0.1461711777592983
IFV,0.20083666599239744
DBAW,0.3047052983209798
