Name,Riskiness R
BBH,1174906830074.4458
BIB,3.2631448902796123
BIS,417.92338826489765
CURE,0.6150418044685536
FBT,2.796988686994044
FHLC,0.0001709392906900413
FXH,831479787595.665
IBB,581983641457.9746
IHE,1851418240900.0908
IHF,0.00019821152863802317
IHI,0.00019100806967515524
IXJ,0.00020125568288268994
IYH,196530110631.9595
PBE,253927423321.02277
PJP,2843758652423.7603
PPH,0.0001744656639335168
PSCH,0.2245926655834
PTH,10.544315853585418
RXD,17209325898829.074
RXL,0.5599249259063123
RYH,0.00017911209123699017
VHT,5.414447426569759
XBI,0.5780368627364239
XHE,0.00017169258956896167
XHS,77514141851.67288
XLV,0.00019128741560055863
XPH,1665358530881.481
