Name,Riskiness R
ANGL,[0.04142]
CJNK,[0.03453928]
GHYG,[0.09207151]
HYG,[0.08018191]
HYGH,[0.1700476]
HYHG,[1.16669498]
HYLD,[8.97295639e+11]
HYLS,[0.04468386]
HYND,[6.53000853e+10]
HYS,[0.04661966]
HYZD,[0.08769194]
JNK,[0.10413637]
PGHY,[0.02292729]
PHB,[0.04703139]
RIGS,[0.02561287]
SHYG,[0.04071802]
SJB,[1.32429233e+12]
SJNK,[0.05274688]
UJB,[0.36861287]
WBII,[0.03322858]
