Name,Riskiness R
SHYG,[1.84323667]
PGHY,[2949.24646116]
UJB,[2.06199218e+10]
ANGL,[2.13763703e+11]
HYLS,[8.57749265e+11]
