Name,Riskiness R
SKYY,0.0001660380611838958
XT,0.00016731214753625912
PSJ,0.00016805567422121886
ARKW,0.11828848821218849
XNTK,0.13909713527282366
