Name,Riskiness R
AXJV,0.0034034213042037605
YINN,0.01917638092845089
CHAU,0.2265920919303501
SMIN,0.3247162914346185
KWEB,0.4489577364988087
