Name,Riskiness R
IHI,[0.0738477]
XHE,[0.08339739]
PSCH,[0.10434779]
IHF,[0.20329489]
FHLC,[0.2367117]
