Name,Riskiness R
FDTS,[0.3949682]
ROGS,[0.68729554]
CROP,[0.7857369]
DZK,[0.91338238]
EFO,[1.74928387]
