Name,Riskiness R
SHYG,[2.05317531]
PGHY,[3440.40761378]
HYLS,[4.32183918e+11]
JNK,[6.92126585e+11]
SJNK,[6.99815246e+11]
