Name,Riskiness R
PSCT,[0.05685867]
PSJ,[0.06003088]
IGM,[0.06012701]
RYT,[0.06298269]
XLK,[0.06305974]
