Name,Riskiness R
CBND,[1.96854025e+12]
CORP,[3.02364943e+10]
GSY,[1.51646397e+12]
ICSH,[6.44406991e+11]
IGHG,[1.85305439e+12]
IGIB,[2.4976875e+12]
IGIH,[1.42668236e+12]
IGSB,[6.73138872e+11]
LDRI,[2.5655778e+12]
LKOR,[1.75519121e+12]
LQD,[2.19635144e+12]
LQDH,[1.4982181e+11]
PFIG,[8.50142919e+11]
QLTA,[2.75343757e+12]
SKOR,[2.90659779e+12]
SLQD,[7.1599778e+11]
SPIB,[1.01413743e+12]
SPLB,[9.33519015e+11]
USIG,[2.3903643e+12]
VCIT,[2.6823049e+12]
VCLT,[1.07342972e+12]
VCSH,[2.98495511e+12]
