Name,Riskiness R
GSY,1.67939199071937e-05
IGSB,1.7024237558556145e-05
ICSH,2.841002025329057e-05
VCLT,0.0003389343542883044
IGIH,0.0003951114974474501
