Name,Riskiness R
BJK,[1.40431057e+13]
CARZ,[8.54402192e+12]
CHIQ,[9.38403816e+11]
FDIS,[0.07853245]
FXD,[0.18513289]
INCO,[0.14199622]
IYC,[0.06843255]
PBS,[0.34921032]
PEJ,[0.17332992]
PEZ,[0.82902338]
PMR,[0.73962265]
PSCD,[0.44182748]
RCD,[0.14566576]
RETL,[0.23393005]
RTH,[0.05757499]
RXI,[0.13310507]
SCC,[2.06359199e+13]
UCC,[0.13656122]
VCR,[0.07867741]
XLY,[0.08118493]
