Name,Riskiness R
AADR,[0.1058536]
FONE,[0.11713861]
SOCL,[0.1265828]
FAN,[0.13734077]
LIT,[0.14797058]
