Name,Riskiness R
ITM,[2.03554132]
PZA,[9.83338597]
PVI,[7.70078539e+11]
MLN,[8.10587248e+11]
SHM,[8.66066117e+11]
