Name,Riskiness R
DGL,[0.56818717]
DGLD,[2.8427078e+13]
DGP,[0.60923569]
DGZ,[1.91520644e+13]
DZZ,[9.10421579e+12]
GLD,[0.32770211]
GLL,[3.53495633e+13]
IAU,[0.30730757]
OUNZ,[0.33611791]
SGOL,[0.32496953]
UBG,[0.39567417]
UGLD,[1.26297301]
