Name,Riskiness R
AAXJ,[1.22851296e+12]
ACWX,[2.17064337e+12]
ADRA,[4.18823408e+12]
AIA,[6.90269685e+11]
AXJL,[3.0922367e+12]
CHIQ,[2.28756603e+12]
CWI,[5.38078553e+12]
DBAP,[1.21350286e+12]
DNL,[1.55586061e+12]
EEMA,[6.02243773e+11]
EMCG,[2.91712005e+12]
FPA,[6.53132275e+12]
IEMG,[3.89789589e+12]
IHDG,[7.80983264e+11]
IQDE,[4.15146939e+12]
IQDY,[2.46106083e+12]
PAF,[1.93667759e+12]
REMX,[1.93605204e+12]
VEU,[2.62954288e+12]
VXUS,[1.87610211e+12]
