Name,Riskiness R
EEMA,[6.02243773e+11]
AIA,[6.90269685e+11]
IHDG,[7.80983264e+11]
DBAP,[1.21350286e+12]
AAXJ,[1.22851296e+12]
