Name,Riskiness R
DBO,101982681963982.2
DTO,0.0026724881182149107
OLEM,110014097509853.88
OLO,27148346642254.023
SCO,0.003076120444133623
SZO,0.19946183047225108
UCO,0.0018137521549184393
USL,22372411424084.992
USO,120759440817656.22
