Name,Riskiness R
AAXJ,0.3391753627864319
ADRE,0.2517104904528345
AFTY,1.5355923190787772
AIA,0.21010391676359427
ASEA,0.0001811014443617911
ASHR,275699945748.9759
ASHS,3383939985544.0254
AXJV,0.0034034213042037605
CHAD,5234870483928.366
CHAU,1.3915008300810756
CHIE,10.374487645128147
CHII,519105639474.3967
CHIM,0.34753285205126005
CHIQ,0.00016888486787041033
CHIX,0.784491100251957
CN,0.5574905339841143
CNXT,3854195412421.719
CQQQ,0.15899085013990538
CXSE,0.14390226181201435
DBEM,2.24902783340132
DEM,0.4433636993641771
DGRE,0.5539514924891327
DGS,0.3248088496291173
ECNS,0.8806054000697053
EDC,0.5452337746864708
EDIV,0.8097763817221296
EDZ,32515135945331.426
EEM,0.47350727137069976
EEMA,0.32599444862052224
EEMV,0.00017291861389195153
EET,0.4402249789922453
EEV,8330438139059.572
EIDO,0.7268928811480055
EMQQ,0.16824176057783005
EPHE,1165267017946.7942
EPI,0.9999463069994111
EUM,11593328399679.52
EWM,356077.22913411947
EWX,0.00016805856453559588
FCA,0.32632887672514055
FEM,0.2636231146242089
FEMS,0.2836451184005294
FNI,0.22247118377652808
FXI,1.7328823761125847
FXP,12702472059568.793
GMF,0.27513181358622996
GXC,0.25190641798479946
HAO,0.5293763656860823
IDX,0.6900341541513181
INCO,0.27785674338971067
INDA,565621742877.4321
INDL,0.9340673171469973
INDY,0.00017914401481171805
INXX,48958965318.20675
KBA,441170.00945616106
KFYP,0.3552370098086188
KWEB,0.17493594179627683
MCHI,0.3156220423864904
PEK,1301649090599.0264
PGJ,0.18239029992588718
PIE,0.6652135582583345
PIN,0.00018078867569582173
SCIF,4.493949060752623
SCIN,70333237542.727
SMIN,0.7076040251776768
SPEM,0.3963850947961302
THD,0.5364618173681036
VNM,852421036853.9485
VWO,0.5588427732994634
XCEM,0.0001923611706769172
XPP,0.6951630836578836
YANG,38569074425212.14
YAO,0.31795557664948665
YINN,0.018952572366850242
YXI,11270956238620.916
