Name,Riskiness R
CBND,[2.76851449e+12]
CORP,[2.61096822e+10]
GSY,[2.42034998e+12]
ICSH,[1.70913367e+12]
IGHG,[3.61242798e+12]
IGIB,[1.56444326e+12]
IGSB,[1.82048809e+12]
LQD,[35842935.40896107]
PFIG,[1.26378136e+12]
QLTA,[2.23354887e+12]
SLQD,[1.87731315e+12]
SPIB,[5.08805211e+12]
SPLB,[5.02326969e+12]
USIG,[7.14435867e+12]
VCIT,[2.61708312e+12]
VCLT,[6.77147368e+11]
VCSH,[2.10551188e+12]
