Name,Riskiness R
ACWI,0.0001704425154014451
ACWV,0.0002455148554263399
ACWX,1183572866871.751
CGW,0.00017444834561049276
CRBN,0.00016788157729159898
CWI,0.00016661214191429353
DBEF,1122061813386.7397
DIM,0.00017777533961486512
DLS,0.0001843266786716893
DOL,0.00016611993963795967
DTH,0.0001663647763642793
DWM,0.00017009828164643158
DWX,557823322413.1702
EFA,0.0001703985936846905
EFAV,0.00023397850521380363
EFG,0.00017249310837003117
EFV,3512616948516.8457
EWS,560638213131.1357
EZU,1317412257150.2085
FDT,307063353619.31055
FGD,0.00017836707304100792
FNDC,0.00017627052970601036
FNDF,290593021297.30914
GDX,2.1153161548188826
GDXJ,0.9479404853014866
GII,0.00019854139319878651
GNR,226773953339.8332
GUNR,515489732243.02466
GWX,0.00017490648039013775
HEFA,904102699841.8381
HEZU,1600376853641.4148
IDLV,0.00019714355126671456
IDOG,1871260181718.334
IDV,996632395866.9469
IEFA,0.00017126012393373828
IGF,0.00024397990771778501
IHDG,1187442185579.9968
IOO,183559473724.14655
IQDF,0.00017346585713612893
IQLT,0.00016713327393840842
IXC,494245354746.6764
IXG,323920304738.5593
IXJ,0.00018506470232410542
IXP,0.00020118506767235006
IXUS,378227971444.4481
JNUG,0.0024067337245112547
JPGE,0.00019065882326491063
JPIN,0.0001967721691042028
JXI,0.0002234701313856139
KXI,0.00020272219191353616
LIT,0.43009560446499573
MOO,0.0001797537164827927
MXI,468643514332.22815
NFRA,0.00020564220961984
NUGT,0.0026141499540090233
PDN,0.00017944106185883199
PICK,4.453506501850209
PID,959583450799.5752
PPH,0.00017446573700129807
PSP,359963291732.7045
PXF,862469312675.0156
QEFA,0.00020591009937766374
ROBO,0.23959370035186187
RODM,0.00017293776607047207
RXI,0.00016650269764277969
SCHC,0.00018310443186841764
SCHF,0.00016948617667025126
SCZ,0.000180405984907518
SDIV,0.00019690195071433612
SIL,3.1990938409765985
SMH,0.14879529469357688
SPDW,0.00016874383984368627
TAN,1981833098694.599
TLTD,0.00017371829352769502
URA,4302233175464.041
URTH,976157361609.9219
VEA,0.0001678996170484833
VEU,1171248750695.7869
VSS,0.00016751637595760862
VT,0.00016994315028386045
VXUS,0.00016686569577386705
WDIV,0.00019351289629109181
WOOD,0.2978878984015506
XT,0.00016731214753625912
