Name,Riskiness R
AIA,[0.36208728]
ADRA,[0.49718335]
FPA,[0.53291762]
DBAP,[0.55330719]
AAXJ,[1.5895453]
