Name,Riskiness R
NLR,0.00019994251642924344
GASL,0.002128725045018365
ERX,0.034232030475719495
ERY,1366.9186935901644
EMLP,903716993113.7275
