Name,Riskiness R
ERY,[1366.9186936]
DDG,[8.46602694e+11]
ENFR,[8.95665717e+11]
MLPX,[9.01435902e+11]
EMLP,[9.98953245e+11]
