Name,Riskiness R
FPE,[6.72315465e+11]
IPFF,[1.25917233e+12]
PFF,[4.43799221e+11]
PFXF,[2.77422381e+12]
PGF,[2.20289803e+12]
PGX,[1.62194362e+12]
PSK,[3.27892706e+11]
SPFF,[4.67951907e+12]
