Name,Riskiness R
IPFF,[8.14338993e+10]
PGF,[4.55995634e+11]
FPE,[7.14309049e+11]
PSK,[1.61446934e+12]
PGX,[2.06304257e+12]
