Name,Riskiness R
CROP,0.10597913622599325
PEX,0.2877916882656818
IPO,1.1831511981601763
FTAG,1.9710876897332017
FDTS,175672126781.12903
