Name,Riskiness R
CROP,[0.10597914]
PEX,[0.28779169]
IPO,[1.1831512]
FTAG,[1.97108769]
FDTS,[1.16282682e+11]
