Name,Riskiness R
PPA,[0.09939845]
ITA,[0.1146652]
CGW,[0.12873404]
XAR,[0.14439087]
XLI,[0.14468044]
