Name,Riskiness R
ECON,[6.25556033e+11]
EMCG,[3.89252892e+11]
FSTA,[0.06462041]
FXG,[0.08060116]
IYK,[0.08348686]
KXI,[0.12368562]
PBJ,[0.09408374]
PSCC,[0.07466977]
PSL,[0.09195356]
RHS,[0.05704518]
SZK,[8.16147561e+11]
UGE,[0.16073138]
VDC,[0.06462183]
XLP,[0.06420615]
