Name,Riskiness R
FPE,[0.0183978]
IPFF,[0.5956549]
PFF,[0.03979808]
PFXF,[0.05157347]
PGF,[0.03362303]
PGX,[0.03213498]
PSK,[0.05300142]
SPFF,[0.3123477]
