Name,Riskiness R
USL,[0.41183029]
DBO,[0.41896081]
OLEM,[0.51606574]
USO,[0.66544017]
UCO,[0.79183284]
