Name,Riskiness R
CRAK,[0.06123576]
SOCL,[0.07859468]
FPXI,[0.08720474]
FONE,[0.08935762]
VIDI,[0.08960635]
