Name,Riskiness R
PPA,[0.09017839]
ITA,[0.09553859]
XLI,[0.10551352]
IYJ,[0.10749054]
RGI,[0.11350297]
