Name,Riskiness R
CARZ,[4.31171008e+11]
CROP,[5.61603224e+11]
DPK,[2.05133701e+12]
DZK,[5.58258482e+12]
EFO,[18693620.64544588]
EFU,[1.81125322e+12]
FDTS,[3.4485095e+12]
FLM,[4.5258008e+12]
FTAG,[2.08305575e+13]
FTRI,[1.81423316e+12]
HGI,[2.19798455e+12]
IDMO,[1.16227088e+13]
IPO,[2.37098842e+12]
PAGG,[2.2278264e+13]
PEX,[1.86359633e+12]
SOIL,[2.58990555e+12]
