Name,Riskiness R
EFO,[18693620.64544588]
CARZ,[4.31171008e+11]
CROP,[5.61603224e+11]
EFU,[1.81125322e+12]
FTRI,[1.81423316e+12]
