Name,Riskiness R
SOCL,[0.31254253]
LIT,[0.81245252]
FAN,[0.8421474]
GDXJ,[0.90540434]
AADR,[0.94171349]
