Name,Riskiness R
GLD,[8.7848941e+11]
UGLD,[1.02348626e+12]
IAU,[1.26020793e+12]
OUNZ,[1.31714716e+12]
DGL,[1.32307104e+12]
