Name,Riskiness R
HDG,[0.22166593]
FLAG,[4.14981572]
ALTS,[615867.48710529]
MNA,[5.04389236e+11]
FTLS,[1.01021941e+12]
