Name,Riskiness R
PSCC,[0.2097558]
UGE,[1.97611979]
PSL,[2.15482032e+11]
VDC,[2.64625715e+11]
WBIL,[3.78338167e+11]
