Name,Riskiness R
MINT,[0.00158439]
NEAR,[0.00295091]
RAVI,[0.00596735]
ISTB,[0.008509]
MINC,[0.00917717]
