Name,Riskiness R
IBCE,0.0009947351470399077
IBDD,0.0010963565528272347
BSCO,0.00470222959123308
IBDN,24629.50359479608
IBDC,489286873033.4343
