Name,Riskiness R
AIRR,[0.22772882]
CGW,[4.63363141e+11]
CHII,[1.22250191e+12]
EDOM,[8.7431083e+11]
EXI,[0.56352864]
FIDU,[0.19841657]
FIW,[0.12378835]
FXR,[0.17211086]
IEV,[9.22377454e+11]
ITA,[0.09045567]
IYJ,[0.17716586]
IYT,[0.2966996]
JETS,[6.07490708e+10]
PHO,[0.25693775]
PIO,[4.24874028e+11]
PPA,[0.09539553]
PSCI,[0.18244113]
RGI,[0.18846315]
SEA,[1.77742121e+12]
SIJ,[3.93944061e+12]
UXI,[0.1818324]
VIS,[0.22396184]
XAR,[0.09342194]
XLI,[0.19225589]
XTN,[0.26450789]
_PRN,[0.28134117]
