Name,Riskiness R
GSY,[0.0015678]
IGSB,[0.00419692]
ICSH,[0.0064917]
VCSH,[0.00905914]
SLQD,[0.00998759]
