Name,Riskiness R
AAXJ,2.5040544396111746
ADRE,0.6747119948757083
AFTY,1790513475856.9104
AIA,0.43023753090412464
ASEA,2.8948444743191035
ASHR,22986980732789.68
ASHS,8498098958000.438
AXJV,0.0034034213042037605
CHAU,0.22652557803415638
CHIE,1681850340600.2842
CHII,812812993800.4392
CHIM,2.6141432771749966
CHIQ,0.8940220072281536
CHIX,609596428089.9728
CN,339246315813.2309
CNXT,27751202064493.28
CQQQ,0.3383299370014227
CXSE,0.2643928982104011
DBEM,401666420303.7241
DEM,29677022484.94124
DGRE,63917657475.03631
DGS,0.7830014341015127
ECNS,2432458225774.7856
EDC,0.7889880935046619
EDIV,468529783929.1245
EDZ,310012527.40726733
EEM,1.4521115095129224
EEMA,1.44362633013945
EEMV,1126645770610.5623
EET,0.686571257429365
EEV,7027619802029.742
EIDO,57123852120.085236
EMQQ,0.2974918072238465
EPHE,2375604620111.3516
EPI,2.0394154133881752
EUM,1659435401388.2456
EWM,484308.54410616774
EWX,579104128337.0797
FCA,15.4475017320538
FEM,0.8299445976835957
FEMS,0.6805961688828935
FNI,0.7581787638814977
FXI,3657273657287.9395
FXP,9829039354543.715
GMF,2.037669707034978
GXC,1.5963763517045146
HAO,3751719581391.2354
IDX,304298188988.6971
INCO,0.538603419285714
INDA,993411767667.0267
INDL,1.4743160651536742
INDY,207471749933.29633
INXX,308592588974.3025
KBA,787673.867420678
KFYP,1.1906754592914528
KWEB,0.3784106030176073
MCHI,3.17093632871667
PEK,4111158414273.029
PGJ,0.4694731419749764
PIE,177867076951.27972
PIN,138432991121.27896
SCIF,0.45989275803956636
SCIN,0.6495396613483968
SMIN,0.3367771961677295
SPEM,2.2074291694348744
THD,0.4284128436109736
VNM,978725001419.7545
VWO,104008117860.52368
XPP,23.808961807246053
YANG,5016734591.675802
YAO,29849918268.000866
YINN,0.01917632229016346
YXI,3169702181868.6855
