Name,Riskiness R
BSCJ,2863051839145.323
BSCK,2104289037094.4265
BSCL,1012519240703.5397
BSCM,1644505227680.5776
BSCN,1131801986996.445
BSCO,954122345.1746716
IBCD,1795384613552.272
IBCE,815644720891.0865
IBDC,963706417381.1465
IBDD,0.0010961506829712867
IBDL,5039674159656.969
IBDM,1004848330513.0148
IBDN,24064.23823596614
