Name,Riskiness R
XLK,[0.08547518]
RYT,[0.09677983]
FTEC,[0.09835855]
IGM,[0.09890176]
IXN,[0.10013856]
