Name,Riskiness R
GSY,[0.0020829]
ICSH,[0.00489694]
IGSB,[0.00582041]
VCSH,[0.0100697]
SLQD,[0.01225404]
