Name,Riskiness R
ZIV,[0.32457944]
SVXY,[0.44423164]
XVZ,[1.77231164e+12]
VIXM,[4.8934169e+12]
VIIX,[1.49635002e+13]
