Name,Riskiness R
ANGL,[6.55856141e+11]
CJNK,[2.26932081e+12]
GHYG,[9.99840796e+11]
HYG,[1.00527867e+12]
HYGH,[1.30582445e+12]
HYHG,[1.36521206e+12]
HYIH,[6.97978414e+11]
HYLD,[6.28959016e+12]
HYLS,[3.10306288]
HYND,[9.9163488e+11]
HYS,[0.72413562]
HYZD,[1.81218839e+12]
JNK,[1.30310093e+12]
PGHY,[2896.3069948]
PHB,[1.02569558e+12]
RIGS,[1.49072586e+12]
SHYG,[617432.94495622]
SJB,[2.79436476e+12]
SJNK,[1.23552743e+12]
UJB,[3.55332741e+11]
WBII,[1.47388699e+12]
