Name,Riskiness R
HYS,[0.72413562]
HYLS,[3.10306288]
PGHY,[2896.3069948]
SHYG,[617432.94495622]
UJB,[3.55332741e+11]
