Name,Riskiness R
CARZ,1102365656855.0166
CROP,0.0001899245216670194
DPK,835641803071.4391
DZK,5211102503838.804
EFO,18568209.775388308
EFU,1725428810843.6575
FDTS,1053599051426.6553
FLM,0.00016843651789822682
FTAG,21721127091312.26
FTRI,21603795552307.746
HGI,2136906300590.939
IDMO,6121623218867.635
IPO,2336281787818.5254
PAGG,11729515456265.668
PEX,0.00018944531430422447
SOIL,1135433853896.393
