Name,Riskiness R
CARZ,[2.2674069e+12]
CROP,[1.68815829e+11]
DPK,[2.81172807e+12]
DZK,[4.23158619e+12]
EFO,[18568169.84208905]
EFU,[1.69893621e+12]
FDTS,[1.07787811e+12]
FLM,[3.03709432e+12]
FTAG,[7.37132623e+12]
FTRI,[2.64585413e+13]
HGI,[2.25581357e+12]
IDMO,[4.57384295e+12]
IPO,[2.11992174e+12]
PAGG,[3.37431519e+12]
PEX,[4.00915909e+11]
SOIL,[1.13656017e+12]
