Name,Riskiness R
AAXJ,13916665445613.898
ADRE,4469850163214.791
AIA,7416008965206.221
ASEA,7536967657851.398
ASHR,0.6518277479194517
ASHS,0.7112567270509619
CHIE,3190458180368.4316
CHII,1.3715538042508366
CHIM,0.9280129615537639
CHIQ,2146882343298.6338
CHIX,1.5410488302003769
CN,0.5701837371831531
CQQQ,13.556426572346275
CXSE,247745893225.70306
DBEM,2753183491488.905
DEM,1634881746323.6445
DGRE,4485097217153.528
DGS,1139881645519.8345
ECNS,1142608571335.6772
EDC,6360869404.449421
EDIV,1499102572901.7197
EDZ,124908019.18157771
EEM,1156541499692.573
EEMA,1096174355500.2766
EEMV,4587803226548.63
EET,3351752410687.1875
EEV,4004374476298.2197
EIDO,6036865659016.601
EPHE,1287252030223.334
EPI,695109044233.2068
EUM,2308307094676.8984
EWM,861000.1482437274
EWX,1434890559330.437
FCA,230417184666.02487
FEM,3973616567181.839
FEMS,8009494963342.742
FNI,667618879747.7141
FXI,657751042984.2808
FXP,5487904715320.237
GMF,1233633478185.8438
GXC,696113715343.4526
HAO,2572288114537.992
IDX,3522818220680.3135
INCO,1.227416790259532
INDA,0.00017001542606068438
INDL,744247239067.0869
INDY,1056427941042.9949
INXX,4099891926387.411
KBA,1.1116920177768712
KFYP,3.609508465110032
KWEB,81253035581.56233
MCHI,353987636797.2566
PEK,0.5403631520360794
PGJ,431871290493.0946
PIE,3878475598166.0664
PIN,884947541803.5803
SCIF,2341373647440.2363
SCIN,818366818062.7356
SMIN,1.9663025366866864
SPEM,4930766856815.086
THD,3185985511046.6934
VNM,905846913718.7407
VWO,1298548477732.108
XPP,2.18022303520987
YANG,0.010511975526477138
YAO,1695229587705.726
YINN,0.018696686507675912
YXI,2494240592814.942
