Name,Riskiness R
MINT,[0.00123946]
NEAR,[0.00199651]
RAVI,[0.00380372]
ULST,[0.00400309]
HOLD,[0.0049238]
