Name,Riskiness R
BSCJ,2051619800292.5872
BSCK,2100365083141.1997
BSCL,3066291947290.4795
BSCM,2782586691439.1875
BSCN,1012089762973.7998
BSCO,0.004699903812885679
IBCD,893550455244.5485
IBCE,0.0009947351441406903
IBDC,1582588075063.8447
IBDD,0.001096356552787218
IBDL,1629608610030.3386
IBDM,2681790234866.0537
IBDN,24335.577931479995
