Name,Riskiness R
BBH,[0.271695]
BIB,[0.65326928]
BIS,[2.58701382e+13]
CURE,[0.29203268]
FBT,[0.28957906]
FHLC,[0.10997261]
FXH,[0.18671237]
IBB,[0.35260415]
IHF,[0.09626408]
IHI,[0.06373143]
IXJ,[0.13185947]
IYH,[0.10442728]
PBE,[0.76999999]
PJP,[0.63350801]
PPH,[3.75339037e+12]
PSCH,[0.10703364]
PTH,[0.2952134]
RXL,[0.20862832]
RYH,[0.09618289]
VHT,[0.110147]
XBI,[0.68493095]
XHE,[0.07279806]
XHS,[0.20176003]
XLV,[0.09830488]
XPH,[0.88723922]
