Name,Riskiness R
AIA,[0.2915698]
FPA,[0.43284751]
ADRA,[0.4954172]
DBAP,[0.55273056]
AAXJ,[0.67541716]
