Name,Riskiness R
RTH,[0.07246838]
IYC,[0.07395226]
XLY,[0.07481213]
FDIS,[0.08240307]
VCR,[0.08519269]
