Name,Riskiness R
ACWV,[0.06161749]
SMH,[0.10027978]
KXI,[0.11783621]
RXI,[0.13619837]
IXJ,[0.14345409]
