Name,Riskiness R
AXJV,0.0034034213042037605
YINN,0.019176322362258632
CHAU,0.22567349109090956
EMQQ,0.3275383547198351
CXSE,0.34347898666499854
