Name,Riskiness R
YINN,0.004120016698531626
INDL,0.008741724630373695
FXP,0.0925919364996741
INCO,0.17528007146521632
SMIN,0.19862858861660354
