Name,Riskiness R
DUG,[3.32097493]
ERY,[4.31980323]
DDG,[4.11576284e+11]
GRID,[5.99683933e+11]
NLR,[6.17740971e+11]
