Name,Riskiness R
USL,[0.26788499]
OLEM,[0.37411014]
DBO,[0.37937001]
OLO,[0.56182963]
USO,[0.57263439]
