Name,Riskiness R
ANGL,[0.05967012]
CJNK,[0.08993029]
GHYG,[2.43045577e+12]
HYGH,[1.12247089e+13]
HYHG,[6.88803301e+12]
HYLD,[1.15756038e+13]
HYLS,[0.12323032]
HYND,[6.22539755e+12]
HYS,[0.13374544]
HYZD,[3.65685955e+12]
JNK,[4.12637624]
PGHY,[0.04801174]
PHB,[0.10663908]
RIGS,[0.0465867]
SHYG,[0.11395067]
SJB,[2.12040452e+13]
SJNK,[7.33098775e+10]
UJB,[0.38788706]
