Name,Riskiness R
INCO,[0.14348373]
SMIN,[0.16837342]
AIA,[0.2525731]
PEK,[0.25945082]
CN,[0.26168169]
