Name,Riskiness R
SUB,1.9029877621532586e-05
PVI,4.034419293312056e-05
SHYD,0.0008654949818353537
PZA,7.526938744153757
ITM,77.46801870460665
