Name,Riskiness R
UUP,[0.04389059]
EUFX,[0.0559637]
USDU,[0.0742517]
EUO,[0.10666017]
DRR,[0.10867854]
