Name,Riskiness R
SHV,[0.00268872]
SCHO,[0.02334329]
VGSH,[0.02421634]
SHY,[0.02933636]
TUZ,[0.05294829]
