Name,Riskiness R
IHI,[0.05716659]
XHE,[0.08650558]
PSCH,[0.09698502]
XLV,[0.11239786]
RYH,[0.11673107]
