Name,Riskiness R
ACWI,0.0001704425154014451
ACWV,0.00026494153140892406
ACWX,1937743026852.898
CGW,0.0001999105412321406
CWI,0.00016661214191429353
DBEF,3205825533997.0625
DIM,0.00017777533961486512
DLS,0.00018431264394697317
DOL,0.00016611993963795967
DTH,0.0001663647763642793
DWM,0.00017009828164643158
DWX,4040229557041.7314
EFA,0.0001703985936846905
EFAV,0.00023397801304222724
EFG,0.00017249310837003117
EFV,6162426468491.391
EWS,15906653280505.066
EZU,2164913404789.8386
FDT,4490913361083.858
FGD,0.00017836707304100792
FNDC,0.00017627052970601036
FNDF,4774245551886.447
GDX,2790978784402.752
GDXJ,5153714998216.983
GII,0.00019854139319878651
GNR,1260847518260.0132
GUNR,1630480785949.2607
GWX,1445120693704.809
HEFA,2905883033781.4146
IDLV,0.00019714355126671456
IDOG,1777631921035.4368
IDV,2664899910061.2734
IEFA,0.00017126012393373828
IGF,0.0002467496467413094
IOO,611533070691.619
IQDF,0.00017346585713612893
IXC,3656210365464.0347
IXG,1686292377149.6494
IXJ,0.00020125568288268994
IXP,3317849558367.56
IXUS,2114627326062.608
JNUG,0.002050907761469348
JXI,0.0002213349189903066
KXI,0.0002026766998155199
LIT,4364389597326.7075
MOO,0.0001797537164827927
MXI,3770816529994.45
NFRA,0.00022688063412421245
NUGT,0.002614613335392365
PDN,0.00017944106185883199
PICK,4418476268472.701
PID,8250268083406.761
PPH,0.0001744656639335168
PSP,1097204255723.7733
PXF,5240618851309.614
ROBO,1843612960489.6204
RXI,0.00016650269764277969
SCHC,0.0001831044318670907
SCHF,0.00016948617667025126
SCZ,0.00018040598490751694
SDIV,0.0002148134616973569
SIL,8043469839533.876
SMH,0.19051775267766463
SPDW,0.00016874383984368627
TAN,8954728814037.527
TLTD,0.00017371829352769502
URA,14705062715484.666
URTH,1636330441675.7927
VEA,0.0001678996170484833
VEU,1863179263514.0107
VSS,0.00016751637595760862
VT,0.00016994315028386045
VXUS,0.00016686569577386705
WDIV,0.00019351289629109181
WOOD,994252209251.8081
