Name,Riskiness R
SMH,[0.19051775]
IXJ,[7.21295834e+11]
CWI,[7.35469985e+11]
JXI,[7.60112295e+11]
VT,[8.10832708e+11]
