Name,Riskiness R
BJK,[1.57728056e+12]
CARZ,[1.31391429e+12]
CHIQ,[2.28756603e+12]
FDIS,[0.88427645]
FXD,[1.68700842e+12]
INCO,[1.22741679]
IYC,[0.60494928]
PBS,[9.34515417e+11]
PEJ,[1.08669133e+11]
PEZ,[1.834841e+12]
PMR,[2.49445388e+12]
PSCD,[2.68959661e+12]
RCD,[3.41300886e+11]
RETL,[0.34724823]
RTH,[0.2835309]
RXI,[9.55240769e+11]
SCC,[9.94780301e+12]
UCC,[0.28297985]
VCR,[0.87163314]
XLY,[0.409134]
XRT,[1.38195722e+12]
