Name,Riskiness R
FPE,[0.01972112]
IPFF,[5.94087325]
PFF,[0.04612017]
PFXF,[0.06938164]
PGF,[0.03492904]
PGX,[0.03549269]
PSK,[0.05125954]
SPFF,[0.28416825]
