Name,Riskiness R
LQD,[34905906.89989731]
CORP,[2.50823164e+10]
VCLT,[4.53799624e+11]
USIG,[6.43736227e+11]
LDRI,[1.18759691e+12]
