Name,Riskiness R
RHS,[0.04657157]
VDC,[0.05250447]
FSTA,[0.05377657]
IYK,[0.05780709]
FXG,[0.06544813]
