Name,Riskiness R
FPE,[0.02203744]
PGF,[0.02362447]
PFF,[0.03531004]
PSK,[0.05384761]
PFXF,[0.07316471]
