Name,Riskiness R
CARZ,[3.55254877e+12]
CROP,[0.13541283]
DZK,[1.22394345]
EDOM,[1.17816982]
EFO,[0.81547307]
EFU,[4.56334783e+13]
FDTS,[0.35870071]
FLM,[0.8468081]
FPXI,[0.22595113]
FTAG,[1.1128317]
FTRI,[0.23793965]
GDXS,[6.40774294e+13]
GSD,[0.08185309]
HGI,[0.42884106]
HSCZ,[0.10514472]
IDMO,[2.10395328e+12]
IPO,[0.23073261]
ISZE,[0.09458457]
PAGG,[0.24555316]
PEX,[0.38180121]
ROGS,[0.08504214]
SCID,[0.5266435]
SMCP,[1.09785136e+12]
SOIL,[1.334371]
TLDH,[0.1618681]
YLCO,[0.20937302]
