Name,Riskiness R
GSD,[0.08185309]
ROGS,[0.08504214]
ISZE,[0.09458457]
HSCZ,[0.10514472]
CROP,[0.13541283]
