Name,Riskiness R
ANGL,[0.02771802]
CJNK,[0.02504117]
GHYG,[0.02635505]
HYG,[0.03138341]
HYGH,[0.03680383]
HYHG,[0.05703902]
HYIH,[0.04429692]
HYLD,[0.03619354]
HYLS,[0.02087307]
HYND,[0.06941339]
HYS,[0.01965455]
HYZD,[0.02280032]
JNK,[0.03438458]
PGHY,[0.01700933]
PHB,[0.0272339]
RIGS,[0.01962577]
SHYG,[0.01582122]
SJB,[1563.96130379]
SJNK,[0.01706277]
UJB,[0.20327316]
WBII,[0.07902551]
