Name,Riskiness R
ANGL,[3.33992092e+11]
CJNK,[7.40310224e+11]
GHYG,[3.62017128e+12]
HYG,[7.84346895e+11]
HYHG,[1.24308323e+12]
HYLD,[5.31159696e+12]
HYLS,[2.54467542e+12]
HYS,[3.27210813e+12]
JNK,[3.52628778e+12]
PGHY,[3719.0879278]
PHB,[9.74128268e+11]
RIGS,[5.75990627e+12]
SHYG,[2.18356899]
SJB,[2.03421111e+12]
SJNK,[1.62402063e+12]
UJB,[5.40157198e+11]
