Name,Riskiness R
SHYG,[2.18356899]
PGHY,[3719.0879278]
ANGL,[3.33992092e+11]
UJB,[5.40157198e+11]
CJNK,[7.40310224e+11]
