Name,Riskiness R
FPE,[2.46762478e+11]
PGX,[6.7913266e+11]
PGF,[7.16432152e+11]
PSK,[8.74678206e+11]
PFXF,[1.09029655e+12]
