Name,Riskiness R
ECON,[1.14159885e+13]
EMCG,[2.55440365e+12]
FSTA,[4.34455374e+10]
FXG,[2.28425919e+12]
IYK,[4.29480701e+11]
KXI,[1.73995753e+12]
PBJ,[1.96853299e+11]
PSCC,[0.40146216]
PSL,[1.59293966]
RHS,[0.80330539]
SZK,[7.32492624e+12]
UGE,[0.37343803]
VDC,[5.21657171e+10]
XLP,[9.10892924e+10]
