Name,Riskiness R
UGE,[0.37343803]
PSCC,[0.40146216]
RHS,[0.80330539]
PSL,[1.59293966]
FSTA,[4.34455374e+10]
