Name,Riskiness R
BDD,[0.86633315]
KOLD,[0.87493487]
SZO,[0.88219728]
LD,[1.02975016]
DTO,[1.13264227]
