Name,Weight
Total Bond Market ETF List (82),0.014205853300225703
Real Estate ETF List (48),0.2572782278189837
Developed Asia Pacific ETF List (108),0.24233326408343223
Developed Markets ETF List 1 (100),0.24579658742782
Emerging Markets ETF List (79),0.2404565450690053
