Name,Riskiness R
DRN,0.2843166088516079
DRV,26628110321641.61
DRW,1852218462138.413
FFR,0.00022336256447733104
FRI,0.00020278477534606092
GQRE,0.00024515167278941694
GRI,0.00021652645363633873
ICF,0.00019187719233599708
IFEU,374135672733.0635
IFGL,0.00020830143426683943
IYR,0.00022308400590288652
KBWY,0.00017003935244256767
MORL,0.45400579030807253
MORT,1.283282296369082
PSR,0.00017888087886997592
REK,0.00019744499735976882
REM,153382024833.82407
REZ,0.00017576216562192315
ROOF,0.00019620391921240782
RWO,0.0002150459424916062
RWR,0.00019953732433492397
RWX,0.00020043391339820738
SCHH,0.00019923571530870802
SRS,5840550713181.993
TAO,4.8417932419659895
URE,0.2307006607076615
USRT,0.00022782714181095886
VNQ,0.00020347502213623268
VNQI,0.00018399560744253798
WPS,0.00020578264141317068
WREI,0.00019437674137200698
