Name,Riskiness R
Alternatives ETF List (35),14182.593137136413
Broad Asia ETF List (44),0.00016833601359844173
Commodity ETF List (125),2605.367262649223
Consumer Discretionary Equity ETF List (31),0.000173983132577717
Consumer Staples Equity ETF List (26),0.00020190404228615728
Crude Oil ETF List (22),0.00020808800900697612
Currency ETF List (36),0.00044379727773498644
Developed Asia Pacific ETF List (108),0.00017872587570385434
Developed Markets ETF List 1 (100),0.0001664921217305795
Developed Markets ETF List 2 (100),0.00017237413265336644
Developed Markets ETF List 3 (93),0.0001884173223800044
Emerging Asia Pacific ETF List (114),0.0002611011905408921
Emerging Markets ETF List (79),0.0003657883327084148
Energy Equity ETF List (80),14921906943448.703
Financials Equity ETF List (51),0.00018447206707427265
Global ETF List (72),0.7362565868426614
Gold ETF List (17),0.0004042711712524533
Healthcare Equity ETF List (49),0.00018135309795132255
Industrials Equity ETF List (37),0.00018608510327473496
Investment Grade Corporate ETF List (50),8480838401825.318
Junk ETF List (43),0.0015415942223253336
Materials Equity ETF List (62),0.00020855503715957698
Municipal Bond ETF List (29),1499488533470.4644
Preferred Stock ETF List (12),0.00036866882114415446
Real Estate ETF List (48),0.00021484455475178756
Target Maturity Date Corporate Bond ETF List (24),702729946732.8087
Technology Equity ETF List (75),0.3716310570222669
Telecom Equity ETF List (10),1.8053010829152698
Total Bond Market ETF List (82),9.78281665969705e-05
Treasuries ETF List (51),1641743397625.2095
Utilities Equity ETF List (24),0.00023366896795901944
Volatility ETF List (18),10127276694999.059
