Name,Riskiness R
IAU,[0.32355357]
SGOL,[0.33823984]
GLD,[0.3397874]
OUNZ,[0.34126102]
UBG,[0.40153416]
