Name,Riskiness R
SVXY,[1.05345414]
TVIX,[6.26664187e+13]
UVXY,[2.69227907e+13]
VIIX,[1.3732321e+13]
VIXM,[5.17189283e+12]
VIXY,[1.26287819e+13]
XVZ,[7.70131315e+12]
ZIV,[0.25312122]
