Name,Riskiness R
SVXY,[0.84026404]
TVIX,[4.70445586e+13]
UVXY,[2.70671349e+13]
VIIX,[1.35237163e+13]
VIXM,[9.4711175e+12]
VIXY,[2.43525539e+13]
XVZ,[3.54322336e+12]
ZIV,[0.17230892]
