Name,Riskiness R
DBB,[0.12670054]
RJZ,[0.16887812]
UCI,[0.20964729]
DBC,[0.21147204]
UCIB,[0.22086371]
