Name,Riskiness R
MINT,[0.00160022]
NEAR,[0.00290031]
RAVI,[0.00490121]
ISTB,[0.00959367]
MINC,[0.00972837]
