Name,Riskiness R
EMIF,[1.69667416e+12]
FUTY,[6.94160466e+11]
FXU,[1.67581088e+12]
GHII,[4.19818694e+10]
GII,[2.92436242e+11]
IDU,[2.47428458e+11]
IGF,[6.8633499e+11]
INXX,[4.32524698e+10]
JXI,[1.44990406e+12]
PSCU,[0.229763]
PUI,[4.8030951e+10]
PXR,[5.27830867e+11]
RYU,[8.5607182e+11]
SDP,[2.7363485e+12]
TOLZ,[8.92963683e+11]
UPW,[0.50060121]
VPU,[4.36442661e+11]
WBIC,[1.679696e+12]
XLU,[3.511899e+11]
