Name,Riskiness R
AAXJ,0.5187197393126508
ACWX,258963282790.40027
ADRA,56371552989.33273
AIA,0.24905629978143015
AXJL,386304955940.03625
AXJV,0.0034034213042037605
CHIQ,0.3610603310894964
CWI,0.00016661214191429353
DBAP,0.9738888666673502
DNL,45540372723.92291
EEMA,0.4498337324405262
EMCG,3088464082992.279
FPA,57582214235.3667
FPXI,0.00016707484948093857
HEEM,157832549564.92883
IEMG,0.6406605640541732
IHDG,1132912034640.6985
IPOS,313278722018.6934
IQDE,0.00018292605257102666
IQDY,409624123738.95874
PAF,0.45514058545005487
QEMM,80051110784.98846
REMX,0.38295312310893925
VEU,272279606467.32526
VXUS,0.00016686569577386705
XSOE,0.42416978984055514
