Name,Riskiness R
TMF,[1.00876279]
UBT,[2.13394335]
SHV,[220.99070634]
ZROZ,[4.1202385e+10]
DLBL,[6.46566926e+10]
