Name,Riskiness R
HYS,[0.66635628]
HYLS,[2.62318362]
UJB,[6.10494079]
PGHY,[2433.54542839]
SHYG,[555652.38444463]
