Name,Riskiness R
OLEM,[5.88482103e+11]
USL,[6.13407719e+11]
OLO,[6.28330768e+11]
UCO,[1.41630214e+12]
USO,[1.61544863e+12]
