Name,Riskiness R
RGI,0.00016697458235805551
EXI,0.00017349482242802678
XLI,0.0001753703206143713
_PRN,0.0001816871761065535
XAR,0.00018909731909311166
