Name,Riskiness R
PPA,[0.05376597]
ITA,[0.05696187]
XLI,[0.05957807]
IYJ,[0.06140867]
FIW,[0.06501209]
