Name,Riskiness R
SZO,[0.56945753]
DTO,[0.87947063]
SCO,[2.42717075]
OLO,[4.21428975e+11]
USO,[5.66868824e+11]
