Name,Riskiness R
IBDC,[0.01034769]
BSCJ,[0.01243203]
IBCD,[0.01258141]
IBDL,[0.0143756]
BSCK,[0.01537625]
