Name,Riskiness R
AADR,0.00016950160276436405
COPX,1.4147847948463375
DBAW,6008660913756.723
ECON,5226494435915.061
EDC,1.1139584823936308
EEM,68826164015.06459
EEMS,1872098838756.8875
EMCG,420733052932.0104
EMFM,875676345541.307
FAN,305391823666.227
FIEG,1.0612436653627404
FLN,0.9399405957932376
FM,0.00020614374660068413
FNDE,1.2480807423419196
FONE,1.1928970029228279
FPA,392891699089.2243
FPXI,0.00016707484948093857
FWDI,1218760281883.04
GDXJ,0.9479404853014866
GDXS,0.011036201140938832
HEEM,1696282568999.7324
HGI,1418050351457.9888
HILO,488123070177.90137
ICLN,2431313251568.4653
IEMG,142421217737.89563
IFV,859153208575.9236
IQDF,0.00017346585713612893
JDST,0.002883650289504314
KOL,0.6674071785354867
LIT,0.43009560446499573
PBD,10812248763482.004
PICK,4.453506501850209
QEMM,413304470702.82
SIL,3.1990938409765985
SLVP,1.8950735845123636
SLX,0.6030031816552073
SOCL,0.20254215724183322
SOIL,2152284765675.6167
TLTE,375847430831.87555
VIDI,0.00018090233367181193
