Name,Riskiness R
SOCL,[0.20254216]
AADR,[0.26737494]
LIT,[0.4300956]
SLX,[0.60300318]
KOL,[0.66740718]
