Name,Riskiness R
PSCC,[0.16338747]
UGE,[2.10240691]
PSL,[1.25453464e+10]
EMCG,[9.31764234e+10]
WBIE,[3.13908822e+11]
