Name,Riskiness R
CRAK,[0.09459459]
PZD,[0.16264973]
GRID,[0.19409508]
KOL,[0.22539498]
FILL,[0.51206628]
