Name,Riskiness R
PSCU,[0.06530065]
FUTY,[0.07782862]
XLU,[0.08142206]
RYU,[0.08275996]
VPU,[0.08366546]
