Name,Riskiness R
ARKW,[0.14605355]
PSI,[0.14930127]
SMH,[0.17504455]
SOXX,[0.19152973]
XNTK,[0.19626595]
