Name,Riskiness R
XLK,[0.07859823]
IGM,[0.07868775]
IXN,[0.0788874]
RYT,[0.07983251]
SKYY,[0.08169981]
