Name,Riskiness R
USL,[0.41566692]
DBO,[0.47532903]
OLEM,[0.5487742]
USO,[0.81826441]
UCO,[0.91940717]
