Name,Riskiness R
FMB,3262994482513.7554
ITM,0.00221640171980788
MLN,0.00290334722105341
MUB,3549377585721.868
MUNI,2419956959844.6587
PRB,1854897818750.3953
PVI,4.033929038719404e-05
PZA,9.970956217256674
RVNU,0.001158701925842966
SHM,3061265070108.938
SHYD,0.0008655372903628981
SMB,2795675592744.4634
SMMU,3900134694457.975
SUB,1.7538023187996516e-05
TFI,3027123265862.9814
