Name,Riskiness R
MINT,[0.00137676]
NEAR,[0.00209147]
RAVI,[0.0029922]
ULST,[0.00321844]
HOLD,[0.00387943]
