Name,Riskiness R
EEB,[0.16642288]
PXH,[0.16720836]
FNDE,[0.18422684]
BKF,[0.19844029]
DVYE,[0.23573245]
