Name,Riskiness R
ACWV,[0.04913158]
DLS,[0.06056882]
FNDC,[0.06244783]
JPGE,[0.06521571]
SCZ,[0.06719934]
