Name,Riskiness R
SZO,[0.1672998]
DTO,[0.29009568]
SCO,[0.39542964]
UCO,[6.77904577e+11]
DBO,[4.4689388e+12]
