Name,Riskiness R
BICK,0.0001658818433102355
EEB,0.00016653307549249654
DVYE,0.00016833087722593044
DEM,0.0001703702435920715
ADRE,0.0001760675108090211
