Name,Riskiness R
SVXY,0.7386044674573001
TVIX,0.003547718190922092
UVXY,0.003035728888593267
VIIX,9757825819866.668
VIXM,3907338402224.7383
VIXY,10934617258548.715
XVZ,2341518167550.0874
ZIV,2.477021652004082
