Name,Riskiness R
UVXY,0.003035728888593267
TVIX,0.003547718190922092
SVXY,0.7386044674573001
ZIV,2.477021652004082
XVZ,2341518167550.0874
