Name,Riskiness R
AMJ,974490892239.601
AMLP,1063071593695.68
AMU,899607740602.988
AMZA,1997964362130.37
ATMP,11840468585.549084
CHIE,328958846358.7351
CRAK,0.00018076190725892775
DDG,0.0001722322007489988
DIG,106750970815.64307
DRIP,0.003083876686208084
DUG,7689451385224.072
EMLP,724198509466.9773
ENFR,2.774909683876227
ENY,290383873613.95105
ERX,3.6299703050286776
ERY,9401434365204.414
FAN,0.0001974620094115037
FCG,723034576459.1089
FENY,992816627254.6116
FILL,1.0724937315678968
FRAK,1737651719984.9434
FXN,1808322707995.1895
GASL,0.0037295156407710574
GEX,933627627249.4441
GREK,6206083212443.064
GRID,0.00016725459720774033
GUSH,0.0017800978792581275
ICLN,2452805465630.4927
IEO,317112826610.563
IEZ,5743353353123.9
IXC,294507664073.10345
IYE,1947639685713.6836
KOL,0.1739579053124752
MLPA,518437859416.4341
MLPB,364082653083.1525
MLPC,2055548389105.8936
MLPG,2.8387784282731214
MLPI,941107890445.4744
MLPX,380440173900.642
MLPY,703663890050.6016
NLR,183386694451.81552
OIH,1237153861080.1694
PBD,973023829926.6729
PBW,237803721244.61136
PSCE,2417514684982.4844
PUW,347735380348.4283
PXE,641320164149.5153
PXI,618316398700.4514
PXJ,4122402534354.96
PZD,0.25205089698567457
QCLN,0.9579809322135565
RYE,1095367370338.4847
TAN,3775839179392.957
TPYP,1.2199366038506427
VDE,4054751894643.0986
XES,2763677214266.7715
XLE,738529419210.3247
XOP,1022802804454.5388
YLCO,422389055796.6251
YMLI,47827667886.226234
YMLP,1053349775183.2507
ZMLP,2423884634120.699
