Name,Riskiness R
USDU,0.00016615977580949331
FXCH,0.00019680101673283626
FXS,0.00021073595654518983
FXA,0.00022149516919602906
CEW,0.0002292076708832626
