Name,Riskiness R
ITM,[85.88872451]
MLN,[5.15449144e+11]
MUB,[1.68294948e+12]
MUNI,[1.1189309e+12]
PRB,[9.24040027e+11]
PVI,[1.50853048e+12]
PZA,[8.60435849]
RVNU,[7.57601091e+11]
SHM,[2.74846411e+12]
SHYD,[5.01920457e+12]
SMB,[1.77918438e+12]
SMMU,[1.91392623e+12]
SUB,[1.2338607e+12]
TFI,[1.62218103e+12]
