Name,Riskiness R
PZA,[8.60435849]
ITM,[85.88872451]
MLN,[5.15449144e+11]
RVNU,[7.57601091e+11]
PRB,[9.24040027e+11]
