Name,Riskiness R
UXI,[0.53163585]
PPA,[0.57745349]
ITA,[0.62685131]
XAR,[1.06267949]
XTN,[4.03289318]
