Name,Riskiness R
CBND,[0.08425463]
CORP,[0.06015051]
GSY,[2.74296077e+12]
ICSH,[3.33534159e+12]
IGIB,[0.2473264]
IGSB,[8.89992819e+11]
LQD,[0.0804444]
LQDH,[2.30082844e+12]
PFIG,[975.53041]
QLTA,[0.06919356]
SLQD,[5.8299421e+12]
SPLB,[0.11535914]
USIG,[0.08942468]
VCLT,[0.08814198]
VCSH,[5.09767706e+11]
