Name,Riskiness R
FPE,[7.15198064e+11]
PSK,[7.24972085e+11]
PGF,[7.29470433e+11]
PFF,[1.0691784e+12]
PFXF,[1.30793382e+12]
