Name,Riskiness R
DRN,16.835792677669353
DRV,6221122312149.972
DRW,218920812495.35345
FFR,0.0002235725628419973
FREL,0.00019703667765474773
FRI,0.00019488664861875627
GQRE,0.00022223042698847693
GRI,0.0001998049063374273
ICF,0.00021158835885548338
IFEU,1127925837895.3184
IFGL,0.00020830143426683943
IYR,0.00024354729309199205
KBWY,0.00017003935244256767
MORL,0.5041285139440478
MORT,225088839335.9004
PSR,0.00017888087886997592
REET,0.00025510023372087644
REK,0.0002534205015068534
REM,3.2950473642693017
REZ,0.00018631420428822965
ROOF,0.00019620391922510903
RWO,0.00020315554730732148
RWR,0.00020204130144103457
RWX,2200773011424.4136
SCHH,0.00020553822072816484
SRET,0.00018484165709000612
SRS,4621370905624.8125
TAO,0.5136102309037693
URE,51579620900.804276
USRT,0.0002156670350309737
VNQ,0.00020042347242073245
VNQI,0.00018399560744253798
WPS,0.00020578264141317068
WREI,0.00019437674137200698
