Name,Riskiness R
ALTS,[147920.69426217]
BTAL,[2.62832754e+12]
CHEP,[1.40092282e+13]
CPI,[0.10340966]
DIVA,[0.0962322]
FLAG,[0.05968993]
FTLS,[0.03448338]
HDG,[0.07108063]
HTUS,[0.0663616]
MCRO,[0.16348007]
MNA,[0.02679656]
MOM,[4.07450667e+12]
MRGR,[5.95710023e+10]
QAI,[1.01051548e+11]
QED,[0.03079197]
QLS,[0.0510903]
RALS,[1.01794663e+13]
RLY,[0.06792328]
SIZ,[6.02421533e+12]
VAMO,[2.26826734e+12]
WTMF,[0.06363036]
