Name,Riskiness R
INDA,0.00017001542606068438
YANG,0.01051197584300535
YINN,0.01869741810354957
SMIN,0.25749479676344306
INCO,0.26658051102720765
