Name,Riskiness R
RHS,[0.07043585]
XLP,[0.07980425]
FSTA,[0.08347058]
PSL,[0.08388993]
VDC,[0.08417674]
