Name,Riskiness R
DGL,0.0001733118366664595
DGLD,6082134856604.612
DGP,13357550652855.928
DGZ,0.0001785353757965786
DZZ,2949463670192.959
GLD,0.00018321940545114543
GLL,4004580695527.198
IAU,0.00018445291841975901
OUNZ,0.00018080639983367207
SGOL,0.00018235798610584088
UBG,6691080028958.023
UGL,2167261193823.6582
UGLD,1181518467500.2837
