Name,Riskiness R
DZZ,[1.83641839]
SGOL,[1.87505123e+10]
OUNZ,[2.62363129e+10]
IAU,[3.21904852e+10]
UBG,[3.54271706e+10]
