Name,Riskiness R
BSCJ,2128003189007.5452
BSCM,6892553904.44272
BSCN,3.7785794628975653
BSCO,0.0012405971710521828
IBCD,0.015613977579444716
IBCE,0.027716304210617642
IBDC,0.011949576141075134
IBDD,1.2592364342258984
IBDK,1533523378529.123
IBDL,685921023407.7432
IBDM,2797420220819.158
IBDN,12212190.386338472
IBDO,0.0020058951888820907
IBDP,0.000626558684627982
IBDQ,0.0006301676412375853
