Name,Riskiness R
IBDP,0.000626558684627982
IBDQ,0.0006301676412375853
BSCO,0.0012405971710521828
IBDO,0.002005895188882091
IBDC,0.011949576141075134
