Name,Riskiness R
DGL,[9.92980111e+11]
UBG,[1.27159221e+12]
UGL,[1.57601849e+12]
DGZ,[1.74319225e+12]
DGP,[2.08700209e+12]
