Name,Riskiness R
SMMU,[0.01330326]
PZA,[0.01522644]
MUNI,[0.01845206]
MUB,[0.01879204]
TFI,[0.02228703]
