Name,Riskiness R
AADR,0.00016950160276436405
COPX,0.419706096110881
CRAK,0.00018076190725892775
DBAW,121767086875.47113
ECON,4413051718925.05
EDC,0.6354920309398565
EEM,0.7668596528237998
EEMS,718297600895.7166
EMCG,256466921581.06934
EMFM,63120176338.391495
FAN,0.0001974620094115037
FIEG,1.2263023468286884
FLN,0.34539240781035196
FM,0.00020614374660068413
FNDE,0.32225491338817525
FONE,0.00017690738598498623
FPA,0.00017416510350453027
FPXI,0.00016707484948093857
FWDI,0.7660303723396431
GDXJ,0.4605674702555371
GDXS,0.011036191104853519
HEEM,0.00020461063787417485
HGI,151761817276.62024
HILO,0.00017237002926291845
ICLN,3294954362498.9326
IEMG,0.6920039721125621
IFV,188432649611.44162
IQDF,0.00017346565843233815
JDST,0.0028836502895043135
KOL,0.19436582031063487
LIT,0.17744791224006512
PBD,1106288424406.684
PICK,0.3228668268674236
QEMM,0.00016668883807297532
SIL,0.6481148753882847
SLVP,0.4143912987620773
SLX,0.23049318985588726
SOCL,0.12111577144204023
SOIL,0.00019433009162900188
TLTE,1.0986966258922697
VIDI,0.00019989194326705173
