Name,Riskiness R
CRAK,[0.11501945]
SOCL,[0.12111577]
LIT,[0.17744791]
KOL,[0.19436582]
SLX,[0.23049319]
