Name,Riskiness R
LQD,[40613856.39699543]
CORP,[2.63760076e+10]
VCLT,[9.4615773e+11]
LDRI,[1.02918627e+12]
GSY,[1.12223453e+12]
