Name,Riskiness R
AADR,0.00016950160276436405
COPX,0.5647746665573793
CRAK,0.00018076190725892775
DBAW,197598295692.74936
ECON,571818352726.7994
EDC,0.758041804887233
EEM,2.1298699054019377
EEMS,391402522359.30896
EMCG,869964307666.9594
EMFM,411423186601.432
FAN,0.0001974620094115037
FIEG,3.9751328147712273
FLN,0.32488060147960396
FM,0.00020614374660068413
FNDE,0.42207980405844725
FONE,0.00017690738598498623
FPA,0.00017416510350453027
FPXI,0.00016707484948093857
FWDI,6.042393489548902
GDXJ,0.6619413830100749
GDXS,0.01103578556374847
HEEM,0.00020461063787417485
HGI,963650576878.9409
HILO,0.00017237002926291845
ICLN,3025201119693.739
IEMG,1.677652624584341
IFV,981302104268.0164
IQDF,0.00017346565843233815
JDST,0.0028836502895043135
KOL,0.20500883201775247
LIT,0.22950095717663224
PBD,1070290048435.8806
PICK,0.39159010969152735
QEMM,0.00016668883807297532
SIL,1.5139656039176486
SLVP,0.7223332105224137
SLX,0.2347346515146063
SOCL,0.16344121236542822
SOIL,0.00019433009162900188
TLTE,72211405640.84396
VIDI,0.00019989194326705173
