Name,Riskiness R
CRAK,[0.10080788]
SOCL,[0.16344121]
KOL,[0.20500883]
LIT,[0.22950096]
SLX,[0.23473465]
