Name,Riskiness R
RYF,[0.20872859]
XLF,[0.34561039]
KBWP,[0.42334766]
FAS,[1.12120666]
FINU,[1.86711518]
