Name,Riskiness R
PZA,[8.34810682]
ITM,[83.78840761]
MLN,[5.15933576e+11]
RVNU,[6.72038635e+11]
PRB,[8.73602511e+11]
