Name,Riskiness R
SUB,1.7538023187996516e-05
PVI,4.033926643018492e-05
SHYD,0.0008655379790207126
RVNU,0.0011588302496479928
MLN,0.00291240260189028
