Name,Riskiness R
ECON,[3.53398802]
EMCG,[2.36309593]
FSTA,[0.06107873]
FXG,[0.07444351]
IYK,[0.08301663]
KXI,[0.09123042]
PBJ,[0.09334199]
PSCC,[0.07550828]
PSL,[0.07795986]
RHS,[0.04832502]
SZK,[1.00357255e+12]
UGE,[0.16074445]
VDC,[0.0612847]
XLP,[0.05925957]
