Name,Riskiness R
TMF,[2.67224426]
DLBL,[3.0834838e+11]
DFVL,[3.42015125e+11]
SPTL,[5.8114551e+11]
EDV,[6.38671952e+11]
