Name,Riskiness R
RWR,[0.08236334]
ICF,[0.08408293]
SCHH,[0.0848906]
PSR,[0.08543776]
GQRE,[0.08640252]
