Name,Riskiness R
KBWP,[0.0485725]
KIE,[0.07431744]
RYF,[0.08027221]
XLF,[0.0903441]
FXO,[0.09882959]
