Name,Riskiness R
DGLD,[3.05673036e+11]
DZZ,[7.84672021e+11]
UBG,[1.01799737e+12]
GLL,[1.62538467e+12]
IAU,[1.88338492e+12]
