Name,Riskiness R
PHDG,0.00020439467198062907
KIE,0.0002076533668872971
VQT,0.00022798218714251234
KBWP,0.00022925179377974352
UYG,0.0017121197288790105
