Name,Riskiness R
DBO,[2.43389031e+13]
DTO,[0.2848372]
OLEM,[6.3706267e+12]
OLO,[7.19627052e+12]
SCO,[0.37985916]
SZO,[0.17280219]
UCO,[6.90278133e+11]
USL,[5.5874558e+12]
USO,[7.38568082e+12]
