Name,Riskiness R
ERUS,[0.85088624]
FCOM,[9.02909402e+11]
FONE,[1.69189567]
IXP,[5.070983e+12]
IYZ,[4.59052266e+12]
LTL,[3.14382215e+12]
VOX,[2.33996636e+12]
WBIF,[7.8692582e+11]
XTL,[6.0525671e+11]
