Name,Riskiness R
ANGL,[2.81488007e+11]
CJNK,[1.93046637e+12]
GHYG,[2.79989237e+12]
HYG,[5.97809825e+12]
HYHG,[1.43862408e+12]
HYLD,[4.96824721e+12]
HYLS,[2.67780972e+12]
HYND,[5.28032546e+12]
HYS,[3.41199152e+12]
HYZD,[1.19682087e+12]
JNK,[5.517883e+12]
PGHY,[3689.27669838]
PHB,[9.61172835e+11]
RIGS,[1.32563964e+12]
SHYG,[2.25797943]
SJB,[4.81038716e+12]
SJNK,[1.67199206e+12]
UJB,[1.4423999e+11]
