Name,Riskiness R
RIGS,[0.0294083]
PGHY,[0.03184721]
CJNK,[0.03244291]
ANGL,[0.03972233]
PHB,[0.05322826]
