Name,Riskiness R
ALTS,[607774.9875782]
BTAL,[2.03522628e+12]
CHEP,[2.69175578e+12]
CPI,[3.19484155e+12]
FLAG,[4.62547666e+11]
FMF,[3.22529827e+12]
FTLS,[2.71010481e+12]
HDG,[0.23644185]
MCRO,[4.46597976e+12]
MNA,[1.89126969e+12]
MOM,[5.0365512e+11]
MRGR,[1.25013609e+12]
QAI,[1.27952957e+12]
QMN,[1.90398293e+12]
RALS,[2.15024754e+12]
RLY,[4.37029171e+12]
SIZ,[1.75053843e+12]
WTMF,[3.82009406e+12]
