Name,Riskiness R
BKF,0.6352146040422211
FEMS,0.6851308566726461
SPEM,0.8405361082866738
TLTE,0.8440051844682779
PXH,1.010102529037419
