Name,Riskiness R
CRAK,[0.12496473]
KOL,[0.12551963]
LIT,[0.1898834]
SOCL,[0.19675655]
FNDE,[0.20234545]
