Name,Riskiness R
IHDG,[0.07471391]
FPXI,[0.07649496]
AIA,[0.07821494]
FPA,[0.08180332]
VXUS,[0.08250015]
