Name,Riskiness R
ANGL,0.00027182573882946723
CJNK,974963343536.0647
GHYG,0.00660010103584537
HYG,0.0004458436493917118
HYHG,0.0002076739746784446
HYLD,4384209095473.211
HYLS,0.0005356956035948038
HYND,0.00021449286552151223
HYS,0.0009096082501771103
HYZD,0.0004571453630769725
JNK,0.0004075112294018746
PGHY,3415.736666683445
PHB,0.0004902209780639629
RIGS,2729632235065.0024
SHYG,2.0578730744868623
SJB,0.0003610527318759036
SJNK,1772643797851.187
UJB,918117893164.9613
