Name,Riskiness R
PSCU,[0.19826861]
UPW,[0.34353053]
FXU,[3.59564464]
RYU,[4.39319099]
VPU,[16.88621289]
