Name,Riskiness R
IGM,[0.05178209]
XLK,[0.05306687]
RYT,[0.05366201]
PSJ,[0.05706248]
IGV,[0.05752429]
