Name,Riskiness R
UGLD,[7.0600956]
UGL,[2.29339428e+11]
DGP,[3.21865409e+11]
SGOL,[5.41656184e+11]
UBG,[6.6717563e+11]
