Name,Riskiness R
SZO,[0.8654304]
DTO,[1.92166623]
UCO,[3.96845556e+11]
USL,[4.34682567e+12]
DBO,[7.1970875e+12]
