Name,Riskiness R
IBDC,0.005999726108867563
IBCD,0.007506561762231604
IBCE,0.014620909647796151
BSCM,0.05593633665471514
IBDD,1.199907744666915
