Name,Riskiness R
BSCJ,[2.39580783e+12]
BSCM,[7.74770434e+09]
BSCN,[3.17620407]
BSCO,[4.80137799e+11]
IBCD,[0.01729445]
IBCE,[0.03274942]
IBDC,[0.01147878]
IBDD,[1.26113994]
IBDK,[2.14133382e+12]
IBDL,[3.56392491e+12]
IBDM,[2.20202598e+12]
IBDN,[15375141.6969391]
IBDO,[4.78105981e+12]
IBDP,[8.21469056e+11]
IBDQ,[8.3395695e+11]
