Name,Riskiness R
FPE,[0.04996681]
IPFF,[0.599658]
PFF,[4.33287791e+11]
PFXF,[0.11673977]
PGF,[0.10464254]
PSK,[0.98278564]
SPFF,[8.2361485e+11]
