Name,Riskiness R
FPE,[0.04996681]
PGF,[0.10464254]
PFXF,[0.11673977]
IPFF,[0.599658]
PSK,[0.98278564]
