Name,Riskiness R
EMIF,[1.86526112e+10]
FUTY,[0.08773563]
FXU,[0.09538461]
GII,[0.42149787]
IDU,[0.09703337]
IGF,[0.50028566]
INXX,[8.56510269e+10]
JXI,[0.29563522]
PSCU,[0.06959573]
PUI,[0.09485509]
PXR,[1.99930738]
RYU,[0.08818839]
SDP,[6.17501563e+12]
TOLZ,[0.54059599]
UPW,[0.18371437]
VPU,[0.0943314]
XLU,[0.09148056]
