Name,Riskiness R
SVXY,0.7819639388127431
TVIX,0.003547718190922092
UVXY,0.003035728888593267
VIIX,10898364558387.633
VIXM,5040030666153.7705
VIXY,11014179577418.168
XVZ,4181841871062.0625
ZIV,1.591225390001498
