Name,Riskiness R
SVXY,[0.78196394]
ZIV,[1.59122539]
VIXM,[3.76045832e+12]
XVZ,[4.2294492e+12]
VIXY,[1.14330094e+13]
