Name,Riskiness R
EMIF,[3.17443732e+12]
FUTY,[1.06137884]
FXU,[3.73136638e+11]
GII,[9.93767063e+11]
IDU,[1.55686951]
IGF,[8.20697423e+11]
INXX,[9.3528036e+11]
JXI,[9.78107069e+11]
PSCU,[0.1787178]
PUI,[0.8176637]
PXR,[1.93104309e+12]
RYU,[8.89922543e+10]
SDP,[7.88880868e+12]
TOLZ,[8.96629698e+11]
UPW,[0.31817446]
VPU,[0.98274551]
WBIC,[4.40737897e+12]
XLU,[1.35862111]
