Name,Riskiness R
SUB,1.7538023187996516e-05
PVI,4.033927649780473e-05
SHYD,0.0008655379790207252
RVNU,0.001158830280329274
MLN,0.002912647414454364
