Name,Riskiness R
BSCJ,996558839456.148
BSCK,1546419842863.1118
BSCL,890138105047.5659
BSCM,1930835783690.0706
BSCN,1077361219019.4971
BSCO,961772851.0615448
BSCP,1554028432672.3489
IBCD,1818182999830.199
IBCE,936974006429.2527
IBDC,812293887986.7483
IBDD,0.0010961506787316847
IBDK,968271895760.0312
IBDL,2026957567771.539
IBDM,1803431149210.6519
IBDN,25241.53735111531
IBDO,1184793611056.0042
IBDP,2046304280361.4707
IBDQ,571920269.8033779
