Name,Riskiness R
PSCU,[0.07872494]
FUTY,[0.09407223]
VPU,[0.09671841]
RYU,[0.09894857]
PUI,[0.10032189]
