Name,Riskiness R
AAXJ,15299700853.15744
ADRE,1.5722532887786345
AFTY,558701281655.6279
AIA,0.4300197242726913
ASEA,324985548895.47076
ASHR,595329249931.988
ASHS,1634079470088.2366
AXJV,0.0034034213042037605
CHIE,1609001807192.7139
CHII,22249863475.150726
CHIM,0.6767913160187926
CHIQ,0.36152355356547416
CHIX,3.4992421880697915
CN,1.0405382977088555
CNXT,691844384029.7855
CQQQ,0.2624061854952521
CXSE,0.23236883449297702
DBEM,1217888137122.1086
DEM,444698018316.0255
DGRE,596672538495.7375
DGS,43996604298.246475
ECNS,176251460016.5619
EDC,0.9582134385683956
EDIV,384944728956.6925
EDZ,289525195.6004748
EEM,22892160637.141296
EEMA,3.238644966201236
EEMV,1254847732386.3691
EET,0.8754777443996719
EEV,9904615343043.25
EIDO,630679352267.0259
EMQQ,0.23627325376313563
EPHE,685191567911.8657
EPI,293378983589.5194
EUM,5491168481580.424
EWM,600972.2297495297
EWX,208996468735.11322
FCA,1.1082779947860775
FEM,0.7378084593853133
FEMS,0.5262463655000794
FNI,0.7394210138082015
FXI,221340125942.35254
FXP,16823120496129.605
GMF,98968663297.41193
GXC,0.694317195380774
HAO,5.849548339671654
IDX,727383935915.7141
INCO,1.188556421330328
INDA,0.00017137582178185917
INDL,3.0154968813632728
INDY,445604437564.2477
INXX,958503510688.6572
KBA,403009.4047947616
KFYP,0.5290264125050835
KWEB,0.23431411206380748
MCHI,0.9581833090997012
PEK,1419708084006.9663
PGJ,0.2800529981975757
PIE,225742500910.2625
PIN,585014441940.9263
SCIF,0.7208274450024933
SCIN,6.374306868963862
SMIN,0.4294370188953241
SPEM,121562539624.22934
THD,47662091486.53623
VNM,5854416545370.931
VWO,409517601206.8273
XPP,1.8967310944296467
YANG,0.010511976106979765
YAO,1.036653281787547
YINN,0.01869340864754853
YXI,6479832620450.045
