Name,Riskiness R
INDA,0.00017137582178185917
AXJV,0.0034034213042037605
YANG,0.010511976106979765
YINN,0.01869340864754853
CXSE,0.23236883449297702
