Name,Riskiness R
CXSE,[0.23236883]
KWEB,[0.23431411]
EMQQ,[0.23627325]
CQQQ,[0.26240619]
PGJ,[0.280053]
