Name,Riskiness R
IHI,[0.11382121]
XHE,[0.14825613]
PSCH,[0.29273408]
RXL,[0.69152195]
CURE,[0.69348357]
