Name,Riskiness R
FCOM,[0.1069889]
VOX,[0.11693038]
XTL,[0.17139313]
FONE,[0.20613518]
IYZ,[0.21020642]
