Name,Riskiness R
CROP,[0.0672046]
ROGS,[0.08006357]
FDTS,[0.08690594]
FLM,[0.10450065]
FPXI,[0.10530229]
