Name,Riskiness R
SMIN,[0.33383051]
KWEB,[0.39251953]
INCO,[0.41325327]
CQQQ,[0.43565857]
KFYP,[0.46366996]
