Name,Riskiness R
IHI,[0.11272822]
XHE,[0.14531035]
PSCH,[0.26606997]
RXL,[0.56828898]
CURE,[0.59794013]
