Name,Riskiness R
SVXY,0.3366133808787881
TVIX,0.003547718190922085
UVXY,0.003035728888593267
VIIX,33290297893363.53
VIXM,11323636615007.334
VIXY,33238775930392.89
XVZ,0.0001756471284916838
ZIV,0.21996969193895022
