Name,Riskiness R
RTH,[0.08499959]
IYC,[0.10049141]
XLY,[0.10101246]
INCO,[0.11472309]
FDIS,[0.11761028]
