Name,Riskiness R
BSCJ,[0.01730675]
BSCK,[0.02061352]
BSCL,[0.02536499]
BSCM,[0.03111045]
IBCD,[0.01260956]
IBCE,[0.02113698]
IBDC,[0.01141558]
IBDD,[0.02054136]
