Name,Riskiness R
IBDC,[0.01141558]
IBCD,[0.01260956]
BSCJ,[0.01730675]
IBDD,[0.02054136]
BSCK,[0.02061352]
