Name,Riskiness R
BSCJ,[8.82377789e+11]
BSCK,[1.89430564e+12]
BSCL,[2.01015217e+12]
BSCM,[9.29541942e+11]
BSCN,[3.50192198e+12]
BSCO,[5.40603603e+12]
IBCD,[2.76919453e+11]
IBCE,[8.9321696e+11]
IBDC,[1.39220369e+12]
IBDD,[3.69768857e+11]
IBDL,[1.64389901e+12]
