Name,Riskiness R
IBCE,0.0009953912169671953
IBDD,0.0010963566008107806
BSCO,0.004868553317159172
IBCD,279668134101.4584
IBDL,1429566728809.3694
