Name,Riskiness R
AGG,1839074636679.1538
AGND,2141266838397.5645
AGZD,3114837357831.18
BIV,1273517157347.3809
BLV,0.00020585671325152734
BND,2405892627566.0776
BNDX,2192442583202.172
BOND,3894978975868.343
BSV,1091094856039.5862
BYLD,2079589864644.3486
FBND,708319623218.6919
FCOR,1625989092010.8906
FLTB,1904892774785.5332
FTSD,2137290528137.586
FWDB,4106695332208.312
GBF,2000616767726.706
GVI,1504936541501.5212
HOLD,1.7859291014474318e-05
ILTB,0.00023120582482986143
ISTB,1195596479017.144
IUSB,2940502765037.0464
KCNY,0.00037427385727744337
LDUR,1866869223697.0679
MINC,2416429778055.8613
MINT,3.327241928632414e-05
NEAR,4.058293481712114e-05
RAVI,2.2452262428237704e-05
SAGG,4477490376641.835
SCHZ,498641042990.8596
SPAB,1593890697794.6519
ULST,2.0925975198065554e-05
VBND,3077427842995.521
WYDE,0.0007166124905209039
XMPT,0.0005635357363739699
