Name,Riskiness R
EMIF,0.41214045556754036
FUTY,0.00019233038466777964
FXU,0.0001849512813456931
GHII,0.07868847921068994
GII,0.0001685913549392992
IDU,0.00019104746976283637
IGF,0.13017722697478631
INXX,0.5117073953218132
JXI,0.00016991976222362987
PSCU,0.05891853944236928
PUI,0.0721175014136413
PXR,0.20359555186075648
UPW,0.14643167995601983
UTES,0.0001914624843585779
VPU,0.00018781595451276137
WBIC,0.00021996584766719045
XLU,0.0902563625937004
