Name,Riskiness R
CIL,[1.02929593]
IPKW,[1.41021476e+11]
SILJ,[3.85625594e+11]
EXI,[4.53042395e+11]
GRID,[5.16233398e+11]
