Name,Riskiness R
MEAR,[0.01255169]
FMB,[0.01343971]
SUB,[0.01966468]
MUB,[0.02142065]
MUNI,[0.02242936]
