Name,Riskiness R
BJK,[5.8857104e+11]
CARZ,[3.54575251e+11]
CHIQ,[0.31614233]
FDIS,[75.32544259]
FXD,[9.92748848e+11]
INCO,[1.49979922]
IYC,[2.81746913e+11]
PBS,[7.72410177e+11]
PEJ,[3.87293317e+11]
PEZ,[2.67171667e+12]
PMR,[2.06610237e+12]
PSCD,[7.83644918e+11]
RCD,[8.63537655e+11]
RETL,[1.90155725]
RTH,[6.41778213e+11]
RXI,[6.32194753e+10]
SCC,[5.32307963e+12]
UCC,[0.56987506]
VCR,[1.32994249e+10]
WBIA,[9.30483703e+11]
XLY,[1.35135533]
XRT,[6.45687992e+12]
