Name,Riskiness R
CRAK,[0.10080788]
PZD,[0.18659697]
GRID,[0.19390759]
KOL,[0.20500883]
FILL,[0.69813399]
