Name,Riskiness R
AAXJ,[1.67491736e+12]
ACWX,[1.0036081e+13]
ADRA,[1.47723341e+12]
AIA,[1.90366686e+11]
AXJL,[2.00130426e+12]
CHIQ,[1.11587832e+13]
CWI,[2.88502883e+12]
DBAP,[5.72426219e+11]
DNL,[1.25503025e+13]
EEMA,[4.63973012e+11]
FPA,[1.46816397e+11]
IEMG,[2.03504612e+13]
IQDE,[5.22288987e+12]
IQDY,[5.08558247e+12]
PAF,[5.05171982e+12]
REMX,[3.33409058e+13]
VEU,[1.87042128e+12]
VXUS,[2.33895541e+12]
