Name,Riskiness R
AAXJ,1671139029561.5532
ACWX,10409886218020.508
ADRA,3643770989253.659
AIA,98581405888.00955
AXJL,2195894660053.8975
CHIQ,7108426977197.673
CWI,6382969979289.602
DBAP,573632670626.1118
DNL,9544225429708.127
EEMA,1782839519150.48
FPA,224543047132.18286
IEMG,6486540919559.387
IQDE,13126275832325.934
IQDY,3053066392617.1323
PAF,2071482771867.7397
REMX,24201575620027.9
VEU,1808928979059.9956
VXUS,0.00019326091465903282
