Name,Riskiness R
CARZ,[2.31591321e+12]
CROP,[1.93858749e+11]
DPK,[2.61825881e+12]
DZK,[5.79231153e+12]
EFO,[17259842.37890455]
EFU,[1.69713101e+12]
FDTS,[9.76553973e+11]
FLM,[3.96868376e+12]
FTAG,[1.61615134e+13]
FTRI,[1.75986523e+12]
HGI,[2.17321099e+12]
IDMO,[4.33890472e+12]
IPO,[1.97915364e+12]
PAGG,[1.13384982e+13]
PEX,[7.16661415e+11]
SOIL,[2.77371837e+12]
