Name,Riskiness R
DRN,648881603284.8992
DRV,5027362452546.181
DRW,35093078614.26709
FFR,0.00021850891548513498
FREL,0.00019703667765474773
FRI,0.00019488664861875627
GQRE,0.00022226734281251975
GRI,0.0001998049063374273
ICF,0.00020052941445940768
IFEU,956385908681.8796
IFGL,0.00019321287555806524
IYR,0.00022905150769716857
KBWY,0.00017003935244256767
LRET,1205643775216.205
MORL,0.5495428651161739
MORT,190483618502.8553
PSR,0.00017888087886997592
REET,0.00025510049243433064
REK,0.0002534205015068534
REM,144666160390.74567
REZ,0.00018631420428822965
ROOF,0.00019620391922510903
RWO,0.00020315554730732148
RWR,0.00020204130144103457
RWX,1260579651248.163
SCHH,0.00020553822072816484
SRET,0.00018484165709000612
SRS,4986147214620.089
TAO,0.4414618442341514
URE,558337632014.8545
USRT,0.000196857974074764
VNQ,0.00020042347242073245
VNQI,0.00017748377705773365
WPS,0.00020578286868945536
WREI,0.00019437674137200698
