Name,Riskiness R
SRET,[0.1140866]
DRW,[0.13134756]
REM,[0.13218643]
VNQI,[0.13931654]
MORT,[0.14626949]
