Name,Riskiness R
ADRA,[6.16732583e+11]
AIA,[6.90706488e+11]
CHIQ,[7.34590059e+11]
EEMA,[7.95954027e+11]
AAXJ,[8.35650326e+11]
