Name,Riskiness R
CBND,[0.03134589]
CORP,[0.03073164]
GSY,[0.00208126]
ICSH,[0.00416896]
IGHG,[0.02612688]
IGIB,[0.01953104]
IGIH,[0.06103889]
IGSB,[0.0055817]
LDRI,[0.06557811]
LKOR,[0.08356835]
LQD,[0.04409781]
LQDH,[0.01894455]
PFIG,[0.03050189]
QLTA,[0.03693687]
SKOR,[0.07500564]
SLQD,[0.01129278]
SPIB,[3.04084942e+10]
SPLB,[0.06233892]
USIG,[0.03088319]
VCIT,[0.03264705]
VCLT,[0.06244421]
VCSH,[0.01136005]
