Name,Riskiness R
GSY,[0.00208126]
ICSH,[0.00416896]
IGSB,[0.0055817]
SLQD,[0.01129278]
VCSH,[0.01136005]
