Name,Riskiness R
CARZ,[3.22653855e+11]
CROP,[2.94293823e+11]
DPK,[1.0263831e+13]
DZK,[1.37644704]
EFO,[2.68951701]
EFU,[4.23052984e+12]
FDTS,[1.07262789]
FLM,[2.27855589]
FPXI,[5.36407235e+10]
FTAG,[6.41764906e+12]
FTRI,[1.10948094e+12]
GDXS,[7.05683742e+12]
HGI,[7.96801544e+11]
IDMO,[1.45184065e+12]
IPO,[2.48090463e+11]
PAGG,[7.05545623e+12]
PEX,[10.47046307]
ROGS,[0.41435076]
SCID,[8.29759541e+10]
SMCP,[3.04560914e+11]
SOIL,[1.77929784e+12]
YLCO,[9.721244e+11]
