Name,Riskiness R
IBDD,0.0010961506787577856
IBDN,24172.646964743268
IBDQ,555803996.0458463
BSCO,942807183.4367888
IBCD,802820775780.2438
