Name,Riskiness R
PPA,[0.07234419]
ITA,[0.07282701]
XAR,[0.07393371]
FIW,[0.09392063]
FXR,[0.10949476]
