Name,Riskiness R
ZIV,[0.36848137]
SVXY,[0.54374533]
XVZ,[4.60642458e+11]
VIXM,[2.33546778e+12]
VIIX,[3.09709169e+12]
