Name,Riskiness R
INCO,[0.18138942]
SMIN,[0.19319104]
PEK,[0.29935036]
AIA,[0.32976509]
EPI,[0.34557488]
