Name,Riskiness R
CQQQ,0.22981059021371933
FDN,0.07988419845153757
FTEC,0.00018538746495233913
FXL,0.10077528651227104
IEUS,0.17304307465596128
IGM,0.00016893755325876172
IGN,0.144530615537231
IGV,0.06505257920848234
ISRA,4268218437988.476
IXN,0.0001775362673452528
KWEB,0.2724038161666423
PNQI,0.08889452410909478
PSCT,0.0002258226925634368
PSJ,0.06161222369417979
PTF,0.12744360902329235
PXQ,0.15532977150365823
QQQ,0.07336957682180034
QTEC,0.07709440179987696
REW,82394020394713.44
ROBO,0.11475410483008312
ROM,0.00210617304362456
RYT,0.06793639667557791
SKYY,0.08153269429080959
SMH,0.09837518803348151
SOCL,0.11983619908658873
SOXL,0.2785769159721199
SOXX,0.08797718918636219
SSG,0.0018605862422628606
TDIV,0.00017448427085431256
TECL,0.20315295615773896
TECS,0.12074595680525049
USD,0.8969380538542012
VGT,0.0001926315324531415
XLK,0.0002202417968078948
XNTK,0.07736604036663063
XSD,0.09851271985696983
XSW,0.08874858359739456
