Name,Riskiness R
AAXJ,3.9788319483485948
ACWX,973337410243.5955
ADRA,431629096957.9192
AIA,0.4402979536373015
AXJL,570558002994.438
AXJV,0.0034034213042037605
CHIQ,0.822872086744082
CWI,0.00016661214191429353
DBAP,701032780114.2289
DNL,530755773331.1815
EEMA,1.7819944432147425
EMCG,1105902292332.7822
FPA,408173819177.59924
FPXI,0.00016707484948093857
HEEM,901729134361.9338
IEMG,3.735188574611499
IHDG,600855003597.3235
IPOS,511539547599.63513
IQDE,0.00018292605257102666
IQDY,748146990965.7828
PAF,208619100605.2023
QEMM,953455597793.616
REMX,1.0012750360239395
VEU,1004208081438.3346
VXUS,0.00016686569577386705
XSOE,0.6918625171235021
