Name,Riskiness R
BSCJ,[1.59268632e+12]
BSCK,[3.76549953e+12]
BSCL,[7.73345005e+11]
BSCM,[2.31136804e+12]
IBCD,[1.06103199e+11]
IBCE,[0.05812598]
IBDC,[1.1838595e+11]
IBDD,[0.05403189]
