Name,Riskiness R
ARKW,[0.12710717]
PSI,[0.14925782]
SMH,[0.16941798]
XNTK,[0.18091393]
FDN,[0.18100363]
