Name,Riskiness R
ACWV,[0.04758941]
XT,[0.057203]
JPGE,[0.06682638]
ROBO,[0.06735026]
FNDC,[0.06739153]
