Name,Riskiness R
UCO,0.0018137521549184393
DTO,0.0026724881182149107
SCO,0.003076120444133623
SZO,0.1784977332124068
USL,22281063195556.445
