Name,Riskiness R
EMQQ,[0.18957675]
FEMS,[0.21576364]
XSOE,[0.22813785]
DGS,[0.23731418]
EEB,[0.2579491]
