Name,Riskiness R
PGF,[3.15847402e+11]
PGX,[4.30993334e+11]
PFF,[5.27690288e+11]
SPFF,[8.36310988e+11]
PSK,[1.68656938e+12]
