Name,Riskiness R
CARZ,[1.17281801e+12]
CROP,[2.78137038]
DPK,[5.16232624e+12]
DZK,[6.28362059]
EFO,[2.45506778]
EFU,[4.32546016e+12]
FDTS,[3.835044e+11]
FLM,[4.31030099e+11]
FPXI,[7.41884104e+11]
FTAG,[3.13493308e+13]
FTRI,[1.10633575e+13]
HGI,[1.69824059e+12]
IDMO,[1.46229391e+12]
IPO,[1.57178049e+12]
PAGG,[1.23384294e+12]
PEX,[1.21708695e+10]
SOIL,[1.84521162e+12]
