Name,Riskiness R
CROP,[0.07676735]
PEX,[0.11423728]
FDTS,[0.12341992]
FLM,[0.14531305]
FPXI,[0.18088571]
