Name,Riskiness R
DGL,3633286228534.623
DGLD,0.013181895653175403
DGP,19484662068739.277
DGZ,2062246404321.204
DZZ,1147931422407.3794
GLD,11279094161379.924
GLL,3608610808270.781
IAU,1696635366990.8594
SGOL,8605850463599.607
UBG,5571428241610.2295
UGLD,1.6343839184194158
