Name,Riskiness R
DGLD,0.013181895653175403
UGLD,1.6343839184194158
DZZ,1147931422407.3794
IAU,1696635366990.8594
DGZ,2062246404321.204
