Name,Riskiness R
IBDQ,[5.95254926e+08]
BSCO,[9.26747517e+08]
IBDO,[4.27816309e+11]
IBCD,[6.50417025e+11]
IBDK,[7.44690055e+11]
