Name,Riskiness R
ECON,[0.54948416]
EMCG,[0.23940159]
FSTA,[0.25875578]
FXG,[0.5192285]
IYK,[0.17694359]
KXI,[0.21682793]
PBJ,[1.74848111]
PSCC,[0.10590243]
PSL,[0.09141287]
RHS,[0.1427372]
SZK,[1.15218955e+12]
UGE,[0.36263968]
VDC,[0.24285923]
WBID,[0.8114431]
WBIE,[0.30567098]
WBIL,[0.11792109]
XLP,[0.27059044]
