Name,Riskiness R
CRAK,[0.10425869]
KOL,[0.16088543]
SOCL,[0.22442755]
SLX,[0.23439497]
LIT,[0.24414467]
