Name,Riskiness R
UUP,[0.04724408]
EUFX,[0.05967008]
USDU,[0.08298931]
DRR,[0.11145346]
EUO,[0.11263836]
