Name,Riskiness R
FMB,1621329977628.339
ITM,0.00221640171980788
MEAR,1.7892381763445113e-05
MLN,0.00289418508645143
MUB,3760232221838.9224
MUNI,2611955257106.9033
PRB,2035156116328.8171
PVI,1.835673781553963e-05
PZA,11.895814091329814
RVNU,0.001158698043966742
SHM,2969116515138.91
SHYD,0.0008655372903574774
SMB,1557002774264.5818
SMMU,1296228358632.2532
SUB,1.7538023187996516e-05
TFI,1086945868752.8657
VTEB,1256729460604.7117
