Name,Riskiness R
ADRE,0.4227670974160333
BBRC,466677073252.9145
BICK,0.5061363541827012
BKF,0.4730583113247969
DBEM,258538836577.3213
DEM,0.5410810870599685
DGRE,10.972482358269533
DGS,0.4569909914388783
DVYE,0.5266235278097494
EDC,0.6608569458159375
EDIV,1.4297331713148727
EDOG,472972636144.6998
EDZ,17796107217198.43
EEB,0.3428716278970936
EELV,782492762854.5604
EEM,0.9316748611307748
EEMO,13.005281229666002
EEMS,2725380889608.657
EET,0.5620056462164563
EEV,3193908503394.825
EMCG,342523453664.4822
EMFM,542948637656.12103
EMIF,1133432884178.3347
EMQQ,0.3495358427432524
EUM,9442301985955.459
EWEM,461578135082.86536
EWX,0.00016805856453559588
FEM,0.46709174946615967
FEMS,0.33637294555316893
FNDE,0.32554493019270264
GEM,2.475928473875176
HEEM,0.00020461063787417485
HILO,0.00017237002926291845
IEMG,0.8453626636573828
JPEM,1.5158097131184227
PIE,27555598617.599243
PXH,0.32274149081774495
PXR,498997371616.819
QEMM,0.00016668883807297532
ROAM,0.00018015249074768136
SCHE,1.0373378893480791
SDEM,288415751620.9525
SPEM,0.7744391515731051
TLTE,4.530843094533172
VWO,1.473715066589812
XCEM,0.0001923611706769172
XSOE,0.5370275545956231
