Name,Riskiness R
PXH,[0.32274149]
FNDE,[0.32554493]
FEMS,[0.33637295]
EEB,[0.34287163]
EMQQ,[0.34953584]
