Name,Riskiness R
DGS,0.1421109535847664
EMQQ,0.14243658869793568
FEMS,0.14757852693123494
TLTE,0.16459350464692102
FEM,0.16516918781457088
