Name,Riskiness R
BJK,[1.36527389]
CARZ,[2.24361388e+12]
CHIQ,[0.37432407]
FDIS,[7.8498748]
FXD,[9.69240532e+11]
INCO,[0.66403367]
IYC,[4.22272189e+11]
PBS,[5.15918824e+11]
PEJ,[6.01477789e+11]
PEZ,[6.69873432e+11]
PMR,[2.32313698e+12]
PSCD,[7.00047268e+11]
RCD,[4.14088505e+12]
RETL,[2.00404793]
RTH,[2.57702882e+11]
RXI,[2.04673092e+11]
SCC,[1.1414201e+13]
UCC,[0.48890441]
VCR,[10.41431258]
WBIA,[5.49314823e+12]
XLY,[0.8378617]
XRT,[1.44664472e+12]
