Name,Riskiness R
BJK,[0.14953335]
CARZ,[0.39858875]
CHIQ,[0.14612783]
FDIS,[0.07999227]
FXD,[0.16735787]
INCO,[0.14142655]
IYC,[0.08556898]
PBS,[0.34924969]
PEJ,[0.1874425]
PEZ,[0.28045372]
PMR,[5.0527114e+11]
PSCD,[0.23859376]
RCD,[0.18432688]
RETL,[0.72312516]
RTH,[0.11081363]
RXI,[0.10080826]
SCC,[2.68676192e+12]
UCC,[0.18196799]
VCR,[0.08339716]
WBIA,[0.91513439]
XLY,[0.07301548]
XRT,[2.97811736e+11]
