Name,Riskiness R
FPE,[0.02135956]
PGF,[0.03529891]
PFF,[0.07143095]
PSK,[0.10619694]
PFXF,[0.2809331]
