Name,Riskiness R
ENZL,[0.05942174]
JPMV,[0.06224636]
FNDC,[0.06270293]
DFJ,[0.06741574]
ISCF,[0.06779701]
