Name,Riskiness R
CARZ,2347847313139.197
CROP,407370456515.9622
DPK,4798074991618.029
DZK,590296326596.9308
EFO,926515480744.0
EFU,4006501167619.9004
FDTS,113992547696.3757
FLM,708174131455.7789
FPXI,0.00016707484948093857
FTAG,15265014509632.373
FTRI,3808699306858.3823
GDXS,0.011036201136797649
HGI,1165206127111.4778
IDMO,3146972762864.6123
IPO,445314602170.6323
PAGG,1230407393348.439
PEX,209108872314.97742
ROGS,1049485619523.8616
SMCP,2740137140140.418
SOIL,2522315638084.503
