Name,Riskiness R
CARZ,[7.38719176e+11]
CROP,[3.92833763e+11]
DPK,[5.80454173e+12]
DZK,[2.76892677e+11]
EFO,[1.13798866e+12]
EFU,[3.72467291e+12]
FDTS,[6.72019613e+10]
FLM,[7.04375369e+11]
FPXI,[5.36096264e+11]
FTAG,[2.78103113e+13]
FTRI,[3.3156118e+12]
GDXS,[7.2538327e+12]
HGI,[1.36506498e+12]
IDMO,[1.27790391e+12]
IPO,[4.40365307e+11]
PAGG,[4.67768448e+12]
PEX,[3.74495729e+10]
ROGS,[8.74633918e+11]
SMCP,[1.02115178e+12]
SOIL,[1.43420879e+13]
