Name,Riskiness R
DGLD,0.013181768027561344
UGLD,1.3636318707833406
DZZ,2.7300905606676076
GLL,4855791893.821516
DGZ,1904009503484.4194
