Name,Riskiness R
DRN,[0.61984103]
KBWY,[0.63997893]
URE,[0.70575994]
MORL,[0.96341441]
REZ,[1.57575]
