Name,Riskiness R
FMB,2091910401259.1646
ITM,0.00221640171980788
MEAR,1.7892381763445113e-05
MLN,0.002891704931928442
MUB,2039745261506.3313
MUNI,2024938261527.876
PRB,1516394026342.734
PVI,2.616814981354928e-05
PZA,9.916629759081012
RVNU,0.0011586980321877144
SHM,903734863811.3704
SHYD,0.0008655372903517679
SMB,2374671272933.69
SMMU,1141963326554.4727
SUB,1.7538023187996516e-05
TFI,2628261059841.8853
VTEB,1854642458059.0664
