Name,Riskiness R
DRN,[0.58804488]
URE,[0.6632214]
KBWY,[1.00735829]
REZ,[1.03617517]
MORL,[1.11096325]
