Name,Riskiness R
CROP,[0.06619521]
LIT,[0.11634619]
PKB,[0.11886383]
FLM,[0.12025075]
CUT,[0.12630933]
