Name,Riskiness R
DGL,9339891351848.223
DGLD,0.013181768720648983
DGP,381923179565.2296
DGZ,1948329655436.7607
DZZ,9422898164080.39
GLD,632544034498.0309
GLL,33116903698517.61
IAU,1936747690815.6934
OUNZ,766085331514.9119
SGOL,811722907746.7308
UBG,1971612828048.529
UGLD,1.311428991022229
