Name,Riskiness R
DBO,6745166410802.998
DTO,0.00907257771992324
OLEM,358449.8315328872
OLO,5135599389773.671
SCO,0.01067805772291994
SZO,29.269514343291434
UCO,0.0030356228998389477
USL,3.1632155972972344
USO,12243145182052.402
