Name,Riskiness R
UCO,0.0030356228998389477
DTO,0.00907257771992324
SCO,0.01067805772291994
USL,3.1632155972972344
SZO,29.269514343291434
