Name,Riskiness R
ECON,0.00018401530156197192
EMCG,0.0001829498619091603
FSTA,0.00020875637665876992
FXG,0.00022011965369220972
IYK,0.0002021227553887098
KXI,0.00020480975317377833
PBJ,0.00025431453499890683
PSCC,0.00020400520381297997
PSL,0.0003019206728305076
RHS,0.00023260489138002591
SZK,5587658887291.461
UGE,0.6390433238453928
VDC,0.00022526020276425468
WBID,0.00018844581930533235
WBIE,0.00019759924205597814
WBIL,0.0002185771472393424
XLP,0.00021770289054710463
