Name,Riskiness R
ECON,[3.06057874e+11]
EMCG,[1.05823523e+11]
FSTA,[5.97544353e+11]
FXG,[2.70007177e+12]
IYK,[1.26636413e+12]
KXI,[6.81972218e+11]
PBJ,[2.9643395e+11]
PSCC,[0.14664654]
PSL,[0.29625412]
RHS,[7.51258125e+11]
SZK,[5.97089257e+12]
UGE,[0.63904332]
VDC,[1.65557701e+12]
WBID,[8.8609015e+11]
WBIE,[2.7400265e+11]
WBIL,[1.6503147e+11]
XLP,[5.05456883e+11]
