Name,Riskiness R
VGSH,1.8517745335165388e-05
SHY,1.9702147231606446e-05
SCHO,2.1189580329251793e-05
SHV,4.6566937637611204e-05
BIL,5.473741546723748e-05
