Name,Riskiness R
AAXJ,23634628172.35892
ACWX,535673530273.3707
ADRA,0.00017214282030146065
AIA,0.42345201643126473
AXJL,460864189898.50806
AXJV,0.0034034213042037605
CHIQ,0.3900919243066367
CWI,0.00016661214191429353
DBAP,314741873433.86127
DNL,606550582055.6809
EEMA,3.1208948299845085
EMCG,369536446360.68365
FPA,858046711851.666
FPXI,0.0001780705958312933
HEEM,1027064853009.4414
IEMG,58.802371264065606
IHDG,118312243559.98384
IPOS,306147663586.8821
IQDE,0.00018292605257102666
IQDY,325821000686.192
PAF,267125017710.73468
QEMM,222107260207.55954
REMX,1.0226005505448794
VEU,1021602505120.6235
VXUS,0.00016686569577386705
XSOE,0.8881831091742216
