Name,Riskiness R
LTL,[0.62392726]
FCOM,[0.80184648]
VOX,[2.97013899]
XTL,[6.50484718]
IYZ,[1.50673027e+10]
