Name,Riskiness R
CBND,[4.86790536e+12]
CORP,[2.65076233e+10]
GSY,[1.02662151e+12]
ICSH,[1.6706051e+12]
IGHG,[3.96350287e+12]
IGIB,[2.57138793e+12]
IGSB,[1.23269002e+12]
LQD,[37046004.68717943]
LQDH,[1.12377298e+12]
PFIG,[3.10552822e+12]
QLTA,[4.10972971e+12]
SLQD,[2.55616262e+12]
SPIB,[3.52657729e+12]
SPLB,[7.35999624e+11]
USIG,[3.3601975e+12]
VCIT,[2.54824854e+12]
VCLT,[5.80150528e+11]
VCSH,[2.53275928e+12]
