Name,Riskiness R
CORP,[2.77442982e+10]
IGSB,[7.17431265e+11]
IGHG,[1.05293092e+12]
LQDH,[1.05718962e+12]
LDRI,[1.12705532e+12]
