Name,Riskiness R
ITM,942645582346.8958
MLN,263021623319.39893
MUB,784412447575.5029
MUNI,1840819194765.606
PRB,2103134701717.3281
PVI,4.034419293218905e-05
PZA,477271246548.89856
RVNU,8136985443.62727
SHM,1713082210916.1948
SMB,2089721840578.0662
SMMU,1.8281447857882548e-05
SUB,1.90298750781815e-05
TFI,2085630958115.9207
