Name,Riskiness R
UGLD,[2.63034018e+11]
UGL,[4.10596383e+11]
UBG,[4.11122706e+11]
DGL,[6.35226171e+11]
OUNZ,[8.54677844e+11]
