Name,Riskiness R
IAU,[0.23208292]
GLD,[0.2396905]
SGOL,[0.24025049]
OUNZ,[0.24244841]
UBG,[0.30865717]
