Name,Riskiness R
IYZ,0.0001687998547443587
FCOM,0.00017970873230091603
VOX,0.0001811009415708315
XTL,0.13898836462809167
FONE,0.14949280546454613
