Name,Riskiness R
EMIF,[2.5570065e+12]
FUTY,[1.57048175]
FXU,[7.04689046e+10]
GII,[7.61732397e+11]
IDU,[2.04633597]
IGF,[1.26407829e+12]
INXX,[1.50966676e+12]
JXI,[1.5743653e+12]
PSCU,[0.17555356]
PUI,[4.09667217]
PXR,[1.4216588e+12]
RYU,[1.05289473e+11]
SDP,[9.29409406e+12]
TOLZ,[1.08312877e+12]
UPW,[0.32226901]
VPU,[1.43159009]
XLU,[1.46506764]
