Name,Riskiness R
SVXY,[0.47244415]
TVIX,[1.2583072e+13]
UVXY,[1.35786078e+13]
VIIX,[6.66055292e+12]
VIXM,[8.25078882e+12]
VIXY,[1.8088484e+13]
XVZ,[1.54961171e+12]
ZIV,[0.23036001]
