Name,Riskiness R
REM,[0.06881956]
SRET,[0.08623572]
MORT,[0.09568621]
DRW,[0.15329635]
MORL,[0.19499764]
