Name,Riskiness R
ROGS,[0.20172151]
GSD,[0.23423524]
IPO,[0.30626204]
FTRI,[0.33694432]
HGSD,[0.36286709]
