Name,Riskiness R
FWDB,[0.07093763]
SPAB,[1.12481559]
XMPT,[1.26126895]
KCNY,[2.89053947]
FCOR,[3.67236144]
