Name,Riskiness R
DBO,126426316602437.9
DTO,0.0026724881182149107
OLEM,29283296491891.273
OLO,32346711729404.758
SCO,0.003076120444133623
SZO,0.1598831684893233
UCO,0.0018137521549184393
USL,24891338997653.18
USO,32275201782177.445
