Name,Riskiness R
SVXY,0.4340919305202973
TVIX,0.003547718190922085
UVXY,0.003035728888593267
VIIX,20710763453352.03
VIXM,5766779529578.182
VIXY,19198827220230.46
XVZ,0.0001756471284916838
ZIV,0.295754705130602
