Name,Riskiness R
ZIV,[0.17901752]
SVXY,[0.36110232]
XVZ,[1.90518308e+12]
VIIX,[6.24970294e+12]
VIXY,[6.97913394e+12]
