Name,Riskiness R
BIL,0.00016061380412555752
DFVL,0.00016703224788419132
DFVS,5547570329482.521
DLBL,202537099829.2332
DLBS,2964371522753.3174
DTUL,0.0003138557505053594
DTUS,0.11365617800955487
DTYL,0.00020982841702695692
DTYS,6798735295850.383
EDV,22050056378.336784
FLAT,0.019071006560553917
GOVT,2335124246388.882
IEF,0.000791801499842397
IEI,3662571744871.682
ITE,1278364658583.317
PLW,0.0002776695772228968
PST,0.0003728140808568158
SCHO,1.8529620596019027e-05
SCHR,2366194476230.968
SHV,72637.69389497644
SHY,1.807515083309732e-05
SPTL,1755125136364.359
SPTS,0.00019137279780744764
STPP,0.0002511800964815061
TBF,0.0002761122847082264
TBT,8094828504762.047
TBX,2333271699228.342
TLH,0.00033856500927250457
TLT,258563778009.97867
TMF,0.8354059662455119
TMV,3474807179282.7363
TTT,11388799465682.51
TUZ,1519594601412.6523
TYBS,0.000354490583928497
TYD,912835027287.4978
TYNS,0.00027620022642244654
TYO,0.0002207866012567697
UBT,1.2534721624061664
UST,0.00017989629580503663
VGIT,1681344055029.3618
VGLT,0.0001687736549817321
VGSH,1.9528736557775143e-05
ZROZ,2.6900306830695233
