Name,Riskiness R
DGL,[1.13616893e+11]
DGLD,[3.56292557e+11]
DGP,[9.36481013]
DGZ,[1.79730962e+11]
DZZ,[4.12799235e+11]
GLD,[1.63518653]
GLL,[7.48562662e+11]
IAU,[1.33064527]
SGOL,[1.59310328]
UBG,[1.88077375]
UGL,[6.44824475]
UGLD,[14.96272172]
