Name,Riskiness R
DGL,0.00020741484216950875
DGLD,2727549247653.7026
DGP,6245875544980.019
DGZ,0.0001785353757965786
DZZ,2713901690649.161
GLD,0.00022193633648746628
GLL,1593770643543.3262
IAU,0.00022330403148747977
SGOL,0.00022143075049224008
UBG,1775190418671.0366
UGL,7201893567234.673
UGLD,1286040495862.1084
