Name,Riskiness R
UGLD,[1.15876629e+12]
SGOL,[1.24141639e+12]
DZZ,[1.2819471e+12]
GLD,[1.29382295e+12]
DGZ,[1.47711593e+12]
