Name,Riskiness R
BDCL,2.9320648388814274
BDCS,848242945149.6797
BIZD,565410193910.5933
CHIX,2.853168355291372
DXJF,323746536216.4227
EUFN,2506423766692.5225
FAS,0.5144486237021401
FAZ,22879740435535.05
FINU,0.49832763344804315
FINZ,0.07608231428343432
FNCL,1.336106305836659
FXO,0.00017896033972198156
IAI,1.1219652817957215
IAK,1.275190518280192
IAT,1.0747241630283588
IXG,813567115941.4944
IYF,49720812165.26248
IYG,4.496735042790791
KBE,1.2859510220939785
KBWB,1.8760816270297402
KBWD,477119614974.8403
KBWP,0.00019227393014477985
KBWR,0.6078241020116845
KCE,525070093425.0696
KIE,0.0001815620462889897
KRE,0.6108653237431699
LMLP,792396394702.2153
PEX,0.00018944531430422447
PFI,0.00017849105452327857
PHDG,0.0003199276205892181
PSCF,0.00017644144053100298
PSP,113702173833.94803
QABA,0.46367592809129154
RWW,270648006366.70947
RYF,0.15291063166365965
SEF,6510846290851.53
SKF,13923031529650.861
UYG,0.48765550213598147
VFH,0.9308669167806698
VQT,0.0003911468496066982
XLF,0.19795094194653579
