Name,Riskiness R
ITM,[2.13264989]
PZA,[10.37134341]
MUB,[1.35773593e+12]
RVNU,[1.47673076e+12]
SUB,[1.69669647e+12]
