Name,Riskiness R
ANGL,[0.03037452]
CJNK,[0.03569806]
GHYG,[0.04192592]
HYG,[0.04949942]
HYGH,[0.0711003]
HYHG,[0.12438286]
HYLD,[0.11860063]
HYLS,[0.03056718]
HYND,[0.1499778]
HYS,[0.03020281]
HYZD,[0.03849914]
JNK,[0.05285075]
PGHY,[0.01660392]
PHB,[0.03072029]
RIGS,[0.02121457]
SHYG,[0.0262374]
SJB,[1.39147541e+12]
SJNK,[0.03198661]
UJB,[0.26471121]
WBII,[0.04238972]
