Name,Riskiness R
FPE,[2.9958229e+11]
PSK,[3.74741511e+11]
PGX,[7.83389441e+11]
PGF,[8.2274861e+11]
PFXF,[9.13278201e+11]
