Name,Riskiness R
ERUS,[1.12646516]
FONE,[2.77975172]
FCOM,[1.1654916e+11]
XTL,[5.22032739e+11]
IXP,[7.50339737e+11]
