Name,Riskiness R
DBO,[2.31268365e+13]
DTO,[0.3354319]
OLEM,[2.15099374e+13]
OLO,[7.3095614e+12]
SCO,[0.4616819]
SZO,[0.27653422]
UCO,[1.83693649e+11]
USL,[2.38537522e+13]
USO,[1.03304603e+13]
