Name,Riskiness R
BICK,0.00016670454919961276
EDZ,144305755.54296052
EDC,5284560914.714733
FNDE,789821100312.1707
DBEM,1029963822149.5399
