Name,Riskiness R
FPE,[0.01920063]
IPFF,[0.33797087]
PFF,[0.044855]
PFXF,[0.05923527]
PGF,[0.03857572]
PGX,[0.03610453]
PSK,[0.05585146]
SPFF,[0.29012776]
