Name,Riskiness R
FPE,[0.01920063]
PGX,[0.03610453]
PGF,[0.03857572]
PFF,[0.044855]
PSK,[0.05585146]
