Name,Riskiness R
ECON,[2.0443166e+12]
EMCG,[1.1412665e+13]
FSTA,[3.71001588]
FXG,[0.44762144]
IYK,[2.37453039e+11]
KXI,[5.76124535e+11]
PBJ,[1.58243736]
PSCC,[0.42559779]
PSL,[1.17199279]
RHS,[0.18946576]
SZK,[2.35017441e+12]
UGE,[0.31304267]
VDC,[0.90919934]
XLP,[1.15845448]
