Name,Riskiness R
ACIM,0.00019177696666505172
ACWF,0.00017933778520206272
ARKQ,0.15297116050509638
BJK,0.42105280717538646
CID,0.000202073796946257
CIL,0.00018475403327830432
CIZ,0.0001749832667392476
CNCR,1789652603080.1106
CRAK,0.00020461002242231895
CUT,0.24850896736179362
DBAW,2.436898330334404
DBEZ,100366603509.84149
DEEF,0.00016860462717629743
DEW,0.0001760793729951054
DGT,0.00016801443562976503
DNL,0.4219894249157402
DOO,0.00017910352585446588
DUST,0.002407414510679608
EFAD,0.00019276999802041482
EFZ,0.00026091365521073423
EUMV,0.00019312539237811103
EXI,0.00017349501609365992
FAN,0.000197461975436775
FILL,0.23525471027603675
FPA,0.00017416510350453027
FYLD,0.0001703027979018447
GEX,1077463764579.9072
GHII,0.29965419903582674
GOEX,0.6440162530752205
GRES,0.00027750340856306263
GRID,0.000167254635699067
HAP,0.00016610993731704858
HAWX,0.00019082594650637498
HDAW,0.00017048834350822092
IDHQ,0.00018863907499291175
IDLB,0.00016844360170426164
IMTM,0.0001671832546871739
IPKW,0.00017414732046038025
IQDE,0.00020246205325724303
IQDY,86569473953.76736
ISCF,0.5306668997797113
ISRA,454211390261.4291
IVAL,0.0001870515680186411
JDST,0.0028836502895043135
KLDW,0.00017605758343347034
LOWC,0.00018866620850722235
LVL,0.2415043094729261
MOTI,0.8578989113813238
NLR,237092394784.41446
PBD,617172552651.0259
PIO,1.6360872405217957
PIZ,0.0001713390112658936
PSAU,0.8503648364460715
PZD,0.1566720017642269
QWLD,0.00018322714087003238
RING,0.8838048078149646
SEA,1746259469373.7266
SGDJ,1.141773514722953
SILJ,0.4795799110516303
TOK,0.00019839370407909307
TOLZ,0.0001999624420337609
VEGI,0.00017127241538486006
YMLP,1.2975807361976508
