Name,Riskiness R
SVXY,1.0728101800712324
TVIX,0.003547718190922092
UVXY,0.003035728888593267
VIIX,10560892643470.637
VIXM,9653586408883.432
VIXY,9285653107796.418
XVZ,5670281605336.528
ZIV,69668004433.9426
