Name,Riskiness R
SVXY,[1.07281018]
ZIV,[4.83036673e+10]
VIXM,[1.43135905e+12]
UVXY,[5.43190929e+12]
XVZ,[6.0266139e+12]
