Name,Riskiness R
RYF,[0.15779245]
XLF,[0.19635399]
KBWP,[0.23782931]
KIE,[0.373343]
FINU,[0.50163318]
