Name,Riskiness R
FXE,[0.17623645]
BZF,[0.1818317]
CNY,[0.21542357]
ULE,[0.2924838]
FXY,[0.32949139]
