Name,Riskiness R
CBND,[1.70725978e+12]
CORP,[2.73192032e+10]
GSY,[2.35873143e+12]
ICSH,[1.68830904e+12]
IGHG,[3.63293456e+12]
IGIB,[1.0805595e+12]
IGSB,[1.84011378e+12]
LQD,[38771155.57258392]
PFIG,[1.322617e+12]
QLTA,[3.45160222e+12]
SLQD,[2.09321995e+12]
SPIB,[3.35718137e+12]
SPLB,[1.09977273e+12]
USIG,[2.67194349e+12]
VCIT,[2.00355315e+12]
VCLT,[1.57250784e+12]
VCSH,[9.66086092e+11]
