Name,Riskiness R
GSY,[0.00205178]
IGSB,[0.00662284]
VCSH,[0.01326912]
SLQD,[0.01630883]
ICSH,[0.01638218]
