Name,Riskiness R
AAXJ,0.4460665280196089
ADRE,0.34106796032593567
AFTY,666932193502.3855
AIA,0.25014900728400324
ASEA,0.00018109629935386378
ASHR,1120613590155.7178
ASHS,6160481028379.428
ASHX,1812212221084.2134
AXJV,0.0034034213042037605
CHAD,2202217756374.377
CHAU,2992.640488503357
CHIE,0.6134774908051238
CHII,463344701564.4601
CHIM,0.4631106629921832
CHIQ,0.00017220164330328133
CHIX,1.5031537593909057
CN,274984269205.0317
CNHX,2538616254111.738
CNXT,4279888185667.283
CQQQ,0.6661651237212346
CXSE,0.4485572415593923
DBEM,1.8992135982765728
DEM,0.25009742755182124
DGRE,1.0641442760956088
DGS,0.27860051039672634
ECNS,736101262354.2023
EDC,0.5208145833977852
EDIV,0.4154122373974015
EDZ,43450253174602.28
EEM,0.4597797628083902
EEMA,0.3706469969025328
EEMV,0.00017291861389195153
EET,0.409016295495313
EEV,11928807226124.287
EIDO,139621916408.8962
EMQQ,0.6122051504038405
EPHE,1542776810433.063
EPI,0.3524662781777782
EUM,6636561404161.486
EWM,364429.0618419766
EWX,0.0001759433633893569
FCA,0.609425163525737
FEM,0.33822676911017885
FEMS,0.34332047880062283
FNI,1.0752631568424322
FXI,4.78766796875566
FXP,4253818611259.182
GMF,0.3765668433992251
GXC,0.636188562310262
HAO,3822875608223.9717
IDX,63840028628.052826
INCO,0.29611351268445674
INDA,0.6345182075532442
INDL,0.5225519934515366
INDY,0.00017914401481171805
INXX,0.673163597448487
KBA,662796.8786217573
KFYP,2.4063380809821306
KWEB,1.342676201594079
MCHI,0.5874699812858095
PEK,2690442549903.843
PGJ,102577556504.87488
PIE,10.482546070263112
PIN,0.00018078867569582173
SCIF,10.247227770464116
SCIN,1279193644.9986103
SMIN,0.5205053365028538
SPEM,0.4278131365592133
THD,0.1404080356191612
VNM,590099385662.9789
VWO,0.6261585991393886
XCEM,0.0001923611706769172
XINA,3680107508472.6553
XPP,0.7620028313739325
YANG,6217296889135.691
YAO,0.9786971644792826
YINN,0.018938992634557894
YXI,2663047602604.299
