Name,Riskiness R
THD,[0.14040804]
DEM,[0.25009743]
AIA,[0.25014901]
DGS,[0.27860051]
INCO,[0.29611351]
