Name,Riskiness R
DTUS,[0.31848274]
DFVS,[0.5695662]
DTYS,[0.8614774]
SPTL,[1.17955273]
DLBS,[1.84837398]
