Name,Riskiness R
SZO,[0.17939737]
DTO,[0.29713823]
DDP,[0.34386378]
SCO,[0.40198249]
KOLD,[0.5560259]
