Name,Riskiness R
EUO,0.00018470987145309162
ULE,0.00018986195009956607
FXCH,0.00020421340577072924
BZF,0.00020578254461896676
FXB,0.00020949001757439826
