Name,Riskiness R
EMIF,[8.68330483e+11]
FUTY,[0.32511273]
FXU,[0.62514676]
GHII,[0.2996542]
GII,[1.79875296]
IDU,[0.45128431]
IGF,[5.3013584e+10]
INXX,[10.103158]
JXI,[1.18971679e+11]
PSCU,[0.16548479]
PUI,[0.27084482]
PXR,[0.54592855]
RYU,[0.51996967]
SDP,[5.30870782e+12]
TOLZ,[2.10834719]
UPW,[0.26892794]
UTES,[0.38916897]
VPU,[0.27873747]
WBIC,[1.96469186e+12]
XLU,[0.52492864]
