Name,Riskiness R
ERUS,[0.19646806]
FCOM,[0.13538155]
FONE,[0.09819515]
IXP,[0.28273242]
IYZ,[0.44584085]
LTL,[1.01504654]
VOX,[0.1738118]
WBIF,[0.05443888]
XTL,[0.09780304]
