Name,Riskiness R
CARZ,[0.29967103]
CROP,[0.06279591]
DPK,[4.24750495e+12]
DZK,[0.4730051]
EFO,[0.4486441]
EFU,[3.25325457e+12]
FDTS,[0.09006106]
FLM,[0.10785026]
FPXI,[0.1170341]
FTAG,[4.96528129e+12]
FTRI,[1.48465656e+12]
HGI,[0.22632663]
IDMO,[0.55747256]
IPO,[0.20453633]
PAGG,[1.49282222e+10]
PEX,[0.09700602]
SOIL,[0.48215464]
