Name,Riskiness R
CROP,[0.06279591]
FDTS,[0.09006106]
PEX,[0.09700602]
FLM,[0.10785026]
FPXI,[0.1170341]
