Name,Riskiness R
BICK,0.00016670454919961276
EMQQ,0.23586496132250487
FEMS,0.7646999825009642
EDC,1.1484458093526895
EET,1.170841675413275
