Name,Riskiness R
ITM,0.00019403246158164955
MLN,0.11515698066230494
MUB,0.0002774214594502979
PVI,0.00026855723967954265
PZA,0.0002589533233047733
RVNU,0.0855837594333237
SHM,0.0022172963642579703
SHYD,0.00016845743569348867
SMB,0.0005953164059472085
SMMU,5893443333055.992
SUB,4401140989068.263
TFI,0.00026052907907913507
