Name,Riskiness R
ITM,[0.13079256]
MLN,[0.11515698]
MUB,[0.14339709]
PVI,[1.49711105e+12]
PZA,[0.04658691]
RVNU,[0.08558376]
SHM,[1.10642397]
SHYD,[1.23082903e+12]
SMB,[1.13810739e+12]
SMMU,[5.8953352e+12]
SUB,[3.95512926e+12]
TFI,[0.13630185]
