Name,Riskiness R
SHYD,0.00016845743569348867
ITM,0.00019403246158164955
PZA,0.0002589533233047733
TFI,0.00026052907907913507
PVI,0.0002685572396795426
