Name,Riskiness R
DBO,[1.73454753e+13]
DTO,[0.4134591]
OLEM,[1.4746053e+13]
OLO,[2.02890025e+13]
SCO,[0.58432641]
SZO,[0.31673693]
UCO,[1.61883778e+11]
USL,[1.46154419e+13]
USO,[1.56521851e+13]
