Name,Riskiness R
BJK,[2.59295463e+12]
CARZ,[1.23758063e+12]
CHIQ,[1.26154836e+12]
FDIS,[3.25436862e+11]
FXD,[1.94245441e+12]
INCO,[0.42860354]
IYC,[3.38845118e+11]
PBS,[2.03727246e+12]
PEJ,[2.93440465e+11]
PEZ,[3.8475828e+12]
PMR,[5.56962893e+11]
PSCD,[5.8467218e+11]
RCD,[3.63221573e+11]
RETL,[0.31867011]
RTH,[0.65583613]
RXI,[2.87974432e+12]
SCC,[1.01943735e+13]
UCC,[0.4632717]
VCR,[4.95508462e+11]
XLY,[1.0344666e+11]
XRT,[7.32118271e+11]
