Name,Riskiness R
RETL,[0.31867011]
INCO,[0.42860354]
UCC,[0.4632717]
RTH,[0.65583613]
XLY,[1.0344666e+11]
