Name,Riskiness R
ITM,0.00019403246158164955
MEAR,1.694297885905376e-05
MLN,0.3561488247930706
MUB,0.0002774214594502979
PVI,0.00025602008368911253
PZA,0.0002589533233047733
RVNU,0.29359566896878747
SHM,0.0022172963642579703
SHYD,0.00016845743569348867
SMB,0.0005953164059472087
SMMU,4157329313897.6274
SUB,3808728137514.052
TFI,0.00026052907907913507
