Name,Riskiness R
SCHO,[0.0117874]
SHY,[0.01279494]
VGSH,[0.0137025]
TUZ,[0.0214164]
ITE,[0.02950041]
