Name,Riskiness R
KOLD,[0.73672281]
LD,[0.75674969]
BDD,[0.77115836]
DGAZ,[1.10841292]
DTO,[2.02506516]
