Name,Riskiness R
RAVI,[5.03265294e+11]
ILTB,[6.20099589e+11]
ISTB,[8.59512617e+11]
BLV,[9.53741603e+11]
XMPT,[9.71771752e+11]
