Name,Riskiness R
CBND,[0.0410667]
CORP,[0.0340484]
GSY,[0.0018286]
ICSH,[0.00867497]
IGHG,[0.11984041]
IGIB,[0.02185643]
IGSB,[0.00519357]
LQD,[0.0489558]
LQDH,[0.0799473]
PFIG,[0.03140417]
QLTA,[0.04135177]
SLQD,[0.01317964]
SPIB,[6.72410884e+09]
SPLB,[0.09496385]
USIG,[0.03887252]
VCIT,[0.03277757]
VCLT,[0.0846467]
VCSH,[0.01089624]
