Name,Riskiness R
SUB,1.7538023187996516e-05
PVI,4.033929038719404e-05
SHYD,0.0008655372903988901
RVNU,0.001158830275159668
MLN,0.0029091447552914845
