Name,Riskiness R
SUB,[0.01057177]
FMB,[0.01614742]
SHM,[0.01693244]
SMMU,[0.02225934]
SMB,[0.02276387]
