Name,Riskiness R
AAXJ,[0.32866629]
ACWX,[1.31086477]
ADRA,[0.41744276]
AIA,[0.19117546]
AXJL,[8.01324107]
AXJV,[1.79619673e+12]
CHIQ,[0.41333225]
CWI,[0.81062015]
DBAP,[0.30511673]
DNL,[0.34165373]
EEMA,[0.26240239]
FPA,[0.37000063]
IEMG,[1.17168952]
IHDG,[0.10943613]
IQDE,[6.35023882e+11]
IQDY,[1.06629095]
PAF,[1.53011825]
QEMM,[9.58978589e+12]
REMX,[6.72625059e+12]
VEU,[0.67965343]
VXUS,[0.63766156]
