Name,Riskiness R
AMJ,2533364679688.849
AMLP,3123487101975.1504
AMU,17035790434112.914
ATMP,3679917242045.669
CHIE,3192493931318.217
DDG,1475125799806.1343
DIG,5439146770660.761
DUG,3.008116829607126
EMLP,1717349362046.9268
ENFR,20229222399881.45
ENY,3432863065038.532
ERX,0.03424317477290446
ERY,3.6766374894853406
FAN,8024674430189.918
FCG,19635609819405.438
FENY,10538066752860.723
FILL,6002850642235.512
FRAK,3548589075980.669
FXN,17919184051473.03
GASL,0.002128725045018365
GEX,3055439789635.023
GREK,12991634486650.77
GRID,633151461248.7186
ICLN,8040071311010.234
IEO,4172866628007.609
IEZ,10985282103167.754
IXC,5839648964947.166
IYE,2782924480817.1514
KOL,878116989904.9597
MLPA,1884959891224.1968
MLPC,2961466942696.37
MLPG,2698350751427.9595
MLPI,2622476745715.745
MLPX,2692070752118.3623
MLPY,10214872297002.42
NLR,0.00019994251642924344
OIH,2453059446206.576
PBD,5491768311516.309
PBW,16296260647833.7
PSCE,3309356693605.389
PUW,1850620256779.522
PXE,2857238098418.541
PXI,3125562511537.5303
PXJ,12302401824482.84
PZD,4091749969282.001
QCLN,2672647843431.5586
RYE,3112705289717.08
TAN,9187686497036.875
VDE,2669064825073.6963
XES,10891110346327.145
XLE,4860095595687.015
XOP,4231491306549.781
YMLI,1396524574205.1523
YMLP,20541559714306.047
ZMLP,3855657461955.3354
