Name,Riskiness R
CQQQ,9.563445399208636
FDN,0.27321474061602835
FTEC,0.27738196791231157
FXL,1.0261832443294334
IEUS,1494071282006.5269
IGM,0.25077076391574254
IGN,1.9219987919336485
IGV,0.23548548583326906
ISRA,0.00017952583945826138
IXN,0.36842177170339935
IYW,0.3403360411852703
KWEB,9.360970654601957
PNQI,0.4472240273087248
PSCT,0.19187022608631388
PSI,0.176236219598105
PSJ,0.00016805567422121886
PTF,6.332564300769696
PXQ,1.9222931708758417
QQQ,0.2936455078148645
QTEC,0.2141420827567874
REW,3620596061926.8926
ROBO,577756180533.9603
ROM,0.3178689478072797
RYT,0.24462064123316318
SKYY,0.00016603806118389576
SMH,0.1974289020511824
SOCL,0.8990169108885837
SOXL,0.022613602140158694
SOXS,20903676559448.1
SOXX,0.23784228323737638
SSG,15171106771375.11
TDIV,0.0001728801618209353
TECL,0.32948684982715276
TECS,15703111971686.777
USD,0.32514653982376535
VGT,0.2828930482870404
XLK,0.2706222197208977
XNTK,0.3004715386247326
XSD,0.25283669688108235
XSW,0.42745640462308077
