Name,Riskiness R
CRAK,[0.05871662]
PZD,[0.07227439]
GRID,[0.08561885]
NLR,[0.11307033]
FAN,[0.12971418]
