Name,Riskiness R
LQD,[39634672.09285682]
CORP,[2.70920296e+10]
IGIB,[5.05380567e+11]
VCLT,[9.69680171e+11]
IGSB,[1.01857656e+12]
