Name,Riskiness R
WOOD,[0.1279264]
LIT,[0.1580074]
IYM,[0.20793181]
FXZ,[0.209551]
FMAT,[0.21851076]
