Name,Riskiness R
DRN,0.5588973518251567
DRV,7251499087067.959
DRW,1221984991795.9915
FFR,0.0002235725628419973
FRI,0.00019488665536166727
GQRE,0.00022223042698847693
GRI,0.0001998049063374273
ICF,0.00019187719233599708
IFEU,12118808094589.875
IFGL,0.00020830143426683943
IYR,0.00022308400590296407
KBWY,0.00017003935244256767
MORL,0.8656785213156705
MORT,450821386054.5223
PSR,0.00017888087886997592
REK,0.00019744499735976882
REM,773653995262.7175
REZ,0.00017576216562192315
ROOF,0.00019620391922510903
RWO,0.00020315554730732148
RWR,0.00019955965422135242
RWX,3704215937466.212
SCHH,0.00019923588199497684
SRS,6535894985029.776
TAO,1180412630849.7554
URE,0.5682040193280011
USRT,0.00021566703549897
VNQ,0.00020043574544416137
VNQI,0.00018399560744253798
WPS,0.00020578264141317068
WREI,0.00019437674137200698
