Name,Riskiness R
CHAU,0.003793378306291124
YINN,0.004120016718179037
INDL,0.008741819073832813
THD,0.13477360199562585
CNXT,0.154777756765605
