Name,Riskiness R
SOIL,0.0001662329104033309
FPXI,0.00016707484948093857
GDXS,0.011036197517244979
FDTS,0.36838070737005024
ROGS,0.3822771281843526
