Name,Riskiness R
AAXJ,3021440964674.1436
ADRE,689063429002.5508
AIA,2899698276194.3516
ASEA,849946529244.1447
ASHR,0.8479522451193943
CHIE,2435945538083.6
CHII,290813583835.49585
CHIM,638218615671.0853
CHIQ,1341006615041.334
CHIX,8.24591537125717
CQQQ,302776098248.71924
CXSE,1122165848137.9114
DBEM,3548608578101.304
DEM,4492534519218.767
DGRE,1171394059333.129
DGS,2586553725045.3955
ECNS,2712435239821.2603
EDC,4552526122.623482
EDIV,3624140770170.837
EDZ,156134909.6888684
EEM,2762037483645.1387
EEMA,624272502932.5024
EEMV,1646963743173.1748
EET,5743944481718.572
EEV,3464615441826.8154
EIDO,108430212205.71454
EPHE,527431461746.01227
EPI,1.1769563278628468
EUM,2570023488358.1025
EWM,785985.9384714903
EWX,1189460467309.5835
FCA,693888177122.0242
FEM,2718887528007.4443
FEMS,3533659315424.8164
FNI,2394979817122.706
FXI,217160698840.05316
FXP,5863068533633.402
GMF,355331038936.0288
GXC,803902035121.3406
HAO,2320678741588.504
IDX,298273113883.11426
INCO,0.24094144071519497
INDA,0.00017001542606068438
INDL,1.6597304583037331
INDY,1.2088713451942743
INXX,2.299840531076673
KFYP,793435912146.6156
KWEB,583796197648.9226
MCHI,747669260050.6886
PEK,0.7615457794857813
PGJ,1504140648183.6956
PIE,4306449642374.6045
PIN,93973215644.90405
SCIF,0.42117729256886405
SCIN,0.5115643375121912
SMIN,0.21771954473689853
SPEM,897356003451.7037
THD,1171004485110.8972
VNM,4523297463809.708
VWO,657635679177.3579
XPP,3.623315011395357
YANG,0.010511975842976988
YAO,1351812025376.289
YINN,0.018697009497776754
YXI,8215416878605.617
