Name,Riskiness R
INCO,[0.11472309]
SMIN,[0.12749721]
INDY,[0.17709848]
EPI,[0.19925225]
INDA,[0.22093985]
