Name,Riskiness R
PSCT,[0.13793122]
PSI,[0.15378682]
SMH,[0.16686652]
QTEC,[0.17672315]
XSD,[0.19456435]
