Name,Riskiness R
LIT,[0.16592441]
PKB,[0.20083439]
ITB,[0.20943777]
CROP,[0.25200279]
FXZ,[0.33181975]
