Name,Riskiness R
PSCF,0.00017644144053100298
PFI,0.00017849105452327857
FXO,0.00017896033972198156
KIE,0.0001815620462889897
KBWP,0.00019227393014477985
