Name,Riskiness R
FMB,2807454288660.787
ITM,0.00221640171980788
MEAR,1.7892381763445113e-05
MLN,0.0028916999848571166
MUB,3742982989763.661
MUNI,2076938664228.3003
PRB,1521085302591.6697
PVI,2.6168149813549286e-05
PZA,9.98733955385759
RVNU,0.0011586980325464142
SHM,2121187274571.2834
SHYD,0.0008655372903517713
SMB,2430233835822.931
SMMU,1129202595556.401
SUB,1.7538023187996516e-05
TFI,2221283352385.7295
VTEB,2525077633463.3
