Name,Riskiness R
ITM,[2.14766224]
PZA,[9.98733955]
PVI,[7.54494515e+11]
SHM,[8.78169576e+11]
FMB,[9.13472168e+11]
