Name,Riskiness R
AADR,0.00016950160276436405
COPX,1.4914157079734822
DBAW,302180374512.8264
ECON,1749040117495.267
EDC,1.066325396477156
EEM,120703543924.02951
EEMS,822814555948.988
EMCG,367562781041.2119
EMFM,1317594961459.7017
FAN,0.333764547143283
FIEG,0.6194538584840371
FLN,1.171602265068418
FM,0.00020614374660068413
FNDE,1.6607431162827573
FONE,0.4093229676235712
FPA,48092746968.76385
FPXI,0.0001780705958312933
FWDI,311396279887.1183
GDXJ,1.0194070671549964
HEEM,304652706776.8434
HGI,832666829862.4669
HILO,482212023308.12396
ICLN,7832011014448.381
IEMG,152205662110.5694
IFV,316653484651.527
IQDF,0.00017346585713612893
JDST,0.002883650289504314
KOL,1148114140362.7249
LIT,0.15525388451042424
PBD,1015667369797.0938
PICK,515726808768.2881
QEMM,475943228612.31665
SIL,2.4197950407716204
SLVP,1.5261495823246043
SLX,0.9135873643020394
SOCL,0.16740401314280953
SOIL,1172870091295.7659
TLTE,407253612542.99243
VIDI,0.00018090233367181193
