Name,Riskiness R
XHE,[0.09097344]
IHI,[0.09249302]
PSCH,[0.12246323]
IHF,[0.13147192]
PTH,[0.24439585]
