Name,Riskiness R
XMPT,[5.22276103e+11]
ILTB,[5.73299339e+11]
FBND,[7.21339016e+11]
LDUR,[7.30200739e+11]
BIV,[7.89695514e+11]
