Name,Riskiness R
IHI,[0.05469186]
XHE,[0.08819435]
PSCH,[0.1092324]
XLV,[0.127498]
RYH,[0.1338814]
