Name,Riskiness R
FMB,2051484693628.8062
ITM,0.00221640171980788
MEAR,1.7892381763445113e-05
MLN,0.002891676931156688
MUB,1729102414661.941
MUNI,2134339185728.734
PRB,1491876482368.4353
PVI,2.616814981354928e-05
PZA,10.001334593096598
RVNU,0.0011586980321875086
SHM,2338140971670.3677
SHYD,0.0008655372903517661
SMB,2402995082647.963
SMMU,1148833568056.8228
SUB,1.7538023187996516e-05
TFI,3122474383355.45
VTEB,2406468050253.7686
