Name,Riskiness R
IBDQ,[5.90193802e+08]
BSCO,[9.52647641e+08]
IBDK,[6.96845272e+11]
IBDL,[7.12135864e+11]
IBDP,[7.8310887e+11]
