Name,Riskiness R
ECON,[3.33997768e+11]
EMCG,[3.60451249e+10]
FSTA,[0.06088554]
FXG,[0.07538159]
IYK,[0.07906806]
KXI,[0.10810991]
PBJ,[0.08570707]
PSCC,[0.07287305]
PSL,[0.07935641]
RHS,[0.051534]
SZK,[1.00748796e+12]
UGE,[0.14873752]
VDC,[0.06060155]
XLP,[0.0599238]
