Name,Riskiness R
FPE,[0.01858137]
PGX,[0.03109789]
PGF,[0.03327253]
PFF,[0.03883892]
PSK,[0.04478144]
