Name,Riskiness R
ACWV,[0.05382539]
XT,[0.06953001]
JPGE,[0.07627896]
SMH,[0.07654983]
ROBO,[0.07979299]
