Name,Riskiness R
AGG,4257669671693.788
AGND,3277159450155.5703
AGZD,4093821771647.7466
BIV,1168301172572.2402
BLV,0.00020585671325152734
BND,2754743460350.542
BNDX,1877794248645.9102
BOND,3058424909749.1406
BSV,1326580325260.661
BYLD,2462069211573.199
FBND,726648322788.1215
FCOR,3484303529324.516
FLTB,1693848434096.8816
FTSD,1654651095737.3506
FWDB,2114134165837.8657
GBF,2019611583064.193
GVI,2962540848672.7695
HOLD,1.7859291014474318e-05
ILTB,0.00023120582482986143
ISTB,2132875989591.8845
IUSB,2868283486339.436
KCNY,0.00037427385727744337
LDUR,706437676229.2836
MINC,1465157666564.7473
MINT,3.327241928631558e-05
NEAR,4.058293481714935e-05
RAVI,2.2452262428237704e-05
SAGG,1477931285755.2893
SCHZ,1912099672798.5044
SPAB,1753439581034.9004
ULST,2.0925975198065554e-05
VBND,1027423900355.9027
WYDE,0.0007166124905213382
XMPT,0.0005635357363742969
