Name,Riskiness R
SZO,[0.43309053]
DTO,[0.73573339]
SCO,[1.90087246]
USL,[1.46536923e+12]
DBO,[1.665691e+12]
