Name,Riskiness R
IHDG,[0.04727478]
DNL,[0.05759366]
AIA,[0.0739063]
AXJL,[0.07423901]
DBAP,[0.0744277]
