Name,Riskiness R
DXJS,[0.4222899]
DFJ,[0.65306124]
JPNL,[1.40358769]
DXJ,[1.78785747]
SCJ,[2.20937411]
