Name,Riskiness R
IPKW,[0.07235715]
QWLD,[0.07651873]
EXI,[0.07935483]
PZD,[0.08204284]
IDHQ,[0.08387963]
