Name,Riskiness R
IAU,[0.19544638]
SGOL,[0.20286533]
GLD,[0.20344335]
OUNZ,[0.20658767]
UBG,[0.26338092]
