Name,Riskiness R
ROGS,[1.24134496]
DZK,[2.28866172]
PEX,[11.87821546]
EFO,[14.8860729]
FDTS,[7.78727131e+10]
