Name,Riskiness R
SVXY,[0.3420417]
TVIX,[2.78971711e+13]
UVXY,[2.94620186e+13]
VIIX,[1.54292751e+13]
VIXM,[1.54609231e+13]
VIXY,[2.13959196e+13]
XVZ,[8.4984532e+12]
ZIV,[0.21592435]
