Name,Riskiness R
IHDG,0.00016957832073062582
VXUS,0.00020216554770421802
AIA,0.16526432718414902
DNL,0.19602007076353725
VEU,0.2170814635592992
