Name,Riskiness R
IAU,[0.30378242]
SGOL,[0.31407424]
GLD,[0.31912641]
UBG,[0.39156097]
DGL,[0.46121446]
