Name,Riskiness R
ERUS,[0.54923517]
FCOM,[2.49002567e+12]
FONE,[0.42329071]
IXP,[2.46857996e+12]
IYZ,[9.25944505e+11]
LTL,[6.42978402e+12]
VOX,[1.79329484e+12]
WBIF,[6.75981714e+11]
XTL,[1.67623963e+11]
