Name,Riskiness R
GSY,[0.0021627]
ICSH,[0.00544718]
IGSB,[0.00638312]
VCSH,[0.01170677]
SLQD,[0.01350627]
