Name,Riskiness R
UTES,[0.0512622]
FUTY,[0.05821583]
VPU,[0.05828258]
XLU,[0.06424434]
RYU,[0.06502101]
