Name,Riskiness R
ECON,[81.29706672]
EMCG,[5.47194624e+11]
FSTA,[0.05487077]
FXG,[0.08130254]
IYK,[0.06667792]
KXI,[0.07797406]
PBJ,[0.09146745]
PSCC,[0.06707779]
PSL,[0.06470695]
RHS,[0.04830343]
SZK,[4.66521077e+11]
UGE,[0.12751034]
VDC,[0.0549163]
XLP,[0.05348037]
