Name,Riskiness R
INDA,0.00017137582178185917
AXJV,0.0034034213042037605
YANG,0.010511976109867281
YINN,0.01869531316159018
CQQQ,0.2363992504138945
