Name,Riskiness R
CQQQ,[0.23639925]
KWEB,[0.25317676]
CXSE,[0.25640207]
PGJ,[0.29672697]
EMQQ,[0.31969614]
