Name,Riskiness R
ERUS,3.9231070781743855
FCOM,0.00017970873230091603
FONE,0.13364162998797424
IXP,1127968643310.1777
IYZ,0.00016879985478342004
LTL,0.9652027549285602
VOX,0.0001811009415708315
XTL,0.14445278503602502
