Name,Riskiness R
FCOM,[0.1084194]
FONE,[0.13364163]
XTL,[0.14445279]
VOX,[0.2197076]
IYZ,[0.4848135]
