Name,Riskiness R
IHDG,[0.09877253]
AIA,[0.13560193]
FPA,[0.1617647]
VXUS,[0.18195261]
VEU,[0.1866288]
