Name,Riskiness R
ERUS,[1.59683197]
FCOM,[1.6527812e+11]
FONE,[5.31120831]
IXP,[1.78271097e+12]
IYZ,[4.90899542e+11]
LTL,[8.59844403e+11]
VOX,[1.10657704e+12]
WBIF,[3.028176e+12]
XTL,[3.47777273e+11]
