Name,Riskiness R
ERUS,[0.37965841]
FCOM,[0.12527316]
FONE,[0.12390362]
IXP,[0.43549068]
IYZ,[0.38945561]
LTL,[0.99601605]
VOX,[0.2005886]
WBIF,[0.16563586]
XTL,[0.14776542]
