Name,Riskiness R
FLAT,[4.0516312e+11]
SHV,[6.12858395e+11]
BIL,[6.36766598e+11]
UBT,[6.78574902e+11]
TMF,[6.93786181e+11]
