Name,Riskiness R
ADRE,0.15777768176506413
BBRC,0.6089416417640204
BICK,0.18742525639844457
BKF,0.1677189636953521
DBEM,0.1303179101096909
DEM,0.43529379694176196
DGRE,0.18063647186281426
DGS,0.14167418843875765
DVYE,0.5507451975490165
EDC,0.5811122271913932
EDIV,0.31805731083410677
EDOG,0.9181261984982907
EDZ,3.533057147402629
EEB,0.14345960078540138
EELV,0.3093160939209807
EEM,0.17138581778114995
EEMO,1.4768145447922312
EEMS,0.2670461993991999
EET,0.3623935843053784
EEV,2.351494841606048
EMFM,0.393562023507792
EMIF,2536681066242.9624
EMQQ,0.15474864605347888
EUM,26625045158529.285
EWEM,0.3035848188260329
EWX,0.1717348784923648
FEM,0.16503695257202863
FEMS,0.1547912166255232
FNDE,0.14683559617244088
HILO,0.258487219152672
IEMG,0.16240255007640966
JPEM,0.2080625701633444
PIE,0.19640289363036575
PXH,0.19869155853543868
PXR,0.4076505650097209
QEMM,0.35823508110156155
SCHE,0.19006250161558158
SDEM,0.6491097848683179
SPEM,0.16741503686286988
TLTE,0.18239310366986652
XSOE,0.16060856041095603
