Name,Riskiness R
DBEM,0.1303179101096909
DGS,0.14167418843875765
EEB,0.14345960078540138
FNDE,0.14683559617244088
EMQQ,0.15474864605347888
