Name,Riskiness R
CHIM,0.8886582194044208
COPX,330842967036.2864
CROP,0.0001899245216670194
CUT,861002370064.1553
DUST,0.002407414510679608
FLM,0.00016843642362763866
FMAT,413412454669.2066
FTAG,34449561306666.992
FTRI,10311499777251.92
FXZ,267568085942.30118
GDX,1.3839128500204365
GDXJ,0.9054043405963633
GNR,848723846436.053
GOEX,0.6061158549734634
GRES,0.00018657335716784084
GUNR,1393955754827.3472
HAP,0.00016610993727711443
IGE,8477110489996.006
ITB,0.5244418480795604
IYM,492769567146.9215
JDST,0.002883650289504314
JNUG,0.0024067337245112547
LIT,0.8124525249007638
MOO,0.0001797537164827927
MXI,459522360504.0419
NUGT,0.0026141499540090233
PAGG,1459049456424.2622
PICK,1109996874008.4944
PKB,1.0047449477771633
PSAU,1.4279094576726754
PSCM,2540900268078.7266
PYZ,1978588829504.1646
REMX,859395039826.5759
RING,1.3002537968991794
RTM,440488120697.13477
SBM,4986453424266.193
SGDM,2.3049006467921993
SIL,1.2803042679380328
SILJ,0.7246739456458082
SLVP,1.192170965958492
SLX,3860709609550.7305
SMN,2628209347388.218
SOIL,2758772986564.8477
URA,8193642896395.512
UYM,547716020386.6748
VAW,2079986573404.3315
VEGI,23294649592501.066
WOOD,651044732406.7391
XHB,724166222105.0918
XLB,2332165001619.228
XME,1624851742010.8262
