Name,Riskiness R
ITB,[0.52444185]
GOEX,[0.60611585]
CROP,[0.63884558]
SILJ,[0.72467395]
LIT,[0.81245252]
