Name,Riskiness R
DGL,[1.03815268e+10]
DGLD,[2.68849986e+11]
DGP,[6.28788182]
DGZ,[2.06468716e+11]
DZZ,[3.57197843e+11]
GLD,[1.12634724]
GLL,[1.38743243e+12]
IAU,[0.99470424]
OUNZ,[1.14948012]
SGOL,[1.12519373]
UBG,[2.6078816]
UGL,[8.55842395]
UGLD,[14.93014304]
