Name,Riskiness R
HAUD,[0.08645631]
ENZL,[0.13452391]
JPMV,[0.13500103]
EWT,[0.16482422]
PAF,[0.18559924]
