Name,Riskiness R
DBO,[6.7897211e+12]
DTO,[0.32125549]
OLEM,[1.28908426e+13]
OLO,[2.70361802e+12]
SCO,[0.44678736]
SZO,[0.1939138]
UCO,[6.33072376e+11]
USL,[4.37510281e+12]
USO,[1.56685903e+13]
