Name,Riskiness R
FMB,1224586978443.7837
ITM,0.00221640171980788
MEAR,1.789246754673695e-05
MLN,0.0028918284066615277
MUB,1442558922551.89
MUNI,1837879965588.867
PRB,1683636803464.3408
PVI,3.112216913972625e-05
PZA,9.761547854832829
RVNU,0.0011587043049578257
SHM,1636242112731.4514
SHYD,0.0008655372903519361
SMB,2740604188485.6577
SMMU,1603779745570.413
SUB,1.7538023187996516e-05
TFI,2842664288744.578
