Name,Riskiness R
SUB,1.7538023187996516e-05
MEAR,1.789246754673695e-05
PVI,3.112216913972625e-05
SHYD,0.0008655372903519361
RVNU,0.0011587043049578257
