Name,Riskiness R
PSCU,[0.26814002]
UPW,[0.35731999]
VPU,[135.65336359]
XLU,[5.85269037e+09]
IDU,[2.71869475e+10]
