Name,Riskiness R
DXJS,[0.39097298]
DFJ,[0.63312322]
DXJ,[2.09348073]
JPNL,[2.27230006]
DBJP,[3.45520609]
