Name,Riskiness R
BSCJ,[1.9224447e+12]
BSCK,[9.97459886e+11]
BSCL,[7.7938592e+11]
BSCM,[4.20180469e+12]
IBCD,[9.02965968e+10]
IBCE,[0.05354746]
IBDC,[2.30565117e+10]
IBDD,[0.04856397]
