Name,Riskiness R
SZO,[0.26642048]
DTO,[0.36825522]
SCO,[0.52701826]
DDP,[0.56446068]
KOLD,[0.58728813]
