Name,Riskiness R
CROP,[0.09760634]
PEX,[0.18977327]
FDTS,[0.36931119]
IPO,[0.4156902]
EFO,[1.46074092]
