Name,Riskiness R
LTL,[5.84212852]
FONE,[2.5875202e+10]
FCOM,[2.6581812e+11]
IYZ,[2.78980616e+11]
VOX,[3.78188718e+11]
