Name,Riskiness R
AMJ,9469696330877.908
AMLP,3257887646198.285
AMU,3574782524903.1396
ATMP,3814908176946.121
CHIE,2390900164324.7725
DDG,1804194863959.5593
DIG,5124040965287.478
DUG,1684770193396.9968
EMLP,872004137281.6653
ENFR,4745758734115.191
ENY,6007121649997.453
ERX,0.034230464881463474
ERY,1067.3639149311275
FAN,158314697548.10004
FCG,7742642043419.981
FENY,2489267413525.621
FILL,5522861076805.672
FRAK,9408652207986.059
FXN,12735708441758.41
GASL,0.002128725045018365
GEX,2449798719485.321
GREK,5327781580244.865
GRID,1902456806122.3862
ICLN,2091909370649.5337
IEO,4479413824458.872
IEZ,7468958598137.515
IXC,2723371819258.8716
IYE,2385622974468.8066
KOL,2252899072451.289
MLPA,2832037104702.9883
MLPC,6564850170693.564
MLPG,2738308445036.9355
MLPI,3266103949190.153
MLPX,2735291273390.75
MLPY,14042005681147.098
NLR,0.00019994251642924344
OIH,2561724163239.7246
PBD,5853644447684.663
PBW,3356015834729.785
PSCE,10634970803135.502
PUW,4478352379505.317
PXE,5580096465495.806
PXI,5162395274334.153
PXJ,6659421232679.344
PZD,2778969804824.236
QCLN,3048199988082.7197
RYE,1933056295437.4624
TAN,8776577102143.532
VDE,3175118912154.5083
XES,3542215664795.0894
XLE,1168897269934.0042
XOP,4340349987652.1953
YMLI,4119834204767.3525
YMLP,11323680167036.387
ZMLP,19205237767528.363
