Name,Riskiness R
KBWP,[0.04466113]
KIE,[0.05537995]
RYF,[0.07201178]
IAK,[0.08401956]
VFH,[0.08553868]
