Name,Riskiness R
SZO,0.23598783929049538
DTO,0.33198697849011505
SCO,0.45515311367055095
UCO,183612979827.47986
OLEM,8201129851762.645
