Name,Riskiness R
SZO,[0.23598784]
DTO,[0.33198698]
SCO,[0.45515311]
UCO,[1.8386744e+11]
OLEM,[2.07073153e+13]
