Name,Riskiness R
BSCJ,[2.30296276e+12]
BSCK,[1.91077709e+12]
BSCL,[1.09060076e+12]
BSCM,[1.63764878e+12]
BSCN,[1.10390933e+12]
BSCO,[9.55865808e+08]
BSCP,[1.69653234e+12]
IBCD,[1.54790746e+12]
IBCE,[9.43267026e+11]
IBDC,[1.06618477e+12]
IBDD,[1.21146483e+12]
IBDK,[7.65831639e+11]
IBDL,[2.29059016e+12]
IBDM,[1.90471013e+12]
IBDN,[1.00253379e+12]
IBDO,[1.23052674e+12]
IBDP,[2.58568715e+12]
IBDQ,[5.67151177e+08]
