Name,Riskiness R
BSCJ,561767977810.3895
BSCK,1208088100139.2708
BSCL,1064444641558.773
BSCM,2001579421652.6606
BSCN,1124356759426.3093
BSCO,955754970.4396677
BSCP,2582691932238.5933
IBCD,787003199767.1761
IBCE,947865465709.8296
IBDC,818067239567.0676
IBDD,0.001096150678385779
IBDK,1764025068472.9324
IBDL,1982337234718.476
IBDM,1022625104685.5579
IBDN,961881045278.8113
IBDO,1177695972961.7998
IBDP,2438652155225.8877
IBDQ,567137441.0178871
