Name,Riskiness R
IBDD,0.001096150678385779
IBDQ,567137441.0178871
BSCO,955754970.4396677
BSCJ,561767977810.3895
IBCD,787003199767.1761
