Name,Riskiness R
CARZ,0.4799985825113885
CROP,0.06783884273960473
DZK,0.7717882816022572
EFO,0.5021497939171164
EFU,29963058957820.145
FDTS,0.16790445587727126
FLM,0.00017828048310128145
FTAG,1.7679125559492508
FTRI,15266373161907.385
HGI,546476529145.6388
IDMO,2412719453768.927
IPO,0.3052629744373675
PAGG,5909315714397.224
PEX,0.12788239029630938
SOIL,299717598146.99207
