Name,Riskiness R
CROP,[0.06783884]
PEX,[0.12788239]
FDTS,[0.16790446]
FLM,[0.23909026]
IPO,[0.30526297]
