Name,Riskiness R
AIA,[0.11240145]
CXSE,[0.11534514]
EMQQ,[0.12546004]
FEMS,[0.13237232]
INCO,[0.13243919]
