Name,Riskiness R
ERY,[857.56146858]
FAN,[2.00468539e+11]
EMLP,[2.85213722e+11]
MLPX,[4.15860749e+11]
ICLN,[5.72446476e+11]
