Name,Riskiness R
NLR,0.00019994251642924344
GASL,0.002128725045018365
ERX,0.03423308384762672
ERY,857.5614685773401
FAN,125974272301.20067
