Name,Riskiness R
SVXY,[0.28976701]
TVIX,[2.77972383e+13]
UVXY,[2.87963998e+13]
VIIX,[1.51523113e+13]
VIXM,[9.85667539e+12]
VIXY,[1.4667646e+13]
XVZ,[5.33331098e+11]
ZIV,[0.14614105]
