Name,Riskiness R
UCC,[0.30016152]
XLY,[0.38814921]
INCO,[0.60632105]
FDIS,[0.68068979]
VCR,[0.69933115]
