Name,Riskiness R
UBG,[0.32850502]
IAU,[0.33809932]
OUNZ,[0.35986783]
GLD,[0.36090665]
SGOL,[0.36137348]
