Name,Riskiness R
ENZL,[0.12882181]
DFJ,[0.17597337]
SCJ,[0.18067381]
FNDC,[0.23530163]
ISCF,[0.26718839]
