Name,Riskiness R
CROP,[0.10122121]
PKB,[0.16023537]
RTM,[0.16276747]
FXZ,[0.18481149]
FMAT,[0.18795815]
