Name,Riskiness R
GRID,0.00016725459720774033
DDG,0.0001722322007489988
CRAK,0.00018076190725892775
FAN,0.0001974620094115037
GUSH,0.0017800978792581275
