Name,Riskiness R
BDCL,205953452567.33185
BDCS,2779260466684.3384
BIZD,680733431385.7365
CHIX,50817210202.907394
EUFN,4528875879800.216
FAS,0.4950502639767294
FAZ,5586834552012.0205
FINU,0.4146396374378471
FINZ,0.0759674091508935
FNCL,0.5726545362688253
FXO,0.00017896033972198156
IAI,1.3866719706153499
IAK,0.7325655382186144
IAT,0.7891612402399314
IXG,2779167286055.1025
IYF,37107001414.353004
IYG,3.2190225828318106
KBE,1.018717781153681
KBWB,0.9402573583387877
KBWD,1838039409350.3296
KBWP,0.00019227393014477985
KBWR,0.47148526975623606
KCE,3606952041728.747
KIE,0.0001815620462889897
KRE,0.5961739794465768
PEX,0.00018944531430422447
PFI,0.00017849105452327857
PHDG,0.0003199276205892181
PSCF,0.00017644144053100298
PSP,4635153414478.289
QABA,0.3882793888877875
RWW,2.9707085890098752
RYF,0.14197767529288022
SEF,5574380043051.252
SKF,10268376543464.295
UYG,0.45564944847064226
VFH,0.4895954226192346
VQT,0.00039114684960669976
XLF,0.16844002471223488
