Name,Riskiness R
FXF,[21.38694348]
UDN,[145.37766653]
EUFX,[341.46377883]
FXSG,[259168.7272839]
UUP,[20015074.21249123]
