Name,Riskiness R
FONE,[0.08657716]
AADR,[0.0885195]
SOCL,[0.11340159]
FAN,[0.11619743]
LIT,[0.1408862]
