Name,Riskiness R
BSCJ,[8.83622741e+11]
BSCK,[1.59223304e+12]
BSCL,[1.07327591e+12]
BSCM,[9.7703864e+11]
BSCN,[1.90452594e+12]
BSCO,[9.62880003e+08]
BSCP,[1.47821097e+12]
IBCD,[6.54647425e+11]
IBCE,[1.63448129e+12]
IBDC,[9.23875929e+11]
IBDD,[1.60859113e+12]
IBDK,[1.77600207e+12]
IBDL,[2.16649331e+12]
IBDM,[1.24130036e+12]
IBDN,[1.78890342e+12]
IBDO,[1.26076612e+12]
IBDP,[1.53678187e+12]
IBDQ,[5.93560003e+08]
