Name,Riskiness R
PSI,[0.19240408]
SMH,[0.21411113]
PSCT,[0.22230415]
XSD,[0.25323845]
SOXX,[0.25701959]
