Name,Riskiness R
CARZ,[3.09189327e+11]
CROP,[1.007317e+11]
DPK,[5.60669139e+12]
DZK,[1.27340246]
EFO,[2.63911292]
EFU,[4.01447949e+12]
FDTS,[1.52737203]
FLM,[4.53410516e+10]
FPXI,[19.85080339]
FTAG,[6.41867622e+12]
FTRI,[4.78433916e+11]
GDXS,[7.62609695e+12]
HGI,[6.74010069e+11]
IDMO,[7.10033862e+11]
IPO,[7.14918411e+10]
PAGG,[6.69472646e+12]
PEX,[25.22567442]
ROGS,[0.42888598]
SCID,[1.30734138e+11]
SMCP,[1.00754113e+12]
SOIL,[4.72380608e+11]
YLCO,[1.17484413e+12]
