Name,Riskiness R
UGLD,[4.37738221e+11]
UGL,[5.25447593e+11]
GLD,[1.22982692e+12]
IAU,[1.30729062e+12]
OUNZ,[1.38748397e+12]
