Name,Riskiness R
IAU,[0.24348614]
GLD,[0.25347112]
SGOL,[0.25649588]
OUNZ,[0.26578752]
DGL,[0.35445258]
