Name,Riskiness R
BSCJ,[2.16173374e+12]
BSCK,[2.32053187e+12]
BSCL,[3.22617517e+12]
BSCM,[1.01329066e+12]
BSCN,[1.16190945e+12]
BSCO,[4.97793655e+12]
IBCD,[1.07783264e+12]
IBCE,[8.99794824e+11]
IBDC,[4.92229411e+11]
IBDD,[3.4104612e+11]
IBDL,[1.50697404e+12]
IBDM,[8.96497357e+11]
IBDN,[25056.69460327]
