Name,Riskiness R
SVXY,1.2727890726764814
TVIX,0.0035477181783191494
UVXY,0.0030357288885927737
VIIX,13977159694954.676
VIXM,5179526615857.598
VIXY,14383000423187.742
XVZ,6642702415738.043
ZIV,0.31742220015742517
