Name,Riskiness R
CBND,[0.03543775]
CORP,[0.03296879]
GSY,[0.00208867]
ICSH,[0.00409748]
IGHG,[0.0325233]
IGIB,[0.02066512]
IGIH,[0.07034877]
IGSB,[0.00542368]
LDRI,[0.05614766]
LQD,[0.05062803]
LQDH,[0.02250357]
PFIG,[0.0318236]
QLTA,[0.04033686]
SKOR,[0.06585821]
SLQD,[0.01091229]
SPIB,[4.33438079e+10]
SPLB,[0.07450201]
USIG,[0.03300898]
VCIT,[0.03468475]
VCLT,[0.07188443]
VCSH,[0.01103089]
