Name,Riskiness R
AGF,781468226338.0643
AGQ,2080660834761.3594
BCM,0.00023030842018123578
BDD,0.007717068664529943
BNO,0.634360353069138
BOIL,156.5517865108878
BOM,0.02058174311145997
BOS,0.005986723367142653
CANE,7170726283104.287
CORN,13017955326200.111
CPER,0.0001843421790462674
DAG,3148979198591.605
DBA,0.00021202569223158056
DBB,0.00021015744161788353
DBC,0.00018736246915359127
DBE,0.9844389984974713
DBO,34905696752.99354
DBP,0.00017934861139438644
DBS,1138521198266.1401
DDP,318034781229.198
DGAZ,0.0037138141022462256
DGL,0.0001733118366664595
DGLD,12236147571537.664
DGP,482406315964.91486
DGZ,0.0001785353757965786
DJCI,0.00024311774246751233
DJP,0.00022296718996834856
DSLV,0.017619083280514355
DTO,4600488600142.336
DYY,0.010118961941665826
DZZ,8188462916304.17
FTGC,0.0004402421618765002
FUD,0.00018362483172158447
FUE,751811234000.1189
GCC,0.0005144265419817527
GLD,0.00018321940545114543
GLL,8575516152161.603
GLTR,0.00017405320760807656
GRU,0.00017076537593980736
GSC,649966062721.6877
GSG,494063780935.5048
GSP,292365074904.5277
IAU,0.00018445291841975901
KOLD,5.246166787643448
LD,0.3484538199818121
NIB,19382131687671.293
OLEM,3.8178293411429447
OLO,5.011962342965373
OUNZ,0.00018080639983367207
PALL,0.2856874340417832
PDBC,0.0001791307623757233
PPLT,0.00017646589201434577
RJA,0.00023960364601199527
RJI,0.0002134799857250111
RJN,8.258605471341765
RJZ,0.0001937917198175675
SCO,2998721825267.162
SGOL,0.00018235798610584088
SIVR,1172854063591.1978
SLV,2491558719877.9224
SOYB,0.00018410738414030106
SZO,3926649726653.208
TAGS,0.00020422609791478596
UAG,8493116015635.709
UBG,688365477608.9419
UCI,0.00020181389887312417
UCIB,354413907024.9124
UCO,3.944485524267858
UGA,1717415523502.039
UGAZ,0.003424328711419213
UGL,446142643363.12085
UGLD,22.096936933967754
UNG,2614645366094.204
UNL,1519352488528.3892
USCI,0.00023535059494015094
USL,1.299633225317009
USLV,1518.388274011647
USO,459499754227.4098
USV,689047687154.6165
WEAT,3977399152051.534
ZSL,12485006849275.855
