Name,Riskiness R
BLV,[2.42687084e+11]
XMPT,[6.11923336e+11]
HOLD,[7.7152129e+11]
RAVI,[8.99696246e+11]
BNDX,[9.18405416e+11]
