Name,Riskiness R
PGHY,[0.01914954]
RIGS,[0.02600169]
SHYG,[0.03086895]
ANGL,[0.03327687]
HYS,[0.03400889]
