Name,Riskiness R
AIRR,[0.41568017]
CGW,[1.36718821e+10]
CHII,[5.81862263e+11]
EXI,[0.40604257]
FIDU,[0.24467226]
FIW,[0.16922562]
FXR,[0.7281178]
IEV,[5.31154663e+11]
ITA,[0.14455936]
IYJ,[0.21370489]
IYT,[2.58590719]
PHO,[3.26799225e+11]
PIO,[2.67774958e+11]
PPA,[0.14767399]
PSCI,[0.52180457]
RGI,[0.2906721]
SEA,[1.1765912e+12]
SIJ,[1.25885235e+13]
UXI,[0.20002142]
VIS,[0.27020367]
XAR,[0.23457055]
XLI,[0.19891843]
XTN,[1.99312369]
_PRN,[5.2886799]
