Name,Riskiness R
ECON,[1.77536564]
EMCG,[1.6481203]
FSTA,[0.05695204]
FXG,[0.07070939]
IYK,[0.07519443]
KXI,[0.07694843]
PBJ,[0.08596467]
PSCC,[0.0756009]
PSL,[0.07362387]
RHS,[0.04604007]
SZK,[4.6472344e+12]
UGE,[0.14247977]
VDC,[0.05652908]
XLP,[0.0551996]
