Name,Riskiness R
ECON,4382468383482.662
EMCG,2644618653239.7905
FSTA,0.00022497160850672347
FXG,0.00019101650422739168
IYK,0.00021410041234598754
KXI,0.0002026766998155199
PBJ,0.00018112274606448624
PSCC,0.00026318193157833213
PSL,0.00021985668291152035
RHS,0.00023260500470211718
SZK,0.008231685959205974
UGE,0.3074773675444491
VDC,0.00022114722193524613
XLP,0.00022309258147216394
