Name,Riskiness R
KOL,[0.19226585]
SOCL,[0.29844114]
CRAK,[0.34859443]
PICK,[0.38125784]
SLX,[0.43261822]
