Name,Riskiness R
DFJ,[0.43599592]
DXJS,[0.4373798]
SCJ,[1.10447047]
JPNL,[1.201281]
EZJ,[1.51170654]
