Name,Riskiness R
BSCJ,[3.10187542e+12]
BSCK,[1.89200168e+12]
BSCL,[1.99098488e+12]
BSCM,[3.62691277e+12]
BSCN,[2.83716915e+12]
BSCO,[4.39286379e+12]
IBCD,[2.82459351e+11]
IBCE,[7.95149917e+11]
IBDC,[4.15507293e+11]
IBDD,[9.83838923e+11]
IBDL,[1.47898752e+12]
