Name,Riskiness R
IBCE,0.0009953912169755597
IBDD,0.0010963566008136642
BSCO,0.004868236058975394
IBCD,284418300051.0243
IBDC,411374568680.6606
