Name,Riskiness R
CHIM,0.639085865629882
COPX,2.7340941908243988
CROP,0.0001899245216670194
CUT,514228121301.963
DUST,0.002407414510679608
FLM,0.00016843642362763866
FMAT,234982335433.76822
FTAG,15579611120159.586
FTRI,19878112820908.137
FXZ,1.1336920255810872
GDX,298728799836.3717
GDXJ,1.3071099750710375
GDXS,0.011036201235156503
GDXX,0.0018433631169587966
GNR,1011935927442.6404
GOEX,0.7318427822376178
GRES,0.00018657335716784084
GUNR,1188105028531.9712
HAP,0.00016610993727711443
IGE,4369340800022.873
ITB,0.22240682906074077
IYM,176016929386.92352
JDST,0.002883650289504314
JNUG,0.0024067337245112547
LIT,0.1915093312432475
MOO,0.0001797537164827927
MXI,1103110938383.0103
NUGT,0.0026141499540090233
PAGG,1245688391336.0164
PICK,707374099004.471
PKB,0.2699887517069173
PSAU,445206629239.1515
PSCM,3.0786101290297703
PYZ,212613786530.8575
REMX,95735993099.06177
RING,144551825268.54715
RTM,553482335002.0034
SBM,5250330125011.924
SGDM,1166730747784.4124
SIL,7.814560054399755
SILJ,0.9506408608566373
SLVP,4.6944238477445515
SLX,1.0816269787834345
SMN,4128024163223.5054
SOIL,5852698682697.59
URA,4922276557352.206
UYM,1.2381524690654522
VAW,607125164627.7981
VEGI,717474150590.7141
WOOD,4.281645378489211
XHB,421734617419.63226
XLB,3505944084854.546
XME,132569279230.63821
