Name,Riskiness R
LIT,[0.19150933]
ITB,[0.22240683]
PKB,[0.26998875]
CHIM,[0.63908587]
GOEX,[0.73184278]
