Name,Riskiness R
EMIF,[4.06345775e+11]
FUTY,[0.10483683]
FXU,[0.09173107]
GII,[0.5422542]
IDU,[0.11556304]
IGF,[0.59284456]
INXX,[0.4501307]
JXI,[0.48140519]
PSCU,[0.06702293]
PUI,[0.11305276]
PXR,[4.88711635e+11]
RYU,[0.09049348]
SDP,[3.58900763e+12]
UPW,[0.21040464]
VPU,[0.11152229]
XLU,[0.11138592]
