Name,Riskiness R
EMIF,[2.91536647e+12]
FUTY,[1.92298335e+11]
FXU,[1.70159402e+11]
GII,[1.58218823e+12]
IDU,[2.97329227e+11]
IGF,[1.63246898e+12]
INXX,[4.47951209e+11]
JXI,[1.78449391e+12]
PSCU,[0.21352793]
PUI,[6.24488273e+11]
PXR,[3.20430501e+12]
RYU,[9.49888338e+10]
SDP,[9.04188549e+12]
UPW,[0.41484507]
VPU,[1.8287187e+11]
XLU,[7.30644902e+10]
