Name,Riskiness R
PSCU,[0.06702293]
RYU,[0.09049348]
FXU,[0.09173107]
FUTY,[0.10483683]
XLU,[0.11138592]
