Name,Riskiness R
ACWI,0.0001704425154014451
ACWV,0.00026494153140892406
ACWX,702496624905.8591
CGW,0.0001999105412321406
CWI,0.00016661214191429353
DBEF,219545816268.9259
DIM,0.00017777533961486512
DLS,0.00018431264394697317
DOL,0.00016611993963795967
DTH,0.0001663647763642793
DWM,0.00017009828164643158
DWX,992786784853.3633
EFA,0.0001703985936846905
EFAV,0.00023397801304222724
EFG,0.00017249310837003117
EFV,1323642691233.8938
EWS,1123421369191.5186
EZU,870346549351.7489
FDT,77231321136.6642
FGD,0.00017836707304100792
FNDC,0.00017627052970601036
FNDF,958517186338.2563
GDX,6.282153888503717
GDXJ,3.474251093922513
GII,0.00019854139319878651
GNR,1026542936391.8845
GUNR,1469242489059.8213
GWX,361436035645.2283
HEFA,30.07608728692182
HEZU,0.8512066732558545
IDLV,0.00019714355126671456
IDOG,1460228886052.0356
IDV,1248545697862.8188
IEFA,0.00017126012393373828
IGF,0.0002467496467413094
IHDG,0.46357345523158794
IOO,444623675197.59045
IQDF,0.00017346585713612893
IXC,5696717533314.111
IXG,290139425010.88776
IXJ,0.00020125568288268994
IXP,0.00022691849828411308
IXUS,485851217053.83374
JNUG,0.002050907761469348
JPGE,0.00019065882326491063
JXI,0.0002213349189903066
KXI,0.0002026766998155199
LIT,0.6943406273424558
MOO,0.0001797537164827927
MXI,2954274639959.589
NFRA,0.00022688063412421245
NUGT,0.002614613335392365
PDN,0.00017944106185883199
PICK,3458450336973.048
PID,3848411134928.388
PPH,0.0001744656639335168
PSP,0.3305061385309765
PXF,739975410977.614
QEFA,0.00018305451591398724
ROBO,0.2850389336418301
RXI,0.00016650269764277969
SCHC,0.0001831044318670907
SCHF,0.00016948617667025126
SCZ,0.00018040598490751694
SDIV,0.0002148134616973569
SIL,2.9469045895548414
SMH,0.1291778073441773
SPDW,0.00016874383984368627
TAN,21325170091971.58
TLTD,0.00017371829352769502
URA,4059330592528.3975
URTH,359372911308.00525
VEA,0.0001678996170484833
VEU,496609013747.49493
VSS,0.00016751637595760862
VT,0.00016994315028386045
VXUS,0.00016686569577386705
WDIV,0.00019351289629109181
WOOD,0.6546779997440046
