Name,Riskiness R
ACWV,[0.05373372]
DLS,[0.06666989]
FNDC,[0.07030918]
SCZ,[0.07444052]
JPGE,[0.07492502]
