Name,Riskiness R
RETL,0.005871795594623538
FDIS,0.12623086399367503
IYC,0.1270405400070242
VCR,0.13933829875526763
XLY,0.1431121016975558
