Name,Riskiness R
INDA,0.00017001542606068438
AXJV,0.0034034213042037605
YANG,0.010511976104416565
YINN,0.018696632016332253
CQQQ,0.299430318847035
