Name,Riskiness R
CQQQ,[0.29943032]
KWEB,[0.30342826]
PGJ,[0.37420855]
CXSE,[0.38300366]
EMQQ,[0.39501294]
