Name,Riskiness R
PSI,[0.15059694]
SMH,[0.18195366]
QTEC,[0.18770253]
IGV,[0.1955188]
SOXX,[0.19943055]
