Name,Riskiness R
NLR,0.00019994251642924344
GASL,0.002128725045018365
ERX,0.03423145023304351
ERY,1304.4542250818283
GRID,545696940437.99225
