Name,Riskiness R
BJK,[0.51640101]
CARZ,[4.52418282e+11]
CHIQ,[0.36152355]
FDIS,[1.65343211]
FXD,[1.0471266e+12]
INCO,[1.18855642]
IYC,[3.25496849e+11]
PBS,[3.48640313e+12]
PEJ,[6.8953046e+11]
PEZ,[2.22552592e+11]
PMR,[2.3484749e+12]
PSCD,[7.17679959e+11]
RCD,[2.15923471e+12]
RETL,[2.27595514]
RTH,[2.9301084e+11]
RXI,[1.73244323e+11]
SCC,[1.24367299e+13]
UCC,[0.48651088]
VCR,[1.78257036]
WBIA,[6.01172341e+11]
XLY,[0.65195855]
XRT,[2.10972793e+12]
