Name,Riskiness R
SVXY,[0.46940909]
TVIX,[1.29654098e+13]
UVXY,[1.41692194e+13]
VIIX,[1.93786891e+13]
VIXM,[9.59237709e+12]
VIXY,[6.41003931e+12]
XVZ,[1.85140715e+12]
ZIV,[0.23435428]
