Name,Riskiness R
ZIV,[0.48557382]
SVXY,[0.59728152]
XVZ,[4.70246066e+12]
VIIX,[6.73807366e+12]
VIXM,[7.86133384e+12]
