Name,Riskiness R
NLR,0.00021798574882662554
GASL,0.001733832108189665
ERY,0.009922156470137862
PZD,0.08350092417911273
FCG,0.08414547732058407
