Name,Riskiness R
SKYY,0.00016603806118389576
XT,0.00016731214753625912
PSJ,0.0001680543882650958
ARKW,0.08723626979556966
RYT,0.08936927360245556
