Name,Riskiness R
FEMS,0.5011760766196423
BKF,0.7231287624320981
DGS,0.7585534572603041
TLTE,0.7613219168519988
DBEM,0.782635003042531
