Name,Riskiness R
ANGL,[4.7656066e+11]
CJNK,[3.19384861e+12]
GHYG,[3.6410901e+12]
HYG,[6.10578025e+12]
HYGH,[1.83119857e+12]
HYHG,[5.76905629e+12]
HYLD,[3.19634971e+12]
HYLS,[2.50870465e+12]
HYND,[9.55186197e+12]
HYS,[6.8452003e+12]
HYZD,[3.89867449e+12]
JNK,[1.88225435e+12]
PGHY,[3403.24923253]
PHB,[9.26783946e+11]
RIGS,[2.58689752e+12]
SHYG,[2.06387403]
SJB,[4.30580347e+12]
SJNK,[1.55099071e+12]
UJB,[6.33830217e+11]
