Name,Riskiness R
SHYG,[2.06387403]
PGHY,[3403.24923253]
ANGL,[4.7656066e+11]
UJB,[6.33830217e+11]
PHB,[9.26783946e+11]
