Name,Riskiness R
AIRR,[0.44390004]
CGW,[3.07374448e+11]
CHII,[2.93840452]
EXI,[1.79457887]
FIDU,[0.99748185]
FIW,[0.42485157]
FXR,[6.56744529e+10]
IEV,[3.79879301e+11]
ITA,[0.14484234]
IYJ,[0.51187548]
IYT,[1.02026711e+12]
PHO,[8.76407669e+11]
PIO,[7.88095125e+11]
PPA,[0.16793074]
PSCI,[1.15195081]
RGI,[14.64734398]
SEA,[2.7829943e+12]
SIJ,[1.16388385e+13]
UXI,[0.30622886]
VIS,[1.0267432]
XAR,[0.2124874]
XLI,[1.04163363]
XTN,[7.67025102e+11]
_PRN,[1.70818517e+11]
