Name,Riskiness R
EMIF,2726099312860.369
FUTY,0.09925059528273208
FXU,0.09932755437428724
GII,0.00017120967554770132
IDU,0.10485867619201071
IGF,0.00018482409437774246
INXX,5.083171229108842
JXI,1142146070874.9336
PSCU,0.07081878613934689
PUI,0.09564144569481287
PXR,2700906623510.6606
UPW,0.001711190014128313
VPU,0.000175084540240656
XLU,0.0001767105792853351
