Name,Riskiness R
PSCU,[0.07081879]
XLU,[0.08491576]
VPU,[0.08999644]
PUI,[0.09564145]
FUTY,[0.0992506]
