Name,Riskiness R
PZA,[0.00870046]
SMMU,[0.00892631]
MUNI,[0.01100929]
SMB,[0.01128399]
SUB,[0.0117527]
