Name,Riskiness R
BSCJ,[2.05377062e+12]
BSCK,[7.80872679e+11]
BSCL,[1.63970807e+12]
BSCM,[1.66632577e+12]
BSCN,[1.04225359e+12]
BSCO,[9.81053591e+08]
BSCP,[3.79789254e+12]
IBCD,[6.72582052e+11]
IBCE,[9.47214545e+11]
IBDC,[1.13804769e+12]
IBDD,[1.38373992e+12]
IBDK,[7.84220592e+11]
IBDL,[7.52524059e+11]
IBDM,[2.32766513e+12]
IBDN,[24413.562858]
IBDO,[1.13337039e+12]
IBDP,[3.86091654e+12]
IBDQ,[5.82051174e+08]
