Name,Riskiness R
CBND,[0.04786117]
CORP,[0.03796932]
GSY,[0.00201282]
ICSH,[0.01010778]
IGHG,[0.88994782]
IGIB,[0.02413374]
IGSB,[0.00552319]
LQD,[0.057384]
LQDH,[0.1417261]
PFIG,[0.03415649]
QLTA,[0.04387331]
SLQD,[0.01445121]
SPIB,[6.57226443e+10]
SPLB,[0.10612413]
USIG,[0.04383055]
VCIT,[0.0359061]
VCLT,[0.09575592]
VCSH,[0.01185602]
