Name,Riskiness R
DRR,[2.00783608]
FXSG,[311651.07066663]
EUO,[2.06001083e+10]
CROC,[2.34772344e+11]
EUFX,[7.03545734e+11]
