Name,Riskiness R
DBO,0.2847583683961703
DTO,21331248200560.555
OLEM,0.3072788106644601
OLO,252960919796.7845
SCO,2927021230238.074
SZO,13982896237502.457
UCO,0.6316443911902939
USL,0.25158618323553006
USO,0.4572445244311256
