Name,Riskiness R
SVXY,0.36509921792506306
TVIX,0.003547718190922085
UVXY,0.003035728888593267
VIIX,6689696100061.446
VIXM,10609823858016.822
VIXY,6890812070594.049
XVZ,0.0001756471284916838
ZIV,0.20373340323994282
