Name,Riskiness R
PZD,[0.31672529]
GRID,[0.43461153]
FAN,[0.51229063]
ERX,[1.90088651e+09]
NLR,[5.88765455e+11]
