Name,Riskiness R
FNDE,[0.21123794]
PXH,[0.21925563]
DEM,[0.25009743]
DVYE,[0.26260361]
DGS,[0.27860051]
