Name,Riskiness R
DFJ,[0.05726802]
SCJ,[0.06238168]
JPMV,[0.08426626]
FNDC,[0.11020767]
DXJS,[0.12011191]
