Name,Riskiness R
DGLD,0.01317837557973429
IAU,0.4792127813380417
SGOL,0.4977539873370014
GLD,0.5143227007584141
OUNZ,0.5151586883949
