Name,Riskiness R
IAU,[0.47921278]
SGOL,[0.49775399]
GLD,[0.5143227]
OUNZ,[0.51515869]
UBG,[0.64834984]
