Name,Riskiness R
PVI,[0.00743967]
MEAR,[0.00894262]
FMB,[0.01549565]
SUB,[0.01650833]
VTEB,[0.02450643]
