Name,Riskiness R
UCO,0.0018137521549184393
DTO,0.0026724881182149107
SCO,0.003388473829002951
SZO,4.137770473794011
USL,2472976152287.6113
