Name,Riskiness R
SVXY,[2.83986811]
TVIX,[3.76192146e+13]
UVXY,[1.41543126e+13]
VIIX,[7.23439252e+12]
VIXM,[4.40421141e+12]
VIXY,[7.08474509e+12]
XVZ,[7.53062538e+12]
ZIV,[0.69497818]
