Name,Riskiness R
ZIV,[0.69497818]
SVXY,[2.83986811]
VIXM,[4.40421141e+12]
VIXY,[7.08474509e+12]
VIIX,[7.23439252e+12]
