Name,Riskiness R
CARZ,[2.10568826e+11]
CROP,[0.3427632]
DPK,[1.34536132e+13]
DZK,[0.66092216]
EFO,[0.69361856]
EFU,[7.40703072e+12]
FDTS,[0.37498419]
FLM,[6.86766004]
FPXI,[0.28807483]
FTAG,[1.19110508e+12]
FTRI,[3.31798147e+12]
GDXS,[7.01685768e+12]
HGI,[3.14202561e+11]
IDMO,[8.2749594e+11]
IPO,[0.257256]
PAGG,[7.8706241e+11]
PEX,[2.84524821]
ROGS,[0.20295437]
SCID,[306.93197722]
SMCP,[4.31607734e+11]
SOIL,[1.52349859e+12]
YLCO,[4.90065296e+11]
