Name,Riskiness R
ROGS,[0.20295437]
IPO,[0.257256]
FPXI,[0.28807483]
CROP,[0.3427632]
FDTS,[0.37498419]
