Name,Riskiness R
SOIL,0.0001662329104033309
FPXI,0.00016707484948093857
GDXS,0.011036197517245997
ROGS,0.2029543741482749
IPO,0.2572559987506987
