Name,Riskiness R
IBDC,0.005592978401580429
IBCD,0.007000276947556202
IBCE,0.013929287673894295
BSCM,0.05656714182094169
IBDD,1.1978434936277347
