Name,Riskiness R
AAXJ,[3.05568505e+12]
ACWX,[1.99497463e+12]
ADRA,[1.64454039e+12]
AIA,[5.50531475e+12]
AXJL,[1.92637491e+12]
CHIQ,[1.26154836e+12]
CWI,[7.3588247e+11]
DBAP,[4.38760301e+12]
DNL,[4.8274437e+12]
EEMA,[1.22647836e+12]
EMCG,[1.95366546e+12]
FPA,[3.50491218e+12]
IEMG,[3.89387996e+12]
IQDE,[1.59380028e+12]
IQDY,[2.22346444e+12]
PAF,[1.5866416e+12]
REMX,[3.95473085e+12]
VEU,[1.80697638e+12]
VXUS,[2.50669889e+12]
