Name,Riskiness R
MINT,[0.00146329]
NEAR,[0.00230931]
RAVI,[0.00536272]
ULST,[0.0058279]
ISTB,[0.00796172]
