Name,Riskiness R
DRN,0.6495744354718553
DRV,7074476024765.073
DRW,1183974611691.3235
FFR,0.0002235725628419973
FRI,0.00019488665536166727
GQRE,0.00022223042698847693
GRI,0.0001998049063374273
ICF,0.00019187719233599708
IFEU,3827869346150.335
IFGL,0.00020830143426683943
IYR,0.00022308400590296407
KBWY,0.00017003935244256767
MORL,1.1259475417116174
MORT,685070080738.5518
PSR,0.00017888087886997592
REK,0.00019744499735976882
REM,246431374548.17987
REZ,0.00017576216562192315
ROOF,0.00019620391922510903
RWO,0.00020315554730732148
RWR,0.00019955965422135242
RWX,1374080504726.6536
SCHH,0.00019923588199497684
SRS,11377041987242.473
TAO,1471440249002.79
URE,0.7246453509421442
USRT,0.00021566703549897
VNQ,0.00020043574544416137
VNQI,0.00018399560744253798
WPS,0.00020578264141317068
WREI,0.00019437674137200698
