Name,Riskiness R
KBWY,[0.56724074]
DRN,[0.64957444]
URE,[0.72464535]
MORL,[1.12594754]
REZ,[3.81026128]
