Name,Riskiness R
RWR,[0.11977786]
KBWY,[0.12182217]
GQRE,[0.12194928]
SCHH,[0.12282329]
ICF,[0.12321903]
