Name,Riskiness R
ACIM,0.00019400314040326813
BJK,1680824352228.6235
CIL,0.0019424510751772255
CUT,888270958590.1042
DBAW,2632598097251.839
DEW,0.0001760793729951054
DGT,0.00016971752933764555
DNL,2618635812803.691
DOO,0.00017831831969513854
DUST,0.002407414510679608
EFZ,0.00025518712517244677
EXI,0.00017349502955457704
FAN,447023862224.5526
FILL,2105922542696.648
FPA,1346819743899.4927
FYLD,0.0001855509777701394
GEX,1430454834605.1797
GOEX,1.043538540259458
GRES,0.00018657335716784084
GRID,1728890608411.208
HAP,0.00016610993727711443
IDHQ,0.0001790125225280442
IPKW,351719329764.2823
IQDE,0.00018292605257102666
IQDY,2290734945683.3555
ISRA,0.00017952583945826138
JDST,0.0028836502895043296
LVL,3471892435560.5474
NLR,0.00019994251642924344
PBD,7628193701323.794
PIO,3485132936301.813
PIZ,0.000167500994616444
PSAU,1512858922817.7773
PZD,1194406825383.1025
RING,1275552484292.9172
SEA,13646051448126.414
SILJ,1.08746754990071
TOK,0.00019828337331466645
TOLZ,0.00019996244203376084
VEGI,1478852344616.301
YMLP,15609750806755.93
