Name,Riskiness R
CBND,[0.04262332]
CORP,[0.03149733]
GSY,[0.00180891]
ICSH,[0.00846745]
IGHG,[0.1340102]
IGIB,[0.01920868]
IGSB,[0.00495503]
LQD,[0.04332701]
LQDH,[0.07386023]
PFIG,[0.02833068]
QLTA,[0.03646713]
SLQD,[0.01159282]
SPIB,[1.48751288]
SPLB,[0.08234499]
USIG,[0.03383203]
VCIT,[0.0289919]
VCLT,[0.07460314]
VCSH,[0.01026699]
