Name,Riskiness R
GSY,[0.00180891]
IGSB,[0.00495503]
ICSH,[0.00846745]
VCSH,[0.01026699]
SLQD,[0.01159282]
