Name,Riskiness R
ACIM,0.00019400278483227063
ARKQ,0.24720039380896702
BJK,527822207635.5319
CIL,0.0001847540326946443
CIZ,0.0001749832667392476
CUT,2.0608225076657756
DBAW,340305675827.696
DEW,0.0001760793729951054
DGT,0.00016971752933764555
DNL,218823484492.9249
DOO,0.00017831831969513854
DUST,0.002407414510679608
EFAD,0.0001927829091121006
EFZ,0.00025518712517244677
EUMV,0.0001931253923781098
EXI,0.00017349502955457704
FAN,0.41198639336229004
FILL,7096664399434.942
FPA,2.693293411648497
FYLD,0.0001855509777701394
GEX,170388656828.32635
GOEX,0.5217265470417738
GRES,0.00018657335716784084
GRID,0.4190528853651225
HAP,0.00016610993727711443
IDHQ,0.0001790125225280442
IPKW,0.18177382713194068
IQDE,0.00018292605257102666
IQDY,132469562114.09958
ISRA,965149483733.96
JDST,0.002883650289504314
LOWC,0.0001886662085070315
LVL,1266401892031.4346
NLR,0.00019994251642924344
PBD,4937651364271.146
PIO,1074836076628.6287
PIZ,0.000167500994616444
PSAU,1.1509615633545713
PZD,0.2833140077970076
QWLD,0.00020063139209779854
RING,0.9551828595424797
SEA,7490522260385.1
SILJ,0.6155102006979326
TOK,0.00019828337331466645
TOLZ,0.00019996244203376084
VEGI,621990790316.554
YMLP,8531810186918.876
