Name,Riskiness R
IPKW,[0.06309326]
QWLD,[0.06627844]
LOWC,[0.0730359]
IDHQ,[0.07508048]
EXI,[0.08365526]
