Name,Riskiness R
IPKW,[0.18177383]
ARKQ,[0.24720039]
PZD,[0.28331401]
CIL,[0.31922566]
FAN,[0.41198639]
