Name,Riskiness R
PZD,[0.3172212]
KOL,[0.31829105]
GRID,[0.34130167]
GUSH,[1.51660129]
FAN,[2.4615466]
