Name,Riskiness R
PZA,[9.67633926]
ITM,[85.80664455]
RVNU,[4.88921192e+11]
SHYD,[1.21190333e+12]
SUB,[1.23847414e+12]
