Name,Riskiness R
DBO,[2.02663966e+13]
DTO,[0.32935511]
OLEM,[8.64777582e+12]
OLO,[1.64432351e+13]
SCO,[0.46119044]
SZO,[0.19201613]
UCO,[6.16031647e+11]
USL,[1.39207934e+13]
USO,[1.86126933e+13]
