Name,Riskiness R
RYT,[0.06468527]
PSCT,[0.06543921]
SKYY,[0.06713892]
IGM,[0.06718638]
XLK,[0.06752095]
