Name,Riskiness R
CGW,[2.60139911e+12]
CHII,[3.08032304e+11]
EXI,[1.04568238e+12]
FIDU,[2.26241582e+11]
FIW,[2.74996354e+11]
FXR,[1.10552072e+12]
IEV,[2.25165253e+12]
ITA,[0.81188831]
IYJ,[3.53041157e+11]
IYT,[3.42159221e+11]
PHO,[2.94384024e+12]
PIO,[3.68324676e+12]
PPA,[0.83270595]
PSCI,[2.07446848e+11]
RGI,[1.63220145e+11]
SEA,[4.20989607e+12]
SIJ,[1.92392243e+13]
UXI,[0.61678711]
VIS,[1.54563203e+11]
XAR,[1.77931543]
XLI,[6.40715225e+10]
XTN,[1.13827924]
_PRN,[1.04623298e+12]
