Name,Riskiness R
SVXY,[0.39868501]
TVIX,[3.06831901e+13]
UVXY,[2.80819976e+13]
VIIX,[2.15325682e+13]
VIXM,[1.17739222e+13]
VIXY,[4.01171677e+13]
XVZ,[2.11109324e+12]
ZIV,[0.27063846]
