Name,Riskiness R
SMH,[0.10497288]
XT,[0.11260652]
GNR,[0.12136774]
GUNR,[0.12712431]
ROBO,[0.14729031]
