Name,Riskiness R
FONE,[0.14776867]
XTL,[0.15400797]
FCOM,[0.24620709]
ERUS,[0.40316199]
VOX,[3.64163324]
