Name,Riskiness R
AADR,0.0001726425552858304
COPX,1.0234879794691163
DBAW,0.15962948563524024
ECON,1093117816712.3097
EDC,1.1235104579037278
EEM,0.3084543797941198
EEMS,0.3284980612150282
EMCG,3.7693427073434296
EMFM,725417124970.628
FAN,0.13833147263101364
FIEG,0.17665615399724968
FLN,1.5220945500976317
FM,1599901044934.2896
FNDE,0.3578861175036944
FONE,0.09729613352525426
FWDI,0.2922311638430381
GDXJ,0.5412674853120965
HEEM,0.20582427727828914
HILO,3.3526575156483744
ICLN,2479521077929.54
IEMG,0.27210920581743786
IFV,0.20849971803660156
IQDF,0.40283539259173445
JDST,4.52338329725958
KOL,3.847156947891107
LIT,0.13910273851754593
PICK,3763997480782.4688
QEMM,0.42222490609848445
SIL,0.6210003521501849
SLVP,0.6090655428866244
SLX,0.9745059577497514
SOCL,0.09187616519659952
SOIL,4.270469460411532
VIDI,0.2957330413960231
