Name,Riskiness R
MINT,[0.00152289]
NEAR,[0.00277648]
RAVI,[0.00616463]
ULST,[0.00842668]
ISTB,[0.0084531]
