Name,Riskiness R
BSCJ,2154620678395.457
BSCK,2088546282725.8066
BSCL,3113479524666.335
BSCM,2719012340344.7593
BSCN,1073222804024.97
BSCO,0.004701095307973654
IBCD,909006379033.7012
IBCE,0.0009947351470399068
IBDC,1676414647466.045
IBDD,0.0010963565528272535
IBDL,1600405071929.031
IBDM,857711535981.665
IBDN,24255.527187152184
