Name,Riskiness R
IBCD,[0.01091084]
BSCJ,[0.0113338]
IBDC,[0.01213253]
BSCK,[0.01836236]
BSCL,[0.02358934]
