Name,Riskiness R
IBDD,0.0010961506830233522
IBDN,23841.964182090516
BSCO,933678405.0979639
IBDL,722559371937.7073
IBDM,919140991219.0745
