Name,Riskiness R
SZO,[0.2770128]
DTO,[0.73338949]
SCO,[1.59267831]
USO,[1.29879769e+12]
USL,[1.55424355e+12]
