Name,Riskiness R
FCOM,[0.10477619]
FONE,[0.11408542]
XTL,[0.12810211]
VOX,[0.20674109]
IYZ,[0.28730828]
