Name,Riskiness R
CROP,[0.25826718]
ITB,[0.28887996]
PKB,[0.30663955]
CUT,[0.6462676]
WOOD,[0.654678]
