Name,Riskiness R
BJK,[1.99068533e+12]
CARZ,[3.66366341e+11]
CHIQ,[2.74057587e+11]
FDIS,[0.1007318]
FXD,[0.16439928]
INCO,[0.14778968]
IYC,[0.08770428]
PBS,[0.67982782]
PEJ,[0.16950357]
PEZ,[0.39875851]
PMR,[0.15439063]
PSCD,[0.22417689]
RCD,[0.13975658]
RETL,[0.22361379]
RTH,[0.07546437]
RXI,[0.17171174]
SCC,[8.65442914e+12]
UCC,[0.19280492]
VCR,[0.10380704]
XLY,[0.0897367]
XRT,[0.20108164]
