Name,Riskiness R
SHY,1.807515083309732e-05
VGSH,1.851774533563378e-05
SCHO,1.8529620596019027e-05
SHV,0.00013888356524692323
BIL,0.00016171180719535272
