Name,Riskiness R
PZA,[0.00793499]
SMMU,[0.00863768]
SHM,[0.00866491]
SUB,[0.00888865]
MUNI,[0.00961558]
