Name,Riskiness R
EMIF,1005357665186.0208
FUTY,0.00019233038466777964
FXU,0.0001849512813456931
GHII,0.10602171778403958
GII,0.0001685913549392992
IDU,0.00019104746976283637
IGF,0.1996544549752577
INXX,0.778942899406245
JXI,0.00016991976222362987
PSCU,0.06906179968503098
PUI,0.07787683510133112
PXR,0.4076505650097215
UPW,0.001711190014128313
VPU,0.00018781595451276137
WBIC,0.0001917579851702272
XLU,0.0885257061922118
