Name,Riskiness R
FMB,[0.01454591]
ITM,[0.9312364]
MEAR,[0.0084892]
MLN,[0.04867697]
MUB,[0.02605145]
MUNI,[0.02398737]
PRB,[0.03455136]
PVI,[0.00942904]
PZA,[0.02881372]
RVNU,[0.0404159]
SHM,[0.02618773]
SHYD,[0.02957748]
SMB,[0.0381366]
SMMU,[0.02435097]
SUB,[0.01199657]
TFI,[0.03441203]
VTEB,[0.02143305]
