Name,Riskiness R
BJK,[3.66038392e+11]
CARZ,[1.13676451e+12]
CHIQ,[2.74560814]
FDIS,[0.41689116]
FXD,[1.00961989e+12]
INCO,[0.52809388]
IYC,[0.41241189]
JHMC,[3.32090404e+11]
PBS,[1.31098914e+11]
PEJ,[3.96214898e+11]
PEZ,[2.43047161e+12]
PMR,[2.74570806e+12]
PSCD,[4.97321736e+11]
RCD,[3.91995606e+11]
RETL,[8.79418585e+11]
RTH,[0.56071564]
RXI,[1.23997721e+11]
SCC,[4.84666952e+12]
UCC,[0.23942039]
VCR,[0.56925304]
WBIA,[8.70446258e+11]
XLY,[0.35721808]
XRT,[1.27156263e+12]
