Name,Riskiness R
UCC,[0.23942039]
XLY,[0.35721808]
IYC,[0.41241189]
FDIS,[0.41689116]
INCO,[0.52809388]
