Name,Riskiness R
DGL,0.0001733118366664595
DGLD,3274342772193.186
DGP,409187874073.31445
DGZ,0.0001785353757965786
DZZ,11705048046616.908
GLD,0.00018321940545114543
GLL,10719781907189.27
IAU,0.00018445291841975901
OUNZ,0.00018080639983367207
SGOL,0.00018235798610584088
UBG,735085236537.8965
UGL,769904343452.4712
UGLD,89058367398.91983
