Name,Riskiness R
IBDD,[1.20364468e+11]
IBCD,[2.02217114e+11]
IBCE,[3.57571898e+11]
BSCK,[7.87593854e+11]
IBDC,[8.51295514e+11]
