Name,Riskiness R
DXJS,[0.76190521]
JPNL,[7.49338851]
DFJ,[2.93374729e+10]
DXJ,[1.11606116e+11]
SCJ,[1.98770143e+11]
