Name,Riskiness R
EMIF,[2.6891425e+12]
FUTY,[1.11545644e+12]
FXU,[1.04805841e+11]
GII,[1.03312578e+12]
IDU,[8.11581666e+11]
IGF,[9.12894658e+12]
INXX,[1.33795879e+12]
JXI,[1.69359283e+12]
PSCU,[0.21044279]
PUI,[5.27268332e+11]
PXR,[1.24450635e+12]
RYU,[6.68182922e+11]
SDP,[9.19346068e+12]
TOLZ,[1.00184606e+12]
UPW,[0.4819543]
VPU,[9.8336436e+11]
XLU,[3.56375087e+11]
