Name,Riskiness R
EMIF,[5.04836287e+11]
FUTY,[0.11141437]
FXU,[0.09434158]
GII,[0.50494363]
IDU,[0.12424989]
IGF,[0.47898632]
INXX,[0.66045821]
JXI,[0.47869774]
PSCU,[0.07258631]
PUI,[0.11471967]
PXR,[4.68336915]
RYU,[0.09968994]
SDP,[4.74583704e+12]
TOLZ,[0.37736654]
UPW,[0.22568044]
VPU,[0.11964101]
XLU,[0.12077182]
