Name,Riskiness R
PSCU,[0.21044279]
UPW,[0.4819543]
FXU,[1.04805841e+11]
XLU,[3.56375087e+11]
PUI,[5.27268332e+11]
