Name,Riskiness R
PSCT,[0.06483422]
IGM,[0.06834321]
XLK,[0.06930804]
IGV,[0.07126789]
RYT,[0.0718797]
