Name,Riskiness R
BBH,3.4504692171394806
BIB,2.2211401848309222
BIS,444.06569823288817
CURE,0.6575228320879831
FBT,1.2113918600924112
FHLC,0.0001709392906900413
FXH,468395414136.2542
IBB,379185665021.7038
IHE,341237143872.0454
IHF,0.00019821152863802317
IHI,0.00019100806967515524
IXJ,0.00020125568288268994
IYH,337390224914.1738
PBE,3877899299061.697
PJP,3608531970605.253
PPH,0.0001744656639335168
PSCH,0.30699040655413734
PTH,361227712880.4419
RXD,12610974332058.97
RXL,0.5829234799306957
RYH,0.00017911209123699017
VHT,98981903801.22311
XBI,0.5957337851054272
XHE,0.00017169258956896167
XHS,764586163565.377
XLV,0.00019128741560055863
XPH,501097344997.0569
