Name,Riskiness R
IHI,[0.14082292]
XHE,[0.16229426]
PSCH,[0.30699041]
RXL,[0.58292348]
XBI,[0.59573379]
