Name,Riskiness R
CHIM,0.49883235864870246
COPX,0.5677745951993869
CROP,970657505605.9246
CUT,0.41422080313786924
DUST,0.002407414510679608
FLM,1179655123441.0288
FMAT,0.3359813286039471
FTAG,540237623122.1085
FTRI,1234545886830.838
FXZ,0.2526997341604403
GDX,0.6970907394091687
GDXJ,0.5216892975286294
GDXS,0.01103578556374859
GDXX,0.0077543131521642964
GNR,0.2612144170779427
GOEX,0.6258022690118007
GRES,0.00027750549761521866
GUNR,0.3199909840278557
HAP,0.00016610993731704858
HOML,0.022286160237539415
IGE,285517932191.2409
ITB,0.5674585188069632
IYM,0.3272559566656762
JDST,0.0028836502895043135
JNUG,0.0024067337245112547
LIT,0.23245680776926084
MOO,0.0001840133109797849
MXI,0.276048850974728
NAIL,0.007643280686199504
NUGT,0.0026141499540090233
PAGG,2674988339059.6567
PICK,0.3370659754617497
PKB,86863944179.22174
PSAU,0.8984888646902796
PSCM,0.2554766604456472
PYZ,0.4558324555965019
REMX,0.5719359302993923
RING,0.6878179296403559
RTM,0.32992997170308985
SBM,0.00021016687037381457
SGDJ,0.9808911420139556
SGDM,1.1487194750746548
SIL,0.9286426290555102
SILJ,0.5611937636113766
SLVP,0.5532791625510681
SLX,0.23017561156642402
SMN,6827630027383.953
SOIL,0.00019433009162900188
URA,4286779198122.6465
UYM,0.3063444785827707
VAW,0.33135694733191007
VEGI,0.00017127241538486006
WOOD,0.1627526610899095
XHB,588470548537.5458
XLB,0.5087960840560691
XME,0.2294986507852765
