Name,Riskiness R
FPE,[0.01878696]
PGX,[0.02834498]
PGF,[0.02972836]
PFF,[0.03333484]
PSK,[0.04163566]
