Name,Riskiness R
INCO,[0.35216083]
CXSE,[0.79385887]
SMIN,[0.8816343]
INDL,[0.91362628]
XPP,[1.03096454]
