Name,Riskiness R
PGHY,[0.0232447]
RIGS,[0.02596151]
CJNK,[0.03656261]
SHYG,[0.04063679]
ANGL,[0.04206957]
