Name,Riskiness R
AIA,[4.94813802e+10]
IHDG,[9.4462371e+10]
EEMA,[5.3567305e+11]
DBAP,[5.73086502e+11]
PAF,[6.49225412e+11]
