Name,Riskiness R
IBDC,[0.01037762]
IBCD,[0.01206714]
BSCJ,[0.01436287]
BSCK,[0.01630947]
BSCL,[0.02063262]
