Name,Riskiness R
FPE,[1.63612379e+12]
IPFF,[5.27344886e+11]
PFF,[2.49382049e+12]
PFXF,[1.42076964e+12]
PGF,[3.7096819e+12]
PGX,[1.70024289e+12]
PSK,[7.14695348e+11]
SPFF,[5.04893269e+12]
