Name,Riskiness R
IPFF,[5.27344886e+11]
PSK,[7.14695348e+11]
PFXF,[1.42076964e+12]
FPE,[1.63612379e+12]
PGX,[1.70024289e+12]
