Name,Riskiness R
ACIM,0.00019400278483227063
ARKQ,0.4804084897596556
BJK,552944398968.7255
CIL,0.00202141495414659
CIZ,0.0001749832667392476
CUT,523598247344.31006
DBAW,918037170477.9777
DEW,0.0001760793729951054
DGT,0.00016971752933764555
DNL,2456065361967.835
DOO,0.00017831831969513854
DUST,0.002407414510679608
EFAD,0.0001927829091121006
EFZ,0.00025518712517244677
EUMV,0.0001931253923781098
EXI,0.00017349502955457704
FAN,0.8134542658076354
FILL,7021239739215.108
FPA,1625308295732.2195
FYLD,0.0001855509777701394
GEX,2726691190789.8574
GOEX,0.6620177513307375
GRES,0.00018657335716784084
GRID,2.1069646734307086
HAP,0.00016610993727711443
IDHQ,0.0001790125225280442
IPKW,0.39671749707222953
IQDE,0.00018292605257102666
IQDY,540418573058.29297
ISRA,7148681288536.767
JDST,0.002883650289504314
LVL,2296656515958.57
NLR,0.00019994251642924344
PBD,451726072640.8121
PIO,4606638047369.248
PIZ,0.000167500994616444
PSAU,2.0619105773304853
PZD,0.9644098721864737
QWLD,0.00020063139209779854
RING,1.614460594593195
SEA,3183026351005.899
SILJ,0.8930925712887471
TOK,0.00019828337331466645
TOLZ,0.00019996244203376084
VEGI,1389698774032.125
YMLP,46012756192407.766
