Name,Riskiness R
IPKW,[0.3967175]
ARKQ,[0.48040849]
GOEX,[0.66201775]
FAN,[0.81345427]
SILJ,[0.89309257]
