Name,Riskiness R
CBND,[5.80508624e+12]
CORP,[2.63820116e+10]
GSY,[1.96267171e+12]
ICSH,[1.86343991e+12]
IGHG,[3.09070997e+12]
IGIB,[2.35900612e+12]
IGIH,[3.68793059e+12]
IGSB,[1.31297747e+12]
LDRI,[1.95008645e+12]
LQD,[40579458.69763445]
LQDH,[2.19151038e+12]
PFIG,[1.57315635e+12]
QLTA,[1.81938165e+12]
SKOR,[2.96193948e+12]
SLQD,[2.1623996e+12]
SPIB,[2.72946612e+12]
SPLB,[1.22784384e+12]
USIG,[3.89288194e+12]
VCIT,[2.550894e+12]
VCLT,[1.34388953e+12]
VCSH,[2.32236543e+12]
