Name,Riskiness R
ERUS,0.574149522303331
FCOM,0.00018401874588435538
FONE,0.0001769074869755002
IXP,0.00020118506767235006
IYZ,0.00016777454268978228
LTL,2021416874406.397
VOX,0.00017571803492242425
WBIF,0.00023118028527439226
XTL,0.5412907857569226
