Name,Riskiness R
ENZL,[0.06881228]
FNDC,[0.0691091]
ISCF,[0.07163645]
PDN,[0.07502974]
DLS,[0.07587756]
