Name,Riskiness R
SZO,0.5620520509251344
DTO,1.2615558881896298
SCO,11.747528906564696
USL,1766851823599.0786
OLEM,2902098065242.6816
