Name,Riskiness R
DBO,[2.25793627e+12]
DTO,[4.73052581e+12]
OLEM,[4.80268034e+11]
OLO,[4.85822745e+11]
SCO,[1.55216163e+13]
SZO,[7.25169147e+12]
UCO,[5.11350682e+11]
USL,[2.111441e+11]
USO,[5.39171979e+11]
