Name,Riskiness R
PGHY,[0.03731727]
RIGS,[0.04541143]
ANGL,[0.05362334]
CJNK,[0.08098677]
PHB,[0.10210143]
