Name,Riskiness R
AGG,3286046158585.56
AGND,1770117204201.4526
AGZD,3109979931339.7144
BIV,1376837798586.2676
BLV,0.00020585671325152734
BND,3126794870322.1445
BNDX,3704989245082.143
BOND,837080253513.409
BSV,1344157447424.079
BYLD,3362912079965.2656
FBND,3218402244716.492
FCOR,1656839612648.3716
FLTB,1722660200741.708
FTSD,1571560397823.4187
FWDB,4530467364861.442
GBF,3853186220469.7275
GVI,2971195363503.755
HOLD,1.7859291014474318e-05
ILTB,0.00023120582482986143
ISTB,2267253696176.701
IUSB,2004463633788.2124
KCNY,0.00037427385727744337
LDUR,1308272969105.3264
MINC,1538112516680.916
MINT,3.327241928649639e-05
NEAR,3.132398987443483e-05
RAVI,2.2452262428237704e-05
SAGG,6520746514779.424
SCHZ,1628707694515.4282
SPAB,3536131219793.2676
TOTL,2299883903754.6724
ULST,2.0925975198065554e-05
VBND,1662326659841.6667
WYDE,0.000716612490520904
XMPT,0.0005635357363739591
