Name,Riskiness R
UPW,[0.40487288]
PUI,[0.65691975]
PSCU,[0.83257016]
UTES,[1.30762229]
FUTY,[3.69756603]
