Name,Riskiness R
DGL,[1.39490878e+12]
DGLD,[6.6296421e+12]
DGP,[4.76394825]
DGZ,[7.74033043e+12]
DZZ,[8.19498437e+12]
GLD,[2.30877433e+11]
GLL,[4.93576286e+12]
IAU,[7.80127261e+11]
OUNZ,[4.49694124e+11]
SGOL,[4.87725564e+11]
UBG,[4.73928669e+11]
UGL,[24.08224379]
UGLD,[1.55930642]
