Name,Riskiness R
DGL,[0.17967345]
DGLD,[7.69886867e+12]
DGP,[0.34971142]
DGZ,[6.64802529e+12]
DZZ,[2.5062873e+12]
GLD,[0.15009366]
GLL,[4.49546249e+12]
IAU,[0.14617213]
OUNZ,[0.15225007]
SGOL,[0.15072938]
UBG,[0.2141402]
UGL,[0.35308734]
UGLD,[0.54015393]
