Name,Riskiness R
UGLD,[1.55930642]
DGP,[4.76394825]
UGL,[24.08224379]
GLD,[2.30877433e+11]
OUNZ,[4.49694124e+11]
