Name,Riskiness R
ERUS,2354957553083.241
FCOM,0.00023217455411605323
FONE,38048526579.562294
IXP,3889347313442.509
IYZ,0.00017940081008841564
LTL,1.154432099169531
VOX,0.00021903494043415037
XTL,0.7917416747191719
