Name,Riskiness R
XTL,[0.79174167]
LTL,[1.1544321]
FONE,[3.09383274e+10]
FCOM,[1.70697946e+11]
VOX,[3.36662996e+11]
