Name,Riskiness R
ITM,[2.0652943]
PZA,[9.91885794]
PVI,[5.65687107e+11]
FMB,[7.81357773e+11]
SHYD,[1.03267963e+12]
