Name,Riskiness R
BSCJ,[0.01347379]
BSCK,[0.01510377]
BSCL,[0.01624093]
BSCM,[0.01915006]
IBCD,[0.01079695]
IBCE,[0.01602178]
IBDC,[0.00889451]
IBDD,[0.01570534]
