Name,Riskiness R
BJK,[1.06502389e+12]
CARZ,[3.68939406e+12]
CHIQ,[3.06601078e+11]
FDIS,[4.3261478e+10]
FXD,[1.91121257e+12]
INCO,[0.31595955]
IYC,[5.54843653e+11]
JHMC,[2.37691177e+12]
PBS,[5.49211666e+11]
PEJ,[4.45168086e+11]
PEZ,[1.06573144e+12]
PMR,[1.79036105e+12]
PSCD,[4.12442394e+11]
RCD,[7.92735586e+11]
RETL,[2.32011422e+12]
RTH,[8.87245378e+10]
RXI,[6.277818e+11]
SCC,[1.03453147e+13]
UCC,[0.52463934]
VCR,[1.35480509e+11]
WBIA,[2.17140094e+12]
XLY,[4.65064305]
XRT,[3.0872403e+12]
