Name,Riskiness R
FPE,[6.07100455e+11]
PSK,[6.6881166e+11]
IPFF,[1.42255933e+12]
PGX,[2.3675164e+12]
SPFF,[2.8559723e+12]
