Name,Riskiness R
ITM,0.00019403246158164955
MLN,0.1534354728695547
MUB,0.0002774214594502979
PVI,0.0002560589255874534
PZA,0.0002589533233047733
RVNU,0.1198165181212081
SHM,0.0022172963642579703
SHYD,0.00016845743569348867
SMB,0.0005953164059472087
SMMU,1760952771686.7085
SUB,4510484434940.811
TFI,0.00026052907907913507
