Name,Riskiness R
CARZ,[5.65239172]
CROP,[0.09810277]
DPK,[2.02361244e+12]
DZK,[1.69492757]
EFO,[0.94043401]
EFU,[3.18138793e+12]
FDTS,[0.33104134]
FLM,[0.26230882]
FTAG,[7.33935835e+12]
FTRI,[5.65151537e+12]
HGI,[1.58371737e+11]
IDMO,[1.45595381e+12]
IPO,[0.24793061]
PAGG,[2.28914139e+11]
PEX,[0.14055694]
SOIL,[8.64561937e+11]
