Name,Riskiness R
DBB,[0.33749862]
PALL,[0.42051538]
BDD,[0.44087698]
KOLD,[0.93640296]
BNO,[0.98386634]
