Name,Riskiness R
CARZ,7242940184291.752
CROP,0.0001899245216670194
DPK,2061108172404.1812
DZK,1114985976407.7832
EFO,6342200.06370006
EFU,9173021191366.402
FDTS,1313770258685.1475
FLM,0.00016843651789822682
FTAG,22727627115209.312
FTRI,19100210362793.277
HGI,2980104498106.832
IDMO,13121406633835.43
IPO,1564701194442.139
PAGG,3284007883779.5244
PEX,0.00018944531430422447
SOIL,7541273146458.505
