Name,Riskiness R
CROP,[0.08101456]
PEX,[0.15147153]
IPO,[0.30761182]
FDTS,[0.31674991]
FLM,[0.38141553]
