Name,Riskiness R
BDCL,1.323294044655751
BDCS,4997207113921.717
BIZD,599932741872.8413
CHIX,4.007465075334847
DXJF,6.269267010603774
EUFN,2226831276288.8955
FAS,0.3585994224761842
FAZ,6236043280147.464
FINU,0.32159932347402964
FINZ,0.076314529690021
FNCL,0.2869644428164468
FXO,0.00017896033972198156
IAI,0.3358429435912522
IAK,0.41894568633326956
IAT,0.30293869111070854
IXG,1549834097997.925
IYF,0.4772852239937014
IYG,0.3957546621749805
KBE,0.3528856844430807
KBWB,0.36034941839274043
KBWD,890260218134.0879
KBWP,0.00019227393014477985
KBWR,0.24324533525939834
KCE,8227021080920.072
KIE,0.0001815620462889897
KRE,0.27309998876026675
PEX,0.00018944531430422447
PFI,0.00017849105452327857
PHDG,0.0003199276205892181
PSCF,0.00017644144053100298
PSP,1317347053318.8188
QABA,0.22389006483270132
RWW,0.4685384008260774
RYF,0.1271693545752792
SEF,6224590334867.031
SKF,9037353354027.42
UYG,0.29903283071429554
VFH,0.25842046222595605
VQT,0.0003911468496066982
XLF,0.13963873104279098
