Name,Riskiness R
DBB,[0.11575644]
DBC,[0.14218585]
UCI,[0.14617003]
UCIB,[0.15259603]
BCM,[0.15336294]
