Name,Riskiness R
CROP,[0.09852791]
PEX,[0.36275073]
FTAG,[1.97939642]
IPO,[3.23992224e+11]
FLM,[7.3346463e+11]
