Name,Riskiness R
CBND,[1.06578644e+12]
CORP,[2.71238313e+10]
GSY,[1.43396922e+12]
ICSH,[6.82695664e+11]
IGHG,[1.93249967e+12]
IGIB,[2.84232292e+12]
IGIH,[4.67696839e+12]
IGSB,[7.04756334e+11]
LDRI,[1.00207572e+12]
LKOR,[2.04527419e+12]
LQD,[2.04983915e+12]
LQDH,[3.29357933e+12]
PFIG,[2.73694476e+12]
QLTA,[4.76479695e+12]
SKOR,[1.94921865e+12]
SLQD,[7.42588766e+11]
SPIB,[3.12026598e+12]
SPLB,[1.17350055e+12]
USIG,[3.74920523e+12]
VCIT,[1.87085065e+12]
VCLT,[8.82587271e+11]
VCSH,[4.61000427e+12]
