Name,Riskiness R
REM,[0.12488919]
DRW,[0.13314028]
TAO,[0.13499248]
VNQI,[0.13605284]
GQRE,[0.14002896]
