Name,Riskiness R
EXI,[0.20377165]
TOK,[0.2262323]
ACIM,[0.22662348]
DBAW,[0.31864444]
DGT,[0.33732297]
