Name,Riskiness R
HDG,[0.21193685]
FLAG,[0.219384]
WTMF,[3822121.76150271]
RLY,[1.94161569e+11]
QED,[4.00050025e+11]
