Name,Riskiness R
CBND,[6.36494182e+11]
CORP,[2.44640768e+10]
GSY,[2.39991277e+12]
ICSH,[2.00879114e+12]
IGHG,[5.02073334e+12]
IGIB,[3.10581563e+12]
IGSB,[1.58624778e+12]
LDRI,[5.33315055e+12]
LQD,[35082492.24646246]
LQDH,[4.04754591e+12]
PFIG,[1.12303243e+12]
QLTA,[4.02738233e+12]
SLQD,[2.71160096e+12]
SPIB,[2.82829179e+12]
SPLB,[5.93626137e+11]
USIG,[3.43621759e+12]
VCIT,[7.84222255e+11]
VCLT,[5.12722488e+11]
VCSH,[3.90711893e+12]
