Name,Riskiness R
LQD,[35082492.24646246]
CORP,[2.44640768e+10]
VCLT,[5.12722488e+11]
SPLB,[5.93626137e+11]
CBND,[6.36494182e+11]
