Name,Riskiness R
FPE,[0.02070639]
PGF,[0.02292167]
PFF,[0.0296815]
PSK,[0.04860573]
PFXF,[0.04945688]
