Name,Riskiness R
SRET,[0.06818187]
DRW,[0.08821483]
GQRE,[0.08934889]
VNQI,[0.08944179]
REM,[0.09423548]
