Name,Riskiness R
BIL,0.00010695799209672465
DFVL,0.000183994015713075
DFVS,335423245576.4727
DLBL,0.0001959367247822403
DLBS,2818514478962.8247
DTUL,0.00017561426379270574
DTUS,0.00025499661056203833
DTYL,1509383383103.0327
DTYS,3.808106646799783
EDV,2977385815350.106
FLAT,0.00022476510266864104
GOVT,2372073604546.632
IEF,0.0007917540626863469
IEI,2903928234615.798
ITE,2510799389202.277
PLW,0.0002776695772228968
PST,0.0007319741850050865
RISE,2335719325325.8164
SCHO,2.1204188114769844e-05
SCHR,1613271657836.337
SHV,0.00013877423305870144
SHY,1.9702147232296835e-05
SPTL,1690525579758.6938
SPTS,2279222496833.6157
STPP,0.0001663463496748195
TAPR,2159170157589.4058
TBF,0.0003356624761781786
TBT,9940441034987.969
TBX,3806647700714.9487
TLH,0.0003385650092725037
TLT,1200699991997.0833
TMF,1403448299604.6255
TMV,9848979684300.098
TTT,1692392263609.584
TUZ,2362175011996.9424
TYBS,0.0003544905764027236
TYD,1728334529126.4177
TYNS,0.00027620022642244654
TYO,0.00022078559318678028
UBT,4506471062423.461
UST,0.00017989629580503663
VGIT,3894039988227.9717
VGLT,0.0001687736549817321
VGSH,1.8517745335165388e-05
ZROZ,2240066250957.952
