Name,Riskiness R
ERUS,[0.69313022]
FCOM,[8.73723136e+11]
FONE,[1.08025088]
IXP,[3.53959929e+12]
IYZ,[1.47009623e+12]
LTL,[7.36314504e+11]
VOX,[3.44592708e+11]
WBIF,[1.07547211e+11]
XTL,[2.48703894e+10]
