Name,Riskiness R
BBH,6.378388859233658
BIB,3.103802545958909
BIS,432.04925748505036
CURE,0.6772456573989947
FBT,1.7789932305630138
FHLC,0.0001709392906900413
FXH,1427875858841.3286
IBB,551884487454.9832
IHE,415051440130.9937
IHF,0.00019821152863802317
IHI,0.00019100806967515524
IXJ,0.00020125568288268994
IYH,155732136688.72458
PBE,2534499930922.4756
PJP,971428337397.3176
PPH,0.0001744656639335168
PSCH,0.4096904157629195
PTH,2213562029049.731
RXD,15838680610475.219
RXL,0.6281431985239265
RYH,0.00017911209123699017
VHT,180155256643.10297
XBI,0.8609635407715116
XHE,0.00017169258956896167
XHS,333047370566.75745
XLV,0.00019128741560055863
XPH,1385086718973.7222
