Name,Riskiness R
ACIM,0.00019177696666505172
ACWF,0.00016973771688098282
ARKQ,0.16962280004092586
BJK,0.3941548036677511
CIL,0.00018475403327830432
CIZ,0.0001749832667392476
CUT,0.9082123640024401
DBAW,9388287025172.547
DBEZ,2073249284163.7744
DEW,0.0001760793729951054
DGT,0.00016801553254446988
DNL,494694310625.6414
DOO,0.00017831831969513854
DUST,0.002407414510679608
EFAD,0.0001927829091121006
EFZ,0.0002551870896955155
EUMV,0.00019312539237811103
EXI,0.00017349502955457704
FAN,252821483068.275
FILL,1006223958521.9106
FPA,159762416489.0754
FYLD,0.0001703027979018447
GEX,2937279181005.4277
GHII,738284110274.4236
GOEX,0.6750885109870822
GRES,0.00018657335716784084
GRID,0.3881543861999102
HAP,0.00016610993731704918
IDHQ,0.0001790125225280442
IMTM,0.0001671832546871739
IPKW,0.2929995314417512
IQDE,0.00018292605257102666
IQDY,987060321672.6914
ISCF,0.36097593743185585
ISRA,6208083593100.479
IVAL,0.00017413016796612304
JDST,0.002883650289504314
LOWC,0.00018866620850722235
LVL,4953162749694.48
NLR,1233645923962.8936
PBD,1043169886133.9827
PIO,1551526741357.5037
PIZ,0.000167500994616444
PSAU,4.972945647514014
PZD,0.29369105921241934
QWLD,0.00018322714087003238
RING,3.0384015487990514
SEA,7309827142336.099
SGDJ,2.3431846533569956
SILJ,0.6949767107843067
TOK,0.00019839328245915486
TOLZ,0.0001999624420337609
VEGI,1469198880667.2427
YMLP,19646990394734.094
