Name,Riskiness R
DBB,[0.16163359]
RJZ,[0.21233346]
IAU,[0.27142428]
SGOL,[0.2852857]
GLD,[0.28602017]
