Name,Riskiness R
IBDD,[0.06177718]
IBCE,[0.06634555]
IBDC,[4.41459582e+10]
IBCD,[1.24170288e+11]
BSCM,[4.92013906e+11]
