Name,Riskiness R
PBJ,0.00018112274606448624
FXG,0.00019101650422739168
WBIE,0.0001976136086783963
IYK,0.00020212275595896735
KXI,0.00020272219191353616
