Name,Riskiness R
PSCC,[0.64430611]
PSL,[2.0293922e+11]
UGE,[2.74639515e+11]
EMCG,[4.38812548e+11]
KXI,[5.59908706e+11]
