Name,Riskiness R
CBND,[3.18860459e+12]
CORP,[2.4217847e+10]
GSY,[1.36539996e+12]
ICSH,[1.96420278e+12]
IGHG,[3.4977316e+12]
IGIB,[1.61233578e+12]
IGSB,[1.09155956e+12]
LDRI,[1.08110361e+12]
LQD,[34256234.02899954]
LQDH,[1.40181561e+12]
PFIG,[2.07685838e+12]
QLTA,[3.69305837e+12]
SKOR,[2.71525991e+12]
SLQD,[2.49423134e+12]
SPIB,[2.32249024e+12]
SPLB,[1.64995066e+12]
USIG,[3.37026162e+12]
VCIT,[3.0130394e+12]
VCLT,[1.07692819e+12]
VCSH,[2.20311858e+12]
