Name,Riskiness R
GSY,[0.00149052]
IGSB,[0.00403032]
ICSH,[0.00622218]
VCSH,[0.00788253]
SLQD,[0.00941056]
