Name,Riskiness R
ALTS,[619722.08698933]
BTAL,[3.22771974e+12]
CHEP,[1.15349798e+12]
CPI,[1.14094454e+12]
DIVY,[2.99529389e+12]
FLAG,[2.45481642e+11]
FMF,[4.78218182e+12]
FTLS,[4.44272388e+11]
HDG,[0.22568461]
MCRO,[1.73833464e+12]
MNA,[1.62832351e+12]
MOM,[4.38617926e+12]
MRGR,[1.9853795e+12]
QAI,[2.60751178e+12]
QMN,[3.61789171e+12]
RALS,[2.90156262e+12]
RLY,[9.61960206e+12]
SIZ,[1.40972233e+12]
WTMF,[2.66778817e+12]
