Name,Riskiness R
AIA,[0.34339599]
REMX,[0.42590978]
XSOE,[0.82363389]
PAF,[1.04103309]
IEMG,[1.49432726]
