Name,Riskiness R
NFLT,[65.245762]
FCOR,[3.65516144e+11]
RAVI,[6.86624264e+11]
ISTB,[7.7754206e+11]
NEAR,[1.02569403e+12]
