Name,Riskiness R
GRID,[0.28695574]
NLR,[0.32959251]
PZD,[0.33179913]
DDG,[0.35161262]
EMLP,[0.42515858]
