Name,Riskiness R
ANGL,[0.04371309]
CJNK,[0.03914754]
GHYG,[2.97040705]
HYG,[0.16260956]
HYHG,[7.05914253e+11]
HYLD,[8.2804447e+11]
HYLS,[0.08250355]
HYND,[6.22476166e+11]
HYS,[0.08653889]
HYZD,[0.23815762]
JNK,[0.2593873]
PGHY,[0.03121754]
PHB,[0.06520641]
RIGS,[0.03498972]
SHYG,[0.07722337]
SJB,[7.84473247e+11]
SJNK,[0.15543884]
UJB,[0.62783759]
