Name,Riskiness R
AMJ,0.8206801905456245
AMLP,1.028847330022188
AMU,0.7986683212200056
AMUB,10.885935483828481
AMZA,0.4484243079129981
ATMP,0.3376482256748456
CHIE,0.38784919178113664
CRAK,0.00020461002242139618
DDG,0.0001722322007489988
DIG,0.43204808418979557
DRIP,0.003083876686208084
DUG,19976535494181.266
EMLP,0.00019939324806434548
ENFR,0.20982103425699566
ENY,0.489084833075829
ERX,0.5010037995344538
ERY,33543126374058.824
FAN,0.0001974557915656282
FCG,1.4897194640981535
FENY,0.5038621789377286
FILL,0.17996449322878483
FRAK,0.5324301225815471
FXN,0.5031843358489333
GASL,2.312592544330834
GEX,0.00021877570946637198
GREK,375973448852.4988
GRID,0.00017947569729128614
GUSH,0.0018090317954809225
ICLN,2386316691320.708
IEO,0.2866237430664022
IEZ,481328338664.38904
IXC,0.21521618594573486
IYE,0.5454117481423558
KOL,0.08683683040949315
MLPA,0.6923643319460653
MLPB,5.084005459061737
MLPC,0.8516187476577551
MLPG,0.2983631687229118
MLPI,0.7476846870947405
MLPX,0.2604968489889341
MLPY,0.3189322271296653
NLR,36311553590.7344
OIH,250563696626.82333
PBD,0.00021752291353822382
PBW,0.00017079436409749108
PSCE,2.545605510697565
PUW,0.2470834817647806
PXE,0.472468728024291
PXI,0.5623260036196012
PXJ,825323328640.2393
PZD,0.16288109661980496
QCLN,0.6019009122331097
RYE,0.3513056468586828
TAN,1474377053807.5593
TPYP,0.00019566024896012946
VDE,0.4303466945308925
XES,257332449873.60498
XLE,0.3967202446262728
XOP,0.3487212208722515
YLCO,0.3073622842214392
YMLI,0.30244790278013445
YMLP,0.5104306397860731
ZMLP,0.8215758784624725
