Name,Riskiness R
KOL,[0.08683683]
CRAK,[0.09303847]
TPYP,[0.15897851]
PZD,[0.1628811]
FILL,[0.17996449]
