Name,Riskiness R
EMIF,[9.19715433e+11]
FUTY,[0.55821072]
FXU,[3.29776343]
GHII,[0.51195125]
GII,[5.32684869e+11]
IDU,[0.9990529]
IGF,[3.08459475e+11]
INXX,[3.51573282e+11]
JXI,[1.28527957e+12]
PSCU,[0.25094146]
PUI,[0.53969177]
PXR,[0.90951938]
RYU,[1.03154839]
SDP,[5.43619693e+12]
TOLZ,[1.13425282e+11]
UPW,[0.30895909]
UTES,[0.47478692]
VPU,[0.54490999]
WBIC,[4.84738662e+11]
XLU,[1.29467535]
