Name,Riskiness R
SVXY,1.5619739523401384
TVIX,0.0035477181783191494
UVXY,0.0030357288885927737
VIIX,16003210760153.82
VIXM,5335989645564.032
VIXY,16449400203760.684
XVZ,3667405729951.6797
ZIV,0.4440117047512131
