Name,Riskiness R
UVXY,0.0030357288885927737
TVIX,0.0035477181783191494
ZIV,0.4440117047512131
SVXY,1.5619739523401384
XVZ,3667405729951.6797
