Name,Riskiness R
Treasuries ETF List (51),2.710056644450248e-05
Total Bond Market ETF List (82),5.335695955336584e-05
Developed Markets ETF List 1 (100),0.0001664012119804299
Crude Oil ETF List (22),0.0001667738563728036
Emerging Markets ETF List (79),0.0001679222661127777
