Name,Riskiness R
DGL,[2.89285872e+12]
DGLD,[4.05236858e+12]
DGP,[1.55352504e+12]
DGZ,[1.19657505e+12]
DZZ,[5.50954711e+11]
GLD,[2.98092543e+12]
GLL,[2.34633957e+12]
IAU,[7.37691748e+11]
OUNZ,[2.6901145e+12]
SGOL,[3.0335241e+12]
UBG,[9.49467431e+11]
UGL,[3.92961668e+12]
UGLD,[1.86707148e+12]
