Name,Riskiness R
QWLD,[0.09609909]
IPKW,[0.10290712]
EXI,[0.12289682]
TOK,[0.12843841]
IDHQ,[0.14197045]
