Name,Riskiness R
TLH,[0.18567329]
DFVL,[0.20895321]
VGLT,[0.21266774]
PLW,[0.21545543]
UST,[0.22168316]
