Name,Riskiness R
EDZ,[1.12594412e+08]
EDC,[6.96759429e+09]
PXH,[6.21528222e+11]
EEB,[6.94761041e+11]
ADRE,[7.44045592e+11]
