Name,Riskiness R
BICK,0.00016670454919961276
EDZ,112595834.02274457
EDC,6964549025.045263
PXH,590782659255.8821
EUM,827068946275.9978
