Name,Riskiness R
SVXY,0.9981084782905618
TVIX,3.147936291151925
UVXY,3.2979254740636197
VIIX,7.377333944386002
VIXM,34106030813570.277
VIXY,2.8603445606354723
XVZ,21084512772279.938
ZIV,0.23946540119636417
