Name,Riskiness R
ILTB,[5.75721976e+11]
SPAB,[7.4918195e+11]
MINC,[8.33400926e+11]
ISTB,[8.81890375e+11]
BSV,[9.35102894e+11]
