Name,Riskiness R
FXF,[21.84315289]
UDN,[147.69945512]
EUFX,[337.24701036]
FXSG,[260208.14969692]
UUP,[19520779.49655702]
