Name,Riskiness R
SMH,[0.1974289]
GDXJ,[4.39563613]
ACWV,[2.56713052e+11]
GDX,[2.75650618e+11]
LIT,[3.74666847e+11]
