Name,Riskiness R
DBO,22585490995859.797
DTO,0.3291452623022612
OLEM,4894204165842.434
OLO,5903789382057.609
SCO,0.4549529563504125
SZO,0.2264183132962972
UCO,183625560358.0583
USL,24420619522388.652
USO,21429995479309.113
