Name,Riskiness R
INDA,0.00017137582178185917
AXJV,0.0034034213042037605
YANG,0.01051197610639423
YINN,0.01869426318649624
CQQQ,0.20984783146691655
