Name,Riskiness R
CQQQ,[0.22032467]
KWEB,[0.23268608]
CXSE,[0.25573314]
PGJ,[0.28772442]
EMQQ,[0.28863816]
