Name,Riskiness R
SMH,[0.15780783]
ROBO,[0.16458678]
LIT,[0.22378576]
DLS,[0.41599628]
SCZ,[0.54716662]
