Name,Riskiness R
CBND,[3.28546023e+12]
CORP,[2.54438297e+10]
GSY,[1.82366578e+12]
ICSH,[1.4988033e+12]
IGHG,[1.82669587e+12]
IGIB,[2.22077927e+12]
IGIH,[1.80589605e+12]
IGSB,[7.05504977e+11]
LDRI,[1.97927946e+12]
LKOR,[1.9217878e+12]
LQD,[4.12451556e+12]
LQDH,[1.12337589e+12]
PFIG,[8.56824629e+11]
QLTA,[1.70721989e+12]
SKOR,[1.95249898e+12]
SLQD,[7.53968343e+11]
SPIB,[4.04381784e+12]
SPLB,[4.33932504e+11]
USIG,[1.61360566e+12]
VCIT,[3.3216753e+12]
VCLT,[9.38442905e+11]
VCSH,[3.42013503e+12]
