Name,Riskiness R
CORP,[2.54438297e+10]
SPLB,[4.33932504e+11]
IGSB,[7.05504977e+11]
SLQD,[7.53968343e+11]
PFIG,[8.56824629e+11]
