Name,Riskiness R
DGL,[1.39388202e+12]
DGLD,[4.03035252e+12]
DGP,[8.40911615e+11]
DGZ,[1.66468785e+12]
DZZ,[3.28330945e+12]
GLD,[1.46443299e+12]
GLL,[3.14772992e+12]
IAU,[1.40663898e+12]
OUNZ,[1.37988223e+12]
SGOL,[5.82441959e+12]
UBG,[1.40137503e+12]
UGL,[2.83560311e+12]
UGLD,[1.4392576e+12]
