Name,Riskiness R
AGZD,[7.22812237e+11]
HOLD,[7.33075166e+11]
ISTB,[8.02307165e+11]
ILTB,[9.15399304e+11]
BLV,[1.01408508e+12]
