Name,Riskiness R
CEW,[0.15042209]
FXY,[0.15564095]
BZF,[0.15883621]
FXE,[0.18165341]
CYB,[0.21816279]
