Name,Riskiness R
ACWI,0.0001704425154014451
ACWV,0.00026494153140892406
ACWX,998558739062.6471
CGW,0.0001999105412321406
CRBN,0.00016788157729159898
CWI,0.00016661214191429353
DBEF,3151811814454.7188
DIM,0.00017777533961486512
DLS,0.00018431264394697317
DOL,0.00016611993963795967
DTH,0.0001663647763642793
DWM,0.00017009828164643158
DWX,870851620189.874
EFA,0.0001703985936846905
EFAV,0.00023397801304222724
EFG,0.00017249310837003117
EFV,3079211408520.17
EWS,446147135890.71857
EZU,461793578564.67566
FDT,414095541845.64606
FGD,0.00017836707304100792
FNDC,0.00017627052970601036
FNDF,408777434650.24646
GDX,2.38062858960814
GDXJ,0.715634528576133
GII,0.00019854139319878651
GNR,339031408920.8014
GUNR,1317131198102.946
GWX,0.00017490648039007834
HEFA,2796639444314.9917
HEZU,3210687478101.659
IDLV,0.00019714355126671456
IDOG,1902504989636.4873
IDV,1687855787874.8892
IEFA,0.00017126012393373828
IGF,0.00024674964674129744
IHDG,542770073958.9778
IOO,321222711100.1378
IQDF,0.00017346585713612893
IQLT,0.00016713327393840842
IXC,1059052428308.6526
IXG,70456848227.30774
IXJ,0.00020125568288268994
IXP,0.00030544879523048795
IXUS,1150662892309.4949
JNUG,0.0024067337245112547
JPGE,0.00019065882326491063
JPIN,0.00019677196946370356
JXI,0.0002234701313856139
KXI,0.0002026766998155199
LIT,0.17107522042281414
MOO,0.0001797537164827927
MXI,176785739714.85468
NFRA,0.00022688063412421245
NUGT,0.0026141499540090233
PDN,0.00017944106185883199
PICK,3.0363146302471744
PID,1250322459972.4243
PPH,0.0001744656639335168
PSP,56464929671.586044
PXF,1349002246452.4387
QEFA,0.00018305451591398724
ROBO,0.19384334041923315
RODM,0.00017293776607047207
RXI,0.00016650269764277969
SCHC,0.0001831044318670907
SCHF,0.00016948617667025126
SCZ,0.00018040598490751694
SDIV,0.0002148134616973569
SIL,1.520934788557469
SMH,0.15966557946970908
SPDW,0.00016874383984368627
TAN,8018502817698.447
TLTD,0.00017371829352769502
URA,1433804313712.4478
URTH,374624300517.2534
VEA,0.0001678996170484833
VEU,869849958683.0568
VSS,0.00016751637595760862
VT,0.00016994315028386045
VXUS,0.00016686569577386705
WDIV,0.00019351289629109181
WOOD,1.0099655253911721
