Name,Riskiness R
CROP,[0.11583801]
PKB,[0.14756426]
ITB,[0.15912346]
XHB,[0.19657765]
WOOD,[0.21565254]
