Name,Riskiness R
ERUS,[1.0814805]
FONE,[1.28024014]
FCOM,[4.14586027e+11]
XTL,[5.49345779e+11]
WBIF,[7.22872604e+11]
