Name,Riskiness R
FONE,[0.12597148]
AADR,[0.13329767]
SOCL,[0.15070237]
DBAW,[0.19457973]
FAN,[0.22257888]
