Name,Riskiness R
SHV,[0.00149856]
BIL,[0.00193464]
VGSH,[0.11376132]
RISE,[0.12433719]
SCHO,[0.12565216]
