Name,Riskiness R
BSCJ,[6.34086374e+11]
BSCK,[7.06350415e+11]
BSCL,[1.15266212e+12]
BSCM,[1.84035347e+12]
BSCN,[9.84596763e+11]
BSCO,[9.55834942e+08]
BSCP,[1.5941141e+12]
IBCD,[8.28317732e+11]
IBCE,[1.59326335e+12]
IBDC,[1.0397878e+12]
IBDD,[1.34475513e+12]
IBDK,[7.52429887e+11]
IBDL,[8.32537228e+11]
IBDM,[1.24479095e+12]
IBDN,[9.47549657e+11]
IBDO,[1.16295068e+12]
IBDP,[7.87047243e+11]
IBDQ,[5.90731682e+08]
