Name,Riskiness R
PSCU,[0.06528587]
FUTY,[0.08348317]
PUI,[0.08693448]
RYU,[0.08789318]
FXU,[0.08853292]
