Name,Riskiness R
FIW,0.09110559976202204
XAR,0.0952452769081018
ITA,0.10570501371014052
PHO,0.10760645036525522
PPA,0.11391624720367116
