Name,Riskiness R
DRR,[0.21599114]
EUO,[0.24684725]
FXSG,[330871.36199618]
EUFX,[5.97211618e+11]
UUP,[6.26142493e+11]
