Name,Riskiness R
RHS,[0.05891816]
XLP,[0.06424212]
FSTA,[0.06538111]
VDC,[0.06566492]
PSL,[0.07769336]
