Name,Riskiness R
XLK,[0.04738075]
IGM,[0.04764462]
RYT,[0.04956489]
VGT,[0.05143143]
IXN,[0.05147155]
