Name,Riskiness R
CARZ,[8.9009318e+11]
CROP,[0.22572443]
DPK,[4.73246395e+12]
DZK,[0.72171158]
EFO,[0.40740664]
EFU,[3.85782897e+12]
FDTS,[0.4691445]
FLM,[0.64327615]
FPXI,[2.5350051e+11]
FTAG,[5.08658405e+13]
FTRI,[3.49649798e+12]
HGI,[8.42747853e+11]
IDMO,[9.89739017e+10]
IPO,[9.55356063e+11]
PAGG,[1.26902066e+12]
PEX,[0.55998104]
SOIL,[1.07668186e+12]
