Name,Riskiness R
CROP,[0.05797857]
FDTS,[0.08759933]
PEX,[0.09142321]
FLM,[0.09710586]
FPXI,[0.11235488]
