Name,Riskiness R
BJK,[0.34660003]
CARZ,[2.07599713e+12]
CHIQ,[1.38247214]
FDIS,[0.19881192]
FXD,[6.0107895e+11]
INCO,[0.23743864]
IYC,[0.20538777]
JHMC,[3.17513324e+10]
PBS,[9.19419558e+10]
PEJ,[1.19474897e+11]
PEZ,[1.67068037]
PMR,[4.06229939e+11]
PSCD,[0.27414676]
RCD,[2.71161145e+11]
RETL,[1.09069018]
RTH,[0.19965251]
RXI,[1.04034496]
SCC,[1.10580515e+13]
UCC,[0.20320122]
VCR,[0.20275982]
WBIA,[4.58244514e+11]
XLY,[0.17694927]
XRT,[1.10761392e+12]
