Name,Riskiness R
FPE,[0.02198974]
IPFF,[1.87986545e+12]
PFF,[0.04307669]
PFXF,[0.06049015]
PGF,[0.03462893]
PGX,[0.03304101]
PSK,[0.04732881]
SPFF,[0.13882004]
