Name,Riskiness R
FPE,[0.02198974]
PGX,[0.03304101]
PGF,[0.03462893]
PFF,[0.04307669]
PSK,[0.04732881]
