Name,Riskiness R
ROGS,[0.12099212]
CROP,[0.1288866]
FDTS,[0.13454404]
FLM,[0.16433477]
FPXI,[0.17177672]
