Name,Riskiness R
ANGL,[1.99167645e+11]
CJNK,[1.22662826e+12]
GHYG,[1.91011057e+12]
HYG,[9.368351e+11]
HYGH,[1.98646278e+12]
HYHG,[6.04613523e+11]
HYIH,[5.98083796e+11]
HYLD,[1.4312576e+12]
HYLS,[2.98088911]
HYND,[6.54476967e+11]
HYS,[0.57777584]
HYZD,[1.396919e+12]
JNK,[1.68655031e+12]
PGHY,[2891.82479137]
PHB,[8.01491581e+11]
RIGS,[2.16266722e+12]
SHYG,[7.91919115e+09]
SJB,[1.82131963e+12]
SJNK,[1.48169175e+12]
UJB,[1.44925143]
WBII,[4.23372129e+12]
