Name,Riskiness R
EEMA,[0.12392991]
AIA,[0.12774774]
DBEM,[0.13031791]
GMF,[0.13360122]
DGS,[0.14167419]
