Name,Riskiness R
QWLD,[0.06816355]
CIL,[0.06884647]
IPKW,[0.0696163]
LOWC,[0.07696835]
EXI,[0.08531837]
