Name,Riskiness R
PPA,[0.0575817]
ITA,[0.06098917]
FIW,[0.07363984]
XAR,[0.07548465]
XLI,[0.0771088]
