Name,Riskiness R
ALTS,[622757.19146956]
BTAL,[1.69981877e+12]
CHEP,[2.49254986e+12]
CPI,[4.86071842e+12]
DIVY,[1.39919626e+12]
FLAG,[5.14481816e+11]
FMF,[2.19422276e+12]
FTLS,[6.5404651e+11]
HDG,[0.22677563]
MCRO,[2.18381655e+12]
MNA,[2.1891481e+12]
MOM,[5.43532753e+12]
MRGR,[1.18041878e+12]
QAI,[1.26053872e+12]
QMN,[1.74603638e+12]
RALS,[3.39758403e+12]
RLY,[2.00004156e+12]
SIZ,[1.86685069e+12]
WTMF,[3.59133483e+12]
