Name,Riskiness R
HDG,[0.22677563]
ALTS,[622757.19146956]
FLAG,[5.14481816e+11]
FTLS,[6.5404651e+11]
MRGR,[1.18041878e+12]
