Name,Riskiness R
PSCC,[0.45806783]
UGE,[0.58684793]
WBID,[4.89605845e+11]
IYK,[5.0662256e+11]
WBIL,[7.06261277e+11]
