Name,Riskiness R
HOLD,1.7859291014474318e-05
ULST,2.0925975198065554e-05
RAVI,2.7779189526146892e-05
NEAR,3.132398987561576e-05
MINT,3.327241769358933e-05
