Name,Riskiness R
DTYL,[0.06800964]
TLH,[0.08758411]
PLW,[0.09948988]
VGLT,[0.11988155]
SPTL,[0.12481811]
