Name,Riskiness R
PGHY,[0.01382319]
SHYG,[0.01422475]
RIGS,[0.01653195]
HYLS,[0.01801544]
HYS,[0.01903675]
