Name,Riskiness R
SMH,[0.13140502]
WOOD,[0.15474657]
ROBO,[0.18891127]
LIT,[0.22170364]
XT,[0.2441107]
