Name,Riskiness R
CBND,[2.65106921e+12]
CORP,[2.61365999e+10]
GSY,[1.00902189e+12]
ICSH,[1.32098873e+12]
IGHG,[3.99925367e+12]
IGIB,[3.87100326e+12]
IGSB,[1.84734517e+12]
LQD,[36078615.59212176]
PFIG,[3.00251254e+12]
QLTA,[1.99487793e+12]
SLQD,[2.64962534e+12]
SPIB,[3.8864081e+12]
SPLB,[6.59823412e+11]
USIG,[2.38920572e+12]
VCIT,[2.32131949e+12]
VCLT,[5.40670934e+11]
VCSH,[1.17420519e+12]
