Name,Riskiness R
LQD,[36078615.59212176]
CORP,[2.61365999e+10]
VCLT,[5.40670934e+11]
SPLB,[6.59823412e+11]
GSY,[1.00902189e+12]
