Name,Riskiness R
PHDG,[0.05335734]
VQT,[0.05741102]
KBWP,[0.06278728]
RYF,[0.07168298]
KIE,[0.07267818]
