Name,Riskiness R
IHI,[0.34860016]
XHE,[0.44589724]
RXL,[0.80019902]
CURE,[0.80046363]
PSCH,[0.92376278]
