Name,Riskiness R
IHI,[0.06249255]
XHE,[0.07478663]
IHF,[0.09477808]
RYH,[0.09848588]
XLV,[0.10780548]
