Name,Riskiness R
CARZ,[8.2520255e+11]
CROP,[2.03439231e+10]
DPK,[1.2713002e+13]
DZK,[0.64002375]
EFO,[0.63705216]
EFU,[8.05562677e+12]
FDTS,[0.88339046]
FLM,[1.63560011]
FPXI,[0.44111196]
FTAG,[1.50486373e+12]
FTRI,[5.20625656e+11]
GDXS,[4.21276928e+13]
HGI,[6.73649168e+11]
IDMO,[6.93054237e+11]
IPO,[0.25876638]
PAGG,[1.24527154e+12]
PEX,[0.98851988]
ROGS,[0.20644998]
SCID,[8.12950299e+11]
SMCP,[6.44107843e+10]
SOIL,[1.4070415e+12]
YLCO,[0.9640366]
