Name,Riskiness R
MORL,[0.49749287]
TAO,[1.27037473]
DRN,[1.49074575]
URE,[1.75921768]
KBWY,[4.46563494e+10]
