Name,Riskiness R
EWX,[0.08642758]
DGS,[0.09011655]
TLTE,[0.09388404]
XSOE,[0.09930823]
FEMS,[0.10013925]
