Name,Riskiness R
CROP,[0.06215031]
LIT,[0.09668694]
PKB,[0.10184669]
CUT,[0.10341807]
FXZ,[0.1067915]
