Name,Riskiness R
ACWI,0.0001704424973075376
ACWV,0.00024551471778764975
ACWX,294887253783.08453
CGW,0.00017444834561049276
CRBN,0.00016788157729159898
CWI,0.00016661214189046483
DBEF,0.00016640854351043395
DIM,0.00018200170975636617
DLS,0.0001843266786716893
DOL,0.00016611993963795967
DTH,0.0001663647763642793
DWM,0.00017009828164643158
DWX,47829076754.79681
EFA,0.00017059463680327324
EFAV,0.00024686185212121617
EFG,0.00017467115868311832
EFV,424591827256.5366
EWS,579927092560.6356
EZU,1025749494354.4136
FDT,0.00017739121536543742
FGD,0.00017836707304100792
FNDC,0.00017627052970532392
FNDF,33.949419202198506
GDX,0.5364809741921246
GDXJ,0.5156730304751238
GII,0.00019854139319878651
GNR,0.24843336090951917
GUNR,0.2935711455875287
GWX,0.00018397310896504723
HEFA,0.00018086899516991207
HEZU,0.0001692843917437856
IDLV,0.00019714355126671326
IDOG,150972959703.84933
IDV,322536143115.85876
IEFA,0.0001712601011797219
IGF,0.00024395807145020278
IHDG,0.0001795010353263153
IOO,0.3592039862563661
IQDF,0.00017346565843233815
IQLT,0.00016713327393840842
IVLU,964189805048.6637
IXC,0.845799628236574
IXG,1.3312222224668246
IXJ,0.00018506470232410502
IXP,0.00020118506767235006
IXUS,182704226245.18683
JNUG,0.0024067337245112547
JPGE,0.00021750161427248907
JPIN,0.0001967721656188141
JXI,0.0002324606660071294
KXI,0.00020480975317377833
LIT,0.17124214141297414
MOO,0.0001840133109797849
MXI,0.2669766126184487
NFRA,0.0002056422096194178
NUGT,0.0026141499540090233
PDN,0.00017944106185883199
PICK,0.3806507911174694
PID,996801182689.1533
PPH,0.00017446573700129807
PSP,1.3659935406936405
PXF,112233167989.98743
QEFA,0.00020591009937766017
ROBO,0.12815861820404376
RODM,0.00020726656381702367
RXI,0.00016650269764277969
SCHC,0.0001897463181775693
SCHF,0.00017051744664341577
SCZ,0.00018955686899878863
SDIV,0.00019690195071433514
SIL,0.6847239439818057
SMH,0.10150420870009186
SPDW,0.00016868571785877152
TAN,3073634873292.6367
TLTD,0.00017371829352767805
URA,3371448480998.6914
URTH,0.524570473904337
VEA,0.00017159247364624048
VEU,140305211745.37967
VSS,0.00018523028727153147
VT,0.0001699431502838561
VXUS,0.00016686569527938613
WDIV,0.00019351289629109181
WOOD,0.14048757994058889
XT,0.00016731214753625912
