Name,Riskiness R
SMH,[0.10150421]
ROBO,[0.12815862]
WOOD,[0.14048758]
XT,[0.15062459]
LIT,[0.17124214]
