Name,Riskiness R
PSCU,[0.22165857]
UPW,[0.5151436]
PUI,[1.2757274]
GHII,[2.19389594]
PXR,[3.74902252]
