Name,Riskiness R
BJK,[3.40199337e+12]
CARZ,[5.95611292e+12]
CHIQ,[2.10440968e+12]
FDIS,[8.102958e+10]
FXD,[3.10904714e+12]
INCO,[0.49636455]
IYC,[8.65589128]
PBS,[9.3429088e+11]
PEJ,[4.65391025e+11]
PEZ,[2.46006933e+12]
PMR,[9.18717636e+11]
PSCD,[1.13657888e+12]
RCD,[7.35334768e+11]
RETL,[0.48871775]
RTH,[0.53179283]
RXI,[9.21489829e+11]
SCC,[1.13154326e+13]
UCC,[0.34693145]
VCR,[2.72227791e+10]
XLY,[1.0932947]
XRT,[1.69330811e+12]
