Name,Riskiness R
EMIF,[9.20980744e+11]
FUTY,[2.65806887e+10]
FXU,[2.50860943e+11]
GHII,[0.40997894]
GII,[4.0956856e+11]
IDU,[1.74159482e+11]
IGF,[3.11880856e+11]
INXX,[3.92511046]
JXI,[1.56456912e+12]
PSCU,[0.313079]
PUI,[37.36853194]
PXR,[0.59636606]
RYU,[2.73085686e+11]
SDP,[5.22933174e+12]
TOLZ,[1.85219145e+11]
UPW,[0.40820083]
UTES,[7.53504348e+10]
VPU,[5.96521637e+08]
WBIC,[5.17795648e+11]
XLU,[1.94415734e+11]
