Name,Riskiness R
BTAL,1233818791332.3018
CHEP,0.00023154187704523856
CPI,1964380241563.6794
FLAG,0.00016923835226366225
FMF,0.00036801102758764523
HDG,0.24426359745617235
MCRO,2779511361265.429
MNA,832500349716.5166
MOM,0.00017345212725961346
MRGR,0.00022718927634847222
QAI,1311914266148.5312
QMN,2650633343967.806
RALS,1490631450115.927
RLY,0.0003118208457941711
SIZ,1496380603211.2942
WTMF,3158686090996.4634
