Name,Riskiness R
LQD,[27106345.66343353]
VCLT,[1.80570922e+11]
SPLB,[3.60026342e+11]
CBND,[9.94288527e+11]
CORP,[1.1627376e+12]
