Name,Riskiness R
GSY,[0.00219611]
IGSB,[0.00408732]
VCSH,[0.00845044]
SLQD,[0.00897162]
IGIB,[0.01280961]
