Name,Riskiness R
AIRR,[0.33995363]
CGW,[6.55721882e+10]
CHII,[1.96135643e+12]
EXI,[0.65071722]
FIDU,[0.27579986]
FIW,[0.17339898]
FXR,[0.98448753]
IEV,[1.75301043e+12]
ITA,[0.11135078]
IYJ,[0.24166035]
IYT,[9.18383777e+10]
JETS,[1.47198159]
PHO,[2.91956705e+11]
PIO,[7.93166086e+11]
PPA,[0.11113563]
PSCI,[0.47606483]
RGI,[0.31331788]
SEA,[7.49599179e+12]
SIJ,[9.94327693e+12]
UXI,[0.20641867]
VIS,[0.31236432]
XAR,[0.18903502]
XLI,[0.22291111]
XTN,[6.76392197]
_PRN,[1.1681872]
