Name,Riskiness R
ITM,87.1378305414777
MLN,0.002912417291841728
MUB,1795714108874.858
MUNI,1585876124672.499
PRB,4094995330591.5674
PVI,4.033926642972919e-05
PZA,8.719980815938086
RVNU,0.0011588302496480466
SHM,1286257712217.433
SHYD,0.0008655379790207155
SMB,2426962947017.073
SMMU,1814155974413.1294
SUB,1.7538023187996516e-05
TFI,1713803999251.7456
