Name,Riskiness R
ITM,[0.03341595]
MLN,[0.03643792]
MUB,[0.0217221]
MUNI,[0.02308101]
PRB,[1.17057981]
PVI,[1.40882618e+10]
PZA,[0.01928455]
RVNU,[0.03721572]
SHM,[0.14460801]
SHYD,[0.35769106]
SMB,[0.10068789]
SMMU,[0.08483057]
SUB,[0.05593673]
TFI,[0.02987367]
