Name,Riskiness R
BDCL,0.859844937528377
BDCS,467037565921.6162
BIZD,911613121172.5535
CHIX,0.8262157491515125
DXJF,3.8612728359243857
EUFN,323370994289.40137
FAS,0.334923725185424
FAZ,24079581904899.906
FINU,0.3347579947594237
FINZ,0.07677404653450018
FNCL,0.305065127906589
FXO,0.00017896033972198156
IAI,0.3298713220497284
IAK,0.2463449180710527
IAT,0.30636404140132856
IXG,290139425010.88776
IYF,0.4071207392190526
IYG,0.3745683971937873
KBE,0.3951358029829832
KBWB,0.3692612938122476
KBWD,437905498828.64734
KBWP,0.00019227393014477985
KBWR,0.3229051009573122
KCE,231474561696.83282
KIE,0.0001815620462889897
KRE,0.32399341112389374
LMLP,6.383170877860225
PEX,0.00018944531430422447
PFI,0.00017849105452327857
PHDG,0.0003199276205892181
PSCF,0.00017644144053100298
PSP,0.3305061385309765
QABA,0.27676342344766164
RWW,0.491333420144763
RYF,0.11910961864637994
SEF,7212784837698.785
SKF,7458183564835.67
UYG,0.28401036315512623
VFH,0.27147280224696646
VQT,0.0003911468496066982
XLF,0.14641998496623207
