Name,Riskiness R
BSCJ,2270024279505.423
BSCK,2395450340175.54
BSCL,1219988865711.4382
BSCM,500165734594.2506
IBCD,128913932543.48117
IBCE,0.0009953912237741557
IBDC,122957204964.73141
IBDD,0.0010963554718982794
