Name,Riskiness R
FPE,[0.02171474]
PGF,[0.04118281]
PGX,[0.0422498]
PFF,[0.05688514]
PSK,[0.06086582]
