Name,Riskiness R
WBIF,[0.05619955]
FONE,[0.11059702]
FCOM,[0.1315364]
XTL,[0.15697998]
IXP,[0.16264846]
