Name,Riskiness R
ECON,989539503972.4235
EMCG,0.4519173066650529
FSTA,0.1799640125172109
FXG,0.00020468587699293872
IYK,0.00017079765291346555
KXI,0.00016663129689662126
PBJ,0.00017878557077641378
PSCC,0.00016847729454261458
PSL,0.0002874133959433943
RHS,0.0001856788140029211
SZK,75223795734001.72
UGE,0.0016916727131272291
VDC,0.18767666414412973
WBID,0.00018018967199897633
WBIE,1977027431071.7566
XLP,0.8401975362236797
