Name,Riskiness R
SZO,[0.18739643]
DTO,[0.31221284]
SCO,[0.42903193]
UCO,[6.44115919e+11]
DBO,[6.29101933e+12]
