Name,Riskiness R
AAXJ,[0.40771746]
ACWX,[0.67590249]
ADRA,[0.38948015]
AIA,[0.21694161]
AXJL,[8.70864905]
AXJV,[2.60189092]
CHIQ,[0.54644762]
CWI,[0.53066767]
DBAP,[0.33657038]
DNL,[0.48030691]
EEMA,[0.41131987]
EMCG,[6.00445154e+11]
FPA,[0.3096551]
IEMG,[2.44006642]
IHDG,[0.11484059]
IQDE,[2.0655144e+10]
IQDY,[0.82048739]
PAF,[0.93964642]
QEMM,[2.62047845e+11]
REMX,[4.41632372e+12]
VEU,[0.48579677]
VXUS,[0.47401617]
