Name,Riskiness R
CARZ,0.36479011370642817
CROP,0.06797385229138378
DZK,0.5710390564506888
EFO,0.4330792395560531
EFU,61805348978135.8
FDTS,0.08455581234673548
FLM,0.00017828048310128145
FPXI,0.3236178914426506
FTAG,1.657188374447016
FTRI,8256125360606.641
HGI,1.2562844129794157
IDMO,2.0275250199574426
IPO,0.2914108760344734
PAGG,5802553674194.765
PEX,0.14030514837597555
SOIL,167876115273.91226
