Name,Riskiness R
FLM,0.00017828048310128145
CROP,0.06797385229138378
FDTS,0.08455581234673548
PEX,0.14030514837597555
IPO,0.2914108760344765
