Name,Riskiness R
DBO,1.4017872022179048
DTO,5147335213245.808
OLEM,14621594539.6221
OLO,5679325632748.319
SCO,9690239537975.129
SZO,4891630660344.491
UCO,1.6246476455096448
USL,1.6936571705524555
USO,4.271158621876543
