Name,Riskiness R
QWLD,[0.06002176]
IPKW,[0.06973839]
CIL,[0.07043298]
LOWC,[0.07413319]
EXI,[0.07718371]
