Name,Riskiness R
HDG,[0.22433532]
ALTS,[599024.77644049]
FLAG,[4.66006363e+11]
QAI,[1.24459824e+12]
MRGR,[1.24839311e+12]
