Name,Riskiness R
ECON,[7.06229146e+12]
EMCG,[1.17913209e+12]
FSTA,[0.05784504]
FXG,[0.0807113]
IYK,[0.06016716]
KXI,[0.11159993]
PBJ,[0.08568895]
PSCC,[0.07739516]
PSL,[0.06357642]
RHS,[0.05154982]
SZK,[1.08910038e+14]
UGE,[0.77306924]
VDC,[0.05816789]
XLP,[0.08478561]
