Name,Riskiness R
ECON,[4.33295116e+11]
EMCG,[1.78286774e+11]
FSTA,[0.06818712]
FXG,[0.08284435]
IYK,[0.08201842]
KXI,[0.12597531]
PBJ,[0.09403018]
PSCC,[0.08244352]
PSL,[0.07466685]
RHS,[0.05631592]
SZK,[8.09043202e+11]
UGE,[0.15940804]
VDC,[0.06762249]
XLP,[0.0666138]
