Name,Riskiness R
BTAL,[1.25151532e+12]
CHEP,[2.65002664e+12]
CPI,[2.54278916e+12]
FLAG,[6.0907969e+11]
FMF,[2.35377018e+12]
HDG,[0.24268677]
MCRO,[2.95185527e+12]
MNA,[3.02366841e+12]
MOM,[3.39803886e+12]
MRGR,[3.18318158e+12]
QAI,[1.20070366e+12]
QMN,[9.22605154e+11]
RALS,[1.58080378e+12]
RLY,[5.3381139e+12]
SIZ,[1.74971891e+12]
WTMF,[2.08931205e+12]
