Name,Riskiness R
CQQQ,11.169196368918737
FDN,0.302095824770109
FTEC,0.30505299169646305
FXL,0.994108985315496
IEUS,711822527847.0505
IGM,0.24198040584750788
IGN,1.0603277142147993
IGV,0.22044438966431393
ISRA,0.00017952583945826138
IXN,0.2885806098089061
IYW,0.39733925659549574
KWEB,2.2653826279090215
PNQI,0.37345477841283176
PSCT,0.200850495362903
PSI,0.16978449240032242
PSJ,0.00016805567422121886
PTF,2.5023802165033544
PXQ,1.5961578957593097
QQQ,0.35551711761501154
QTEC,0.21240590591390138
REW,12969114824835.494
ROBO,8385093456.545806
ROM,0.3418980593045342
RYT,0.2427412229414186
SKYY,0.00016603806118389576
SMH,0.19249602130969057
SOCL,0.8671704695120371
SOXL,0.02261336855856503
SOXS,22435493781365.793
SOXX,0.21084774884668558
SSG,12510946802076.043
TDIV,0.0001728801618209353
TECL,0.34511454007837244
TECS,13430766654924.152
USD,0.35306996235808663
VGT,0.3041073148252993
XLK,0.3064734904499957
XNTK,0.2453888181135262
XSD,0.26127701728087666
XSW,0.43176726362240264
