Name,Riskiness R
PSI,[0.16978449]
SMH,[0.19249602]
PSCT,[0.2008505]
SOXX,[0.21084775]
QTEC,[0.21240591]
