Name,Riskiness R
CORP,[2.71857649e+10]
VCLT,[8.54267292e+11]
VCSH,[8.80435483e+11]
LQDH,[9.04925447e+11]
IGHG,[1.07070352e+12]
