Name,Riskiness R
ACIM,0.00019400278483227063
BJK,1056114488347.9392
CIL,0.00202141495414659
CUT,301711126852.7491
DBAW,846239042107.4658
DEW,0.0001760793729951054
DGT,0.00016971752933764555
DNL,2558622766624.884
DOO,0.00017831831969513854
DUST,0.002407414510679608
EFAD,0.0001927829091121006
EFZ,0.00025518712517244677
EUMV,0.0001931253923781098
EXI,0.00017349502955457704
FAN,884222673335.5876
FILL,23168286937271.543
FPA,5978565733521.715
FYLD,0.0001855509777701394
GEX,2447943836048.7056
GOEX,1.945903778129091
GRES,0.00018657335716784084
GRID,409402826416.4769
HAP,0.00016610993727711443
IDHQ,0.0001790125225280442
IPKW,5.2350830342974
IQDE,0.00018292605257102666
IQDY,2186801111503.0503
ISRA,0.00017952583945826138
JDST,0.002883650289504314
LVL,15258146364135.984
NLR,0.00019994251642924344
PBD,1064421414115.3234
PIO,6843647487064.674
PIZ,0.000167500994616444
PSAU,1925043178622.8945
PZD,61687236312.316864
QWLD,0.00020063139209779854
RING,2094636653731.1792
SEA,1523566027248.7715
SILJ,36150777059.40073
TOK,0.00019828337331466645
TOLZ,0.00019996244203376084
VEGI,1028370299905.4851
YMLP,6576258748512.295
