Name,Riskiness R
IHI,[0.08643734]
XHE,[0.11909108]
PSCH,[0.13512354]
PTH,[0.43725751]
RXL,[0.52206749]
