Name,Riskiness R
FPE,[3.43317883e+11]
IPFF,[3.73108206e+11]
PFF,[3.02064172e+12]
PFXF,[4.202195e+12]
PGF,[2.29969405e+12]
PGX,[2.62669606e+12]
PSK,[1.74404943e+12]
SPFF,[3.21952355e+12]
