Name,Riskiness R
FPE,1373657082725.371
IPFF,167500474252.07654
PFF,0.0008334463867246867
PFXF,0.0010195259686777303
PGF,0.000507408929812087
PGX,0.0005834894843883603
PSK,0.00026681514628023705
SPFF,0.0005914714357401791
