Name,Riskiness R
AUSE,1349952456987.8018
DBJP,213102544987.63647
DBKO,0.000175178847657261
DFJ,1.0184527155092156
DIM,0.00017777533961486512
DLS,0.00018431264394697317
DOL,0.00016611993963795967
DOO,0.00017831831969513854
DTH,0.0001663647763642793
DVYA,1956483642974.8723
DWM,0.00017009828164643158
DXJ,429117269153.93286
DXJF,214087218121.66376
DXJS,0.49017504653706623
ENZL,591583769353.5906
EPP,2092078579532.1172
EWA,1609451216310.9363
EWH,485251866610.44635
EWJ,614002120383.2478
EWS,11351602472444.285
EWT,2596920307638.6494
EWV,12264024880448.953
EWY,958128778375.5981
EZJ,68664922244.38278
FAUS,816376088445.1697
FDT,948132469171.0696
FDTS,1844430815238.9465
FHK,674521724369.0825
FJP,563080218230.082
FKO,4834122395838.798
FNDC,0.00017627052970601036
FNDF,2098627184620.0918
FPA,1698325005402.2507
GWX,1214261692164.8577
HEWJ,104308302361.93314
IDHQ,0.0001790125225280442
IDOG,10379203354498.03
IPAC,2697753611489.0234
JPMV,0.0001782760715730186
JPNL,2.869189166926306
JPXN,0.00017201413538553482
KORU,796429891128.9072
PAF,3141327487636.418
PDN,0.00017944106185883199
PXF,6546267201408.354
SCJ,68685949669.74928
VPL,3503522954212.3896
