Name,Riskiness R
DFJ,[0.09931754]
JPMV,[0.10129789]
SCJ,[0.11311485]
FNDC,[0.12390427]
DLS,[0.138032]
