Name,Riskiness R
ERUS,[0.82838246]
FCOM,[0.09157393]
FONE,[0.17406888]
IXP,[0.38659218]
IYZ,[0.17304557]
LTL,[0.33731081]
VOX,[0.10214271]
XTL,[0.1508286]
