Name,Riskiness R
ZIV,[0.34066198]
SVXY,[1.06494605]
VIXM,[1.84011047e+12]
VIIX,[3.80520553e+12]
XVZ,[6.35340389e+12]
