Name,Riskiness R
SMH,[0.12379127]
ROBO,[0.29168142]
PSP,[0.33685784]
SCZ,[0.40960831]
IHDG,[0.44959404]
