Name,Riskiness R
PSL,[0.06044782]
WBIL,[0.06150161]
PSCC,[0.07561982]
RHS,[0.08813952]
IYK,[0.08864184]
