Name,Riskiness R
XLY,[0.06209353]
IYC,[0.06322906]
FDIS,[0.066836]
VCR,[0.06962561]
RTH,[0.07424042]
