Name,Riskiness R
INCO,[0.14854012]
SMIN,[0.16002474]
PEK,[0.2589851]
AIA,[0.27685799]
INDY,[0.28272448]
