Name,Riskiness R
SVXY,[2.64642061]
TVIX,[2.43236402e+13]
UVXY,[2.30684939e+13]
VIIX,[1.25976831e+13]
VIXM,[5.06659014e+12]
VIXY,[1.44085972e+13]
XVZ,[1.27892474e+13]
ZIV,[0.60502359]
