Name,Riskiness R
SVXY,2.6464206071133622
TVIX,0.0035477181783191494
UVXY,0.0030357288885927737
VIIX,12255487611989.193
VIXM,5114204108892.703
VIXY,12751780563213.459
XVZ,10960550480488.873
ZIV,0.6050235855441355
