Name,Riskiness R
UVXY,0.0030357288885927737
TVIX,0.0035477181783191494
ZIV,0.6050235855441355
SVXY,2.6464206071133622
VIXM,5114204108892.703
