Name,Riskiness R
IHI,[0.06121325]
XHE,[0.06937993]
IHF,[0.08646826]
RYH,[0.09294934]
XLV,[0.10077905]
