Name,Riskiness R
FEMS,[0.70413399]
PXH,[0.73254957]
BKF,[0.77820701]
PXR,[0.80100669]
FNDE,[0.83982663]
