Name,Riskiness R
AADR,[0.15038079]
LIT,[0.15086137]
SOCL,[0.16463043]
FAN,[0.33868621]
FONE,[0.44229073]
