Name,Riskiness R
CBND,0.0029108187956755857
CORP,27307729847.708755
GSY,2.4549251923964587e-05
ICSH,1.8889867226122476e-05
IGHG,731681988788.4398
IGIB,3480346871259.3984
IGSB,1.9830867548141112e-05
LQD,38081729.43802866
PFIG,1281335692363.6123
QLTA,2384550361113.928
SLQD,2043535095279.4941
SPIB,5066318552780.588
SPLB,0.00038872475858771
USIG,2420791389562.586
VCIT,2055163249741.5984
VCLT,0.00033893471481034773
VCSH,2862491063896.4
