Name,Riskiness R
LQD,[38081690.04092715]
CORP,[2.72077006e+10]
VCSH,[9.58506336e+11]
SPLB,[1.06585359e+12]
IGIB,[1.11481796e+12]
