Name,Riskiness R
PSCU,[0.29851289]
UPW,[0.48226677]
PUI,[6.11546663e+10]
XLU,[1.82942256e+11]
IDU,[2.06643326e+11]
