Name,Riskiness R
ACWV,[0.06425771]
SMH,[0.10029353]
KXI,[0.11742374]
RXI,[0.17171174]
EFAV,[0.22303061]
