Name,Riskiness R
SZO,[0.19563095]
DDP,[0.2821192]
DGZ,[0.31021443]
DTO,[0.31459983]
SCO,[0.43292376]
