Name,Riskiness R
XLY,[0.08715483]
IYC,[0.09531483]
FDIS,[0.0957556]
VCR,[0.09934477]
RTH,[0.11388058]
