Name,Riskiness R
FPA,[4.4128688e+11]
AIA,[8.13860714e+11]
VXUS,[1.07356328e+12]
AAXJ,[1.18995712e+12]
PAF,[1.21893366e+12]
