Name,Riskiness R
ARKW,[0.11431461]
IGM,[0.14917643]
XNTK,[0.15141025]
QTEC,[0.15303555]
SMH,[0.15361193]
