Name,Riskiness R
WOOD,[0.1183875]
LIT,[0.1730066]
VAW,[0.173113]
IYM,[0.18039827]
FMAT,[0.18165434]
