Name,Riskiness R
ACWI,0.19129443969237778
ACWV,0.0002703306514525025
ACWX,2490554147513.5967
CGW,0.00017989902354417845
CWI,2089131043656.5898
DBEF,0.3163156927175806
DIM,12.069665795794137
DOL,8069537065281.553
DTH,6677585731161.498
DWM,9661430804067.41
DWX,2103671933661.9775
EFA,11079948721181.295
EFG,1535706204158.5142
EFV,2747584967714.076
EWS,1811839512400.1187
EZU,10640172032806.955
FDT,0.00017754310493919782
FGD,4353278792995.9927
FNDC,0.00020408731236273226
FNDF,2133591534428.082
GDXJ,0.1461711777592983
GII,0.00017120967554770132
GNR,11233736415727.238
GUNR,5678855154484.639
GWX,135151644568.15094
HEFA,0.0001673883887576344
IDLV,0.00018778445180460063
IDOG,0.00016634900944285312
IDV,6671678384179.778
IEFA,2051288497027.3567
IGF,0.00018482409437774246
IOO,0.25632445696826983
IQDF,3521552911056.6123
IXC,9872469649719.562
IXG,0.2509102077083604
IXJ,0.19697709095832802
IXP,1.0110080060961053
IXUS,3533336374374.004
JNUG,0.0017009350990362941
JXI,3044273920146.9272
KXI,0.00017051474032862704
LIT,1817489418103.7573
MXI,992363922511.3872
NUGT,1.8111292012333746
PDN,0.00021710382780753399
PICK,11841840208169.748
PID,4806856428924.854
PPH,4364769652446.5645
PSP,0.7879822495650964
PXF,5481126652337.702
ROBO,0.2964938965013541
RXI,0.0001716475180266616
SCHC,0.00017388840586309273
SCHF,0.00017197047030074845
SCZ,0.00018250816545498197
SDIV,0.9577028064570995
SMH,0.09366869261434567
SPDW,7817061797823.1
TAN,63266422115474.8
URA,0.002050261177019798
URTH,0.00016853097229103088
VEA,1572145996281.1895
VEU,1700624221793.9685
VSS,0.0001664679077518434
VT,0.00016675256411786835
WDIV,0.00017503128516646263
WOOD,0.5746902428979568
