Name,Riskiness R
PSCU,[0.07379063]
PUI,[0.09377863]
FUTY,[0.0971043]
VPU,[0.10354718]
RYU,[0.10375622]
