Name,Riskiness R
PSCU,[0.20183919]
UPW,[0.48856678]
PUI,[2.48018145e+10]
FUTY,[1.64054511e+11]
RYU,[1.97783319e+11]
