Name,Riskiness R
ACWI,0.00024276584991684227
ACWV,0.0002886348798347066
ACWX,0.000210117811871696
CGW,0.0001789474069350897
CRBN,0.00017807981937147877
CWI,0.00019807551539002344
DBEF,0.00020260936333638322
DIM,0.08430108429444204
DOL,0.00019072590113070124
DTH,0.00020438364122814278
DWM,0.00019662527778566813
DWX,0.00021685908526680904
EFA,0.00022040864655609348
EFG,0.0002373631656530487
EFV,0.00017418355774405259
EWS,0.17610715687930456
EZU,0.00018012570638800796
FDT,0.00019439722083412403
FGD,0.00017829653375352062
FNDC,0.00023336003204570276
FNDF,0.0002012050802798177
GDXJ,0.44334887288382524
GII,0.0001685913549392992
GNR,0.06894812110066359
GUNR,0.07771852292668006
GWX,0.00017956300411194767
HDEF,0.0001903369422681548
HEFA,0.00020869898739426
HEZU,0.10195259970839304
HFXI,0.00021495357281361077
IDLV,0.00021853535719245826
IDOG,0.0002648072697112312
IDV,0.00020197776885605003
IEFA,0.00021514221894426006
IGF,0.12741890989701535
IHDG,0.00031103113036001865
INTF,0.0001794413412779636
IOO,0.0002551591935200689
IQDF,0.00026181351478282385
IQLT,0.00020217616778765992
IXC,0.11906492963699573
IXG,0.10855440656115849
IXJ,0.07116768554332693
IXP,0.00017081420465481787
IXUS,0.00021097178861239848
JNUG,0.002537815801486111
JPGE,0.00027216132608736597
JPIN,0.00021449513881749397
JXI,0.00016991976222362987
KXI,0.0001666312964544227
LIT,0.07937328912220527
MXI,0.07565329472577526
NUGT,1.5520012555667568
PDN,0.00021537022998422697
PICK,0.17077543204259696
PID,0.16113794754896005
PPH,0.7306295220705602
PSP,0.09457026892377443
PXF,0.0001897040684598548
QEFA,0.00019352185793574823
ROBO,0.05315022161300267
RODM,0.0002167475847373872
RXI,0.00020335083907887093
SCHC,0.0002272698863082717
SCHF,0.00019943106623830195
SCZ,0.00018250816545498056
SDIV,0.00016676683427162975
SMH,0.05241928792764969
SPDW,0.0001794205551939957
TAN,6376676889866.033
URA,1.1014832815033497
URTH,0.00017748504353288166
VEA,0.00020762641932402793
VEU,0.00019984088791244546
VSS,0.00016646437178831008
VT,0.00020184516349497776
WDIV,0.00020303473894096297
WOOD,0.07194994737732283
XT,0.04050379924569373
