Name,Riskiness R
IHI,[0.04891507]
XHE,[0.06762619]
PSCH,[0.07779648]
IHF,[0.0937804]
XLV,[0.11534777]
