Name,Riskiness R
ICSH,1.8889867226122476e-05
IGSB,2.0175594301644063e-05
GSY,3.1151051202252494e-05
VCLT,0.00033893445148448363
IGIH,0.0004442848499099113
