Name,Riskiness R
LQD,[37477742.29311666]
CORP,[2.43778647e+10]
SPLB,[5.61580716e+11]
USIG,[8.83612856e+11]
LDRI,[1.0203745e+12]
