Name,Riskiness R
GASL,0.0037295156408405188
PZD,0.24859406473032483
GRID,0.2691993030827205
KOL,0.8276193851528276
FAN,1.0039556625065271
