Name,Riskiness R
CBND,[1.42291016e+12]
CORP,[2.45211154e+10]
GSY,[2.32082869e+12]
ICSH,[2.05708869e+12]
IGHG,[4.56340411e+12]
IGIB,[1.68451771e+12]
IGSB,[1.20817443e+12]
LDRI,[1.0933669e+12]
LQD,[34277404.7083029]
LQDH,[1.06054234e+12]
PFIG,[1.22024588e+12]
QLTA,[3.50308158e+12]
SKOR,[3.35027659e+12]
SLQD,[2.37917074e+12]
SPIB,[3.03699973e+12]
SPLB,[4.39287306e+11]
USIG,[4.31595148e+12]
VCIT,[8.25932571e+11]
VCLT,[4.58817984e+11]
VCSH,[3.24151917e+12]
