Name,Riskiness R
ROGS,[0.71948425]
SCID,[1.04782924]
FDTS,[1.90179141]
DZK,[2.0400057]
EFO,[6.52481303]
