Name,Riskiness R
NLR,0.00019994251642924344
GASL,0.002128725045018365
ERX,0.034244933077374376
DUG,1.8151792073626416
ERY,2.6148541193170787
