Name,Riskiness R
DGL,0.0001733118366664595
DGLD,1658605990441.8901
DGP,3410954042894.162
DGZ,0.0002134404433100106
DZZ,5351178521492.555
GLD,0.00018321940545114543
GLL,2247476124147.199
IAU,0.00018445291841975901
OUNZ,0.00018080639983367207
SGOL,0.00018235798610584088
UBG,674489360426.1451
UGL,2796145405433.9194
UGLD,637685798912.3
