Name,Riskiness R
SVXY,0.4536572301425444
TVIX,0.003547718190922092
UVXY,0.003035728888593267
VIIX,7341520527613.523
VIXM,8116351183139.762
VIXY,19881516463097.97
XVZ,3960520621950.662
ZIV,0.31105643196335336
