Name,Riskiness R
AAXJ,314796299790.65027
ACWX,1018792914941.2909
ADRA,0.00017214282030146065
AIA,0.6948563345991289
AXJL,622483021767.7161
AXJV,0.0034034213042037605
CHIQ,27.86879833818732
CWI,0.00016661214191429353
DBAP,314702218285.81836
DNL,2452268735243.123
EEMA,120068775969.88202
EMCG,1678359150442.4639
FPA,398883306208.5353
HEEM,3164956344733.4355
IEMG,375676464229.07336
IHDG,0.9474358893820801
IPOS,323876958314.4396
IQDE,0.00018292605257102666
IQDY,329442275647.59735
PAF,1342340833472.5454
QEMM,455697358971.98096
REMX,2328777819754.3394
VEU,1337457151621.6667
VXUS,0.00016686569577386705
