Name,Riskiness R
AIA,[0.69485633]
IHDG,[0.94743589]
CHIQ,[27.86879833]
AAXJ,[3.12634297e+11]
IQDY,[3.26913285e+11]
