Name,Riskiness R
PXH,[0.11622396]
EEB,[0.1195576]
FNDE,[0.12064639]
JPEM,[0.1325936]
FEM,[0.13614578]
