Name,Riskiness R
CGW,[2.74473927e+12]
CHII,[3.61619349e+11]
EXI,[1.22416478e+12]
FIDU,[4.29424849e+11]
FIW,[6.04909426e+11]
FXR,[3.90855441e+11]
IEV,[1.91904998e+12]
ITA,[0.51877559]
IYJ,[2.24070724e+11]
IYT,[3.01045309e+11]
PHO,[1.13916035e+12]
PIO,[3.51403214e+12]
PPA,[0.5562815]
PSCI,[1.87733776e+11]
RGI,[5.86620665e+10]
SEA,[4.38122304e+12]
SIJ,[1.34513864e+13]
UXI,[0.57704072]
VIS,[1.82072049e+11]
XAR,[1.06386952]
XLI,[1.21187164e+11]
XTN,[1.89365882]
_PRN,[1.25546653e+12]
