Name,Riskiness R
ITA,[0.51877559]
PPA,[0.5562815]
UXI,[0.57704072]
XAR,[1.06386952]
XTN,[1.89365882]
