Name,Riskiness R
EMQQ,[0.1940752]
XSOE,[0.20195715]
DBEM,[0.21203761]
EEB,[0.22796868]
DGS,[0.24891401]
