Name,Riskiness R
GSY,[0.0020947]
ICSH,[0.00428211]
IGSB,[0.00527417]
VCSH,[0.01046774]
SLQD,[0.01152618]
