Name,Riskiness R
XLY,[0.06891376]
FDIS,[0.07485766]
IYC,[0.07644769]
VCR,[0.07771114]
RTH,[0.08628496]
