Name,Riskiness R
KBWP,[0.05941086]
KIE,[0.07714919]
RYF,[0.07757343]
IYF,[0.08104867]
XLF,[0.08137892]
