Name,Riskiness R
MNA,[0.02881024]
CPI,[0.03665436]
HDG,[0.08617679]
FLAG,[0.09557562]
QMN,[0.1978247]
