Name,Riskiness R
AMJ,611243572338.1395
AMLP,47283887704246.945
AMU,730565112988.3751
AMZA,5164369827330.357
ATMP,0.39803819204767155
CRAK,0.10267030418857352
DDG,2589437869385.989
DIG,163693889067.71692
DRIP,0.0020113257806594616
DUG,49075694877311.09
ENFR,0.2837716356142961
ENY,5736668996392.666
ERY,2.5280099562508607
FAN,0.2469327829548391
FCG,490827503204.0028
FENY,126.36816407808288
FILL,0.2723661791987571
FRAK,7319858135727.548
FXN,4451879789126.142
GASL,0.0018442836700368166
GEX,0.27187263932300265
GREK,1223079335341.8389
GRID,0.1442502044450034
GUSH,0.001831638794090228
ICLN,18.90330861162257
IEO,5.336983418467941
IEZ,19701077039294.58
IMLP,2.00364497730628
IXC,0.3444445768467983
IYE,68.25317387734188
KOL,0.15049545117739496
MLPA,94948901864.66261
MLPB,3.549093952229342
MLPC,5816005170098.07
MLPG,0.422846252985166
MLPI,1604693338608.9312
MLPO,2652276700156.5703
MLPY,2096791786834.8872
NLR,0.10904656892711558
OIH,19163381751514.945
PBD,0.8337437184614416
PBW,0.25019262210979576
PSCE,21874249481341.965
PUW,0.2880555359431787
PXE,3595533315580.625
PXI,7486148411772.578
PXJ,20440542199482.773
PZD,0.10512259266786318
QCLN,0.11475196573702137
RYE,10.23789908696099
TAN,5702946465415.263
VDE,3.2353909399367855
XES,12141619918590.867
XLE,1.4068228334072446
XOP,1149979904735.712
YLCO,0.1069091312741228
YMLI,0.5699918741168211
YMLP,5873265454495.746
ZMLP,1959608963225.5332
