Name,Riskiness R
FPE,[3.16771485e+11]
IPFF,[1.29885489e+13]
PFF,[1.50855236e+12]
PFXF,[3.56624495e+12]
PGF,[2.61286162e+12]
PGX,[3.08559863e+11]
PSK,[2.68936604e+12]
SPFF,[1.42097913e+12]
