Name,Riskiness R
FPE,[0.01797849]
PGX,[0.03227802]
PGF,[0.03440556]
PFF,[0.03893427]
PSK,[0.04420647]
