Name,Riskiness R
PGX,[3.08559863e+11]
FPE,[3.16771485e+11]
SPFF,[1.42097913e+12]
PFF,[1.50855236e+12]
PGF,[2.61286162e+12]
