Name,Riskiness R
KXI,0.0001666312964544227
PSCC,0.00016847729454261458
IYK,0.00017079765291346555
PBJ,0.00017878557077641378
RHS,0.0001856788140029211
