Name,Riskiness R
DGL,0.0001733118366664595
DGLD,930368844715.5149
DGP,2009143346424.7925
DGZ,0.0001785353757965786
DZZ,747568501230.6167
GLD,0.00018321940545114543
GLL,1858393372089.671
IAU,0.00018445291841975901
OUNZ,0.00018080639983367207
SGOL,0.00018235798610584088
UBG,1038118039715.7648
UGL,5410844353980.382
UGLD,4280863761857.4404
