Name,Riskiness R
DZZ,[6.82900244e+11]
OUNZ,[1.00325931e+12]
GLL,[1.890785e+12]
DGP,[2.10298253e+12]
GLD,[2.48967636e+12]
