Name,Riskiness R
ERUS,[0.29685338]
FCOM,[0.12136298]
FONE,[0.12180974]
IXP,[0.30983891]
IYZ,[0.52796002]
LTL,[1.19720069]
VOX,[0.20323196]
WBIF,[0.08858436]
XTL,[0.15496979]
