Name,Riskiness R
MNA,[0.0303941]
CPI,[0.07544618]
FLAG,[0.1082132]
HDG,[0.14037649]
BTAL,[1.4078891]
