Name,Riskiness R
SVXY,1.2748527376696983
TVIX,0.0035477181783191494
UVXY,0.0030357288885927737
VIIX,12717061638658.191
VIXM,5249600808154.547
VIXY,19210795148226.93
XVZ,6901693209503.753
ZIV,0.3306411520868678
