Name,Riskiness R
ECON,[0.27545857]
EMCG,[0.40698015]
FSTA,[0.08452007]
FXG,[0.13569832]
IYK,[0.07679921]
KXI,[0.08228702]
PBJ,[0.18934771]
PSCC,[0.08568624]
PSL,[0.07521769]
RHS,[0.07186671]
SZK,[1.98748319]
UGE,[0.14993949]
VDC,[0.08544384]
WBID,[9.76258421]
WBIE,[17.89674027]
WBIL,[0.12625905]
XLP,[0.08184706]
