Name,Riskiness R
BDCL,4672815708469.051
BDCS,3220171488954.285
BIZD,736856180462.3599
CHIX,106173193931.70154
EUFN,3831453709617.422
FAS,0.5501745093938455
FAZ,5656797926761.082
FINU,0.47465436386416054
FINZ,0.0749883388730339
FNCL,1.469506508653572
FXO,0.00017896033972198156
IAI,1.4902726171114031
IAK,0.8967654102138941
IAT,0.8671015186497929
IXG,946072477541.6172
IYF,60269798092.58431
IYG,48674642021.358826
KBE,1.97673549214163
KBWB,1.825573853722579
KBWD,5665318334018.766
KBWP,0.00019227393014477985
KBWR,0.4505525008557514
KCE,6612780232610.232
KIE,0.0001815620462889897
KRE,0.6513166569475289
PEX,0.00018944531430422447
PFI,0.00017849105452327857
PHDG,0.0003199276205892181
PSCF,0.00017644144053100298
PSP,1053076447250.5381
QABA,0.3931605957916598
RWW,13427396520.375591
RYF,0.15131428299726243
SEF,6162433981569.968
SKF,11284561722499.52
UYG,0.531798997782424
VFH,0.865256634712563
VQT,0.00039114684960669976
XLF,0.18787213235852365
