Name,Riskiness R
KBWP,[0.12774189]
RYF,[0.15131428]
XLF,[0.18787213]
KIE,[0.37983137]
QABA,[0.3931606]
