Name,Riskiness R
KWEB,[0.45218383]
SMIN,[0.51968071]
CXSE,[0.52652869]
CQQQ,[0.58231365]
CN,[0.60181419]
