Name,Riskiness R
AGND,[2.85341828e+12]
AGZD,[1.95050957e+12]
BIV,[0.21727502]
BLV,[0.15172655]
BND,[1.92212239e+11]
BOND,[0.09328532]
FTSD,[3.56937977e+12]
FWDB,[0.29009519]
GBF,[0.50956964]
GVI,[1.8284197e+12]
HOLD,[4.30342421e+12]
ILTB,[0.1159432]
ISTB,[5.94959528e+11]
LDUR,[3.37024875e+11]
MINC,[2.1923068e+12]
MINT,[3.6312205e+12]
NEAR,[1.67303053e+12]
RAVI,[1.14535439e+12]
SAGG,[1.04964822e+13]
SCHZ,[0.35274487]
SPAB,[0.22417889]
ULST,[3.13580036e+12]
XMPT,[0.08094188]
