Name,Riskiness R
ENZL,[0.10202274]
DFJ,[0.1157373]
SCJ,[0.12563072]
DBKO,[0.16485449]
FNDC,[0.16558682]
