Name,Riskiness R
DOL,0.00016611993963795967
DTH,0.0001663647763642793
SCJ,0.00016950970812003543
VPL,0.00016958076354625293
DWM,0.00017009828164643158
