Name,Riskiness R
HDG,[0.23792656]
FLAG,[4.49867547e+10]
MNA,[8.09560394e+11]
MRGR,[1.27579553e+12]
QAI,[1.30536925e+12]
