Name,Riskiness R
DBB,[0.13410528]
RJZ,[0.16720354]
DBC,[0.18837871]
UCI,[0.18953916]
UCIB,[0.21404614]
