Name,Riskiness R
AGND,[3.11341249e+12]
AGZD,[6.20111688e+12]
BIV,[0.10578065]
BLV,[0.10137701]
BND,[0.35300637]
BOND,[0.08653281]
FTSD,[2.34782689e+12]
FWDB,[0.10575794]
GBF,[0.26856151]
GVI,[6.22109151e+12]
ILTB,[0.08158299]
ISTB,[5.22050513e+11]
MINC,[2.06943659e+12]
MINT,[3.71354146e+12]
NEAR,[1.93649767e+12]
RAVI,[3.05369634e+12]
SAGG,[3.76459482e+12]
SCHZ,[0.10274982]
SPAB,[0.12734399]
ULST,[1.10505018e+12]
XMPT,[0.06673164]
