Name,Riskiness R
AADR,[0.0938461]
SOCL,[0.11164742]
FONE,[0.11554293]
LIT,[0.12094572]
FPA,[0.1422968]
