Name,Riskiness R
XLK,[0.08818829]
PSCT,[0.09695358]
RYT,[0.098405]
IGM,[0.10008704]
SMH,[0.10029353]
