Name,Riskiness R
ERUS,0.6730437468925657
FCOM,0.00018401874588435538
FONE,0.6972398946717847
IXP,0.00020118506767235006
IYZ,0.00016777454268978228
LTL,3521241738780.0127
VOX,0.00017571803492242425
WBIF,0.00023118028527439226
XTL,1064435635490.186
