Name,Riskiness R
ZIV,[0.36490384]
SVXY,[0.61414509]
XVZ,[8.20658372e+11]
VIXM,[1.61854211e+12]
VIIX,[3.22613794e+12]
