Name,Riskiness R
AIRR,[0.30290946]
CGW,[0.13388384]
CHII,[0.42448705]
EXI,[0.0996512]
FIDU,[0.09643703]
FIW,[0.1361741]
FXR,[0.25550913]
IEV,[4.91839231]
ITA,[0.05122397]
IYJ,[0.07880772]
IYT,[0.33476906]
PHO,[3.27025508]
PIO,[1.78482917e+11]
PPA,[0.0496291]
PSCI,[0.19062136]
RGI,[0.10722292]
SEA,[2.91457534e+13]
SIJ,[1.87365832e+13]
UXI,[0.16328202]
VIS,[0.09412352]
XAR,[0.06648111]
XTN,[0.24641556]
_PRN,[0.20543846]
