Name,Riskiness R
XLK,[0.05833915]
RYT,[0.06145968]
SKYY,[0.0623955]
VGT,[0.06240129]
FTEC,[0.06663848]
