Name,Riskiness R
YINN,0.004120016698184977
INDL,0.008741724626438428
FXP,0.09316313849340259
CNXT,0.14265160953592543
INCO,0.15623448137616572
