Name,Riskiness R
SRET,[0.09565846]
REM,[0.11229604]
DRW,[0.1169845]
MORT,[0.12204928]
VNQI,[0.12297955]
