Name,Riskiness R
FPXI,0.00016707484948093857
SOIL,0.00019433009162900188
GDXS,0.011035785563761861
ROGS,0.20270605058817825
IPO,0.3177484222373434
