Name,Riskiness R
ERUS,[2.50641975e+12]
FCOM,[1.36206838]
FONE,[0.77124754]
IXP,[1.8655279e+12]
IYZ,[7.77561592e+11]
LTL,[1.14741753e+11]
VOX,[3.94699025e+11]
XTL,[1.21565699]
