Name,Riskiness R
BICK,0.00016670454919961276
EMQQ,0.26522843843782246
FEMS,0.3844807280477114
FEM,0.5719009155129702
EEB,0.7377336919859042
