Name,Riskiness R
BIL,0.00015690210110987391
DFVL,0.000183994015713075
DFVS,1427404635999.2769
DLBL,0.0001959367247822403
DLBS,2140090046432.5708
DTUL,0.00019790844564609254
DTUS,0.00025499661056203556
DTYL,1531827121672.4792
DTYS,90412218547.2672
EDV,1637318789792.255
FLAT,0.000247203060612897
GOVT,1931316203945.4316
IEF,0.0007917681678826189
IEI,3010785007920.761
ITE,1838245049943.5994
PLW,0.0002776695772228968
PST,0.0007319767061697019
RISE,5271205581272.566
SCHO,2.1204188115004933e-05
SCHR,3429099805608.9736
SHV,0.00013896769344285694
SHY,1.9702147232296835e-05
SPTL,1146424657486.8755
SPTS,1987894796154.127
STPP,0.0001663463496748195
TAPR,2523113901564.949
TBF,0.0003356624761781786
TBT,4139640476039.682
TBX,2570569568734.5103
TLH,0.00033856500927250457
TLT,1139976480826.061
TMF,1063472759597.7539
TMV,6697287012795.728
TTT,2038070213027.8687
TUZ,2801469421846.1025
TYBS,0.00035449057640272416
TYD,2343967240923.516
TYNS,0.00027620022642244654
TYO,0.00022078559318678028
UBT,448851020173.97656
UST,0.00017989629580503663
VGIT,3491026117127.449
VGLT,0.0001687736549817321
VGSH,1.8517745335165388e-05
ZROZ,1775675896246.8508
