Name,Riskiness R
DTYS,[1.76375478e+10]
BIL,[6.32664742e+11]
DLBL,[6.36821287e+11]
PLW,[6.43171889e+11]
DFVS,[6.71865782e+11]
