Name,Riskiness R
MINT,[0.00139271]
NEAR,[0.00223011]
RAVI,[0.00342134]
ULST,[0.00366058]
HOLD,[0.00459529]
