Name,Riskiness R
FXE,[0.09471164]
CEW,[0.09841854]
FXY,[0.10073998]
CYB,[0.10652026]
BZF,[0.11240342]
