Name,Riskiness R
BTAL,[1.57245808e+12]
CHEP,[9.72739377e+12]
CPI,[3.25216883e+12]
FLAG,[3.03839703e+11]
FMF,[2.07328232e+12]
HDG,[0.23535555]
MCRO,[4.89156378e+12]
MNA,[2.17233457e+12]
MOM,[3.48565408e+12]
MRGR,[1.27829988e+12]
QAI,[1.18695809e+12]
QMN,[2.22720716e+12]
RALS,[1.50510923e+12]
RLY,[3.0170681e+12]
SIZ,[1.79091612e+12]
WTMF,[2.66990209e+12]
