Name,Riskiness R
MNA,[0.02416095]
CPI,[0.04570242]
HDG,[0.0807064]
FLAG,[0.11991831]
QMN,[0.125712]
