Name,Riskiness R
GSY,[0.00214069]
ICSH,[0.00527278]
IGSB,[0.0053771]
VCSH,[0.010274]
SLQD,[0.01148106]
