Name,Riskiness R
LQD,[28317202.91730531]
VCLT,[5.2278509e+11]
SPLB,[5.40900916e+11]
VCSH,[9.25253633e+11]
CBND,[1.00667873e+12]
