Name,Riskiness R
PSL,[0.07075649]
WBIL,[0.07829988]
PSCC,[0.07849412]
RHS,[0.09982719]
IYK,[0.11335859]
