Name,Riskiness R
PSK,[0.01598602]
FPE,[0.01647124]
PGX,[0.0176448]
PGF,[0.01964441]
PFF,[0.02046216]
