Name,Riskiness R
SVXY,0.6687385488186187
TVIX,0.003547718190922092
UVXY,0.003035728888593267
VIIX,9870910993725.709
VIXM,9714135788883.443
VIXY,3097855740162.4067
XVZ,6023930156806.163
ZIV,1.7794138162459718
