Name,Riskiness R
DBO,[8.2165976e+11]
DTO,[2.57340405e+12]
OLEM,[8.09553064e+11]
OLO,[5.50097767e+11]
SCO,[4.83953205e+12]
SZO,[1.76365352e+12]
UCO,[6.85750041e+11]
USL,[3.83851975e+11]
USO,[5.27152341e+11]
