Name,Riskiness R
SUB,[0.01294599]
FMB,[0.01448463]
SHM,[0.01622039]
PZA,[0.02093923]
MUB,[0.02123056]
