Name,Riskiness R
ARKQ,[0.21450219]
IPKW,[0.27615877]
PZD,[0.3172212]
GRID,[0.34562481]
ISCF,[0.44368774]
