Name,Riskiness R
SVXY,[0.39805117]
TVIX,[1.39851482e+13]
UVXY,[1.46024911e+13]
VIIX,[7.0923972e+12]
VIXM,[1.24953588e+13]
VIXY,[2.20576832e+13]
XVZ,[4.91044031e+12]
ZIV,[0.27414756]
