Name,Riskiness R
ERY,[1269.11923208]
EMLP,[5.17670752e+11]
GRID,[5.46449474e+11]
ATMP,[6.71210687e+11]
MLPX,[7.80437959e+11]
