Name,Riskiness R
QWLD,[0.0509063]
LOWC,[0.05738609]
CRAK,[0.06123576]
IPKW,[0.06289608]
TOK,[0.06336366]
