Name,Riskiness R
UGE,[0.26991861]
RHS,[0.30682902]
PSCC,[0.32831761]
XLP,[0.55970384]
VDC,[0.68727548]
