Name,Riskiness R
SZO,0.2828076407227619
DTO,0.38457034038501764
SCO,0.5581494302595081
UCO,169924173462.8855
USO,3193863983634.051
