Name,Riskiness R
CN,[0.76023963]
SMIN,[0.86374244]
KWEB,[0.88705007]
ASHR,[0.91445762]
PEK,[0.95593969]
