Name,Riskiness R
IHI,[0.12092983]
XHE,[0.20078687]
PSCH,[0.23681129]
CURE,[0.63555771]
RXL,[0.69781979]
