Name,Riskiness R
ACWV,[0.05404794]
FNDC,[0.06081546]
JPGE,[0.06605934]
SCZ,[0.07342633]
ROBO,[0.07787756]
