Name,Riskiness R
DFJ,[0.16819554]
SCJ,[0.23302322]
DXJS,[0.50908762]
KORU,[1.07652069]
DLS,[1.09034655]
