Name,Riskiness R
IPKW,[0.06579508]
QWLD,[0.06690777]
LOWC,[0.07464572]
CIL,[0.07745168]
PZD,[0.08559626]
