Name,Riskiness R
FPE,0.0005296523523511777
IPFF,7706613432692.323
PFF,0.00043429269436853887
PFXF,0.0003262227913037997
PGF,0.0003072069080168227
PSK,0.00022603492728725768
SPFF,235276457814.9115
