Name,Riskiness R
FPE,[0.02045097]
PGF,[0.02260805]
PFF,[0.03256692]
PSK,[0.0507843]
PFXF,[0.05750436]
