Name,Riskiness R
TLTE,[0.13316502]
EMQQ,[0.13609574]
DBEM,[0.13633815]
DGS,[0.13757469]
FEMS,[0.14356303]
