Name,Riskiness R
SZO,[0.21580215]
IAU,[0.26284403]
SGOL,[0.27199866]
GLD,[0.27492543]
OUNZ,[0.27881351]
