Name,Riskiness R
SVXY,0.002452268833441212
TVIX,3.207027994655274
UVXY,2.555816327214641
VIIX,13.14577434264656
VIXM,105361741888014.72
VIXY,3.0967761438156547
XVZ,14074589648300.889
ZIV,0.1775049822857891
