Name,Riskiness R
SVXY,0.002452268833441212
ZIV,0.1775049822857891
UVXY,2.555816327214641
VIXY,3.0967761438156547
TVIX,3.207027994655274
