Name,Riskiness R
FPE,[0.019612]
IPFF,[0.34742993]
PFF,[0.04849416]
PFXF,[0.07524552]
PGF,[0.04154483]
PGX,[0.04118064]
PSK,[0.06182394]
SPFF,[0.63791999]
