Name,Riskiness R
ANGL,[0.0366379]
CJNK,[0.0357872]
GHYG,[0.05651373]
HYG,[0.0661304]
HYGH,[0.10984443]
HYHG,[0.23593308]
HYLD,[4.73906096]
HYLS,[0.04051452]
HYND,[0.34937106]
HYS,[0.04007969]
HYZD,[0.07275701]
JNK,[0.07767991]
PGHY,[0.02124524]
PHB,[0.03843445]
RIGS,[0.02472797]
SHYG,[0.03677301]
SJB,[1.33864533e+12]
SJNK,[0.04207779]
UJB,[0.30816775]
WBII,[0.03786201]
