Name,Riskiness R
MNA,[0.03154284]
CPI,[0.03265574]
QMN,[0.09721931]
FLAG,[0.12808994]
QAI,[0.13442674]
