Name,Riskiness R
ERUS,[4.79890262e+11]
FCOM,[2.00097188]
FONE,[0.23497495]
IXP,[5.8022429e+11]
IYZ,[7.55648871e+11]
LTL,[1.93261534]
VOX,[2.34731241e+11]
WBIF,[2.61804044e+12]
XTL,[0.29291264]
