Name,Riskiness R
FONE,[0.23497495]
XTL,[0.29291264]
LTL,[1.93261534]
FCOM,[2.00097188]
VOX,[2.34731241e+11]
