Name,Riskiness R
CPI,[0.01885462]
DIVY,[0.02608028]
MNA,[0.02781275]
QED,[0.02954639]
QMN,[0.0335659]
