Name,Riskiness R
SZO,[0.25652125]
DTO,[0.34267127]
SCO,[0.4497409]
UCO,[1.75431085e+11]
DBO,[5.87331675e+12]
