Name,Riskiness R
FCOM,[0.09016197]
VOX,[0.09410192]
XTL,[0.11822221]
IYZ,[0.13572161]
FONE,[0.15289981]
