Name,Riskiness R
GRID,[0.25596231]
PZD,[0.28891388]
FAN,[0.92739631]
KOL,[1.62662405]
ERX,[1.24376034e+09]
