Name,Riskiness R
TAO,[0.44589383]
MORL,[0.57118845]
DRN,[1.37318252]
URE,[1.40867919]
KBWY,[1320.67954917]
