Name,Riskiness R
ARKW,[0.10093423]
XNTK,[0.10111522]
IGM,[0.10348872]
RYT,[0.10567146]
XLK,[0.10918742]
