Name,Riskiness R
ALTS,[2.32461551e+12]
BTAL,[3.31222343e+12]
CHEP,[2.21315824e+12]
CPI,[3.51308462e+12]
DIVA,[3.75946549e+12]
DIVY,[8.96639177e+11]
FLAG,[1.44856101]
FMF,[5.1324061e+12]
FTLS,[5.60657284e+11]
HDG,[0.23189668]
HTUS,[9.94399845e+11]
MCRO,[3.10087203e+12]
MNA,[2.16365747e+12]
MOM,[2.57147663e+12]
MRGR,[2.800769e+12]
QAI,[1.93704426e+12]
QED,[1.15943847e+12]
QMN,[2.99980781e+12]
RALS,[2.61927599e+12]
RLY,[3.8425788e+12]
SIZ,[3.68924343e+12]
WTMF,[4036492.58445416]
