Name,Riskiness R
ALTS,[6.11190416e+10]
BTAL,[1.29679303e+11]
CHEP,[8.39163359e+10]
CPI,[0.0294946]
DIVA,[0.19819351]
DIVY,[0.02522631]
FLAG,[0.09892753]
FMF,[3.83589564e+11]
FTLS,[0.07087613]
HDG,[0.07426769]
HTUS,[0.09669561]
MCRO,[0.04738956]
MNA,[0.03514952]
MOM,[0.61521888]
MRGR,[2.45519334e+11]
QAI,[0.05793798]
QED,[0.04195124]
QMN,[0.04618815]
RALS,[4.95735133e+11]
RLY,[0.15265833]
SIZ,[1.97669814e+12]
WTMF,[5.00887013e+11]
