Name,Riskiness R
SOCL,[0.08552402]
AADR,[0.10739357]
FONE,[0.12755754]
LIT,[0.16044746]
DBAW,[0.1614063]
