Name,Riskiness R
GDXS,0.0021073316266166844
SOCL,0.08552402065820713
AADR,0.10739356896271637
FONE,0.12755753692567073
LIT,0.16044746499618584
