Name,Riskiness R
PALL,[0.54294211]
BDD,[0.63523447]
KOLD,[0.7790797]
LD,[1.12011139]
DGAZ,[1.21164933]
