Name,Riskiness R
BJK,[0.5073578]
CARZ,[3.27472644e+11]
CHIQ,[0.64387275]
FDIS,[4.31183095]
FXD,[7.84049613e+11]
INCO,[0.89557631]
IYC,[1.8625145e+11]
PBS,[8.52545097e+12]
PEJ,[6.69524306e+11]
PEZ,[3.50885685e+12]
PMR,[4.69929053e+12]
PSCD,[7.7825906e+11]
RCD,[1.15340214e+12]
RETL,[1.29445093e+11]
RTH,[7.00943296e+11]
RXI,[4.75487167e+11]
SCC,[7.07288467e+12]
UCC,[0.48738209]
VCR,[3.83285242]
WBIA,[1.03334721e+12]
XLY,[0.73016977]
XRT,[2.47668933e+12]
