Name,Riskiness R
AXJV,0.0034034213042037605
YINN,0.019159645619375963
CHAU,0.20598306501754035
CXSE,0.21761853065761982
CQQQ,0.28469571401369165
