Name,Riskiness R
REM,[0.12561006]
TAO,[0.13485576]
GQRE,[0.13669578]
DRW,[0.14005701]
VNQI,[0.15125537]
