Name,Riskiness R
CARZ,[3.49756993e+11]
CROP,[0.29341191]
DPK,[5.33019045e+12]
DZK,[1.51027293]
EFO,[0.52539373]
EFU,[4.34626756e+12]
FDTS,[0.83967053]
FLM,[3.65294068]
FPXI,[1.73931598e+12]
FTAG,[3.93746528e+13]
FTRI,[4.08297796e+12]
HGI,[7.60477858e+11]
IDMO,[1.72849319e+12]
IPO,[2.97355432e+12]
PAGG,[2.91421373e+12]
PEX,[1.08580426]
SOIL,[1.12531481e+12]
