Name,Riskiness R
AIRR,[0.14025442]
CGW,[0.12793653]
CHII,[5.68860809e+12]
EXI,[0.0835782]
FIDU,[0.07945051]
FIW,[0.06193498]
FXR,[0.13206751]
IEV,[0.72806137]
ITA,[0.04950941]
IYJ,[0.07031632]
IYT,[0.13910556]
JETS,[0.17695869]
PHO,[0.19184152]
PIO,[0.78776382]
PPA,[0.04527859]
PSCI,[0.1090153]
RGI,[0.08522207]
SEA,[1.03975824e+13]
SIJ,[4.86292181e+13]
UXI,[0.14990164]
VIS,[0.08106845]
XAR,[0.06184104]
XTN,[0.15779349]
_PRN,[0.11979242]
