Name,Riskiness R
RVNU,[1.48637754e+10]
MLN,[4.86814325e+11]
PVI,[6.85706522e+11]
SMMU,[7.68205418e+11]
SHYD,[7.8479359e+11]
