Name,Riskiness R
GQRE,[0.11967061]
REM,[0.13149707]
DRW,[0.13909466]
MORT,[0.14628405]
REZ,[0.14837529]
