Name,Riskiness R
CXSE,[0.23070927]
KWEB,[0.25659135]
EMQQ,[0.26322426]
CQQQ,[0.27493285]
SMIN,[0.31003876]
