Name,Riskiness R
MINT,2.8349131625416718e-05
HOLD,2.9848413915922248e-05
ULST,3.1156915904656315e-05
RAVI,3.428694097476595e-05
NEAR,6.485777317881769e-05
