Name,Riskiness R
FAN,[3.81386095]
ERY,[803.33547859]
MLPX,[4.15969842e+11]
ATMP,[6.64782247e+11]
PZD,[8.01493756e+11]
