Name,Riskiness R
PZD,[0.08742219]
GRID,[0.08909614]
FAN,[0.12529755]
NLR,[0.42967678]
KOL,[0.44147391]
