Name,Riskiness R
EMQQ,[0.13172635]
XSOE,[0.13501497]
FEMS,[0.13836067]
ADRE,[0.13848239]
EWX,[0.14230389]
