Name,Riskiness R
CROP,[0.10729544]
PEX,[0.25475876]
FLM,[0.53230752]
IPO,[0.53341479]
FDTS,[1.54569086]
