Name,Riskiness R
MNA,[0.05052256]
HDG,[0.05988629]
FLAG,[0.14578271]
QAI,[0.17367828]
MCRO,[0.37207977]
