Name,Riskiness R
ITM,[2.08663784]
PZA,[9.77673382]
FMB,[7.75052666e+11]
SMB,[9.66937823e+11]
SHYD,[1.15939548e+12]
