Name,Riskiness R
XLY,[0.06356442]
IYC,[0.06935727]
FDIS,[0.06948451]
VCR,[0.07209457]
RTH,[0.08324556]
