Name,Riskiness R
DGL,[0.31395452]
DGLD,[5.94939945e+11]
DGP,[0.61053027]
DGZ,[2.61026621e+11]
DZZ,[1.28001944e+12]
GLD,[0.22253161]
GLL,[9.88358108e+11]
IAU,[0.21720373]
OUNZ,[0.22406818]
SGOL,[0.22304577]
UBG,[0.30598533]
UGL,[0.65861054]
UGLD,[1.02242392]
