Name,Riskiness R
EFO,[16958347.51370557]
FLM,[7.18181081e+11]
CROP,[7.20744803e+11]
PEX,[9.91688462e+11]
CARZ,[1.1125323e+12]
