Name,Riskiness R
BDCL,1.0553003947588648
BDCS,2829941498273.8926
BIZD,567936535512.4253
CHIX,1.5410488302003769
DXJF,4.739824116157105
EUFN,1514794228050.4163
FAS,0.35981867420663327
FAZ,5919930180084.036
FINU,0.33548323118768447
FINZ,0.0761762426997759
FNCL,0.30612210484800617
FXO,0.00017896033972198156
IAI,0.3371617155141801
IAK,0.4594614196598547
IAT,0.3046506506624028
IXG,1082932661964.6047
IYF,0.48967171377511676
IYG,0.40966912246539366
KBE,0.3664339100113985
KBWB,0.38043291743426266
KBWD,274959897241.8967
KBWP,0.00019227393014477985
KBWR,0.24585069403311974
KCE,388224660925.7893
KIE,0.0001815620462889897
KRE,0.2836870836636456
PEX,0.00018944531430422447
PFI,0.00017849105452327857
PHDG,0.0003199276205892181
PSCF,0.00017644144053100298
PSP,947011398488.498
QABA,0.2169449997260925
RWW,0.5205977602010546
RYF,0.12763747552845645
SEF,2056325809960.3804
SKF,11192770292876.648
UYG,0.30117740777148266
VFH,0.26740169446327
VQT,0.0003911468496066982
XLF,0.14386288795440935
