Name,Riskiness R
KBWP,[0.10350165]
RYF,[0.12763748]
XLF,[0.14386289]
KIE,[0.21539094]
QABA,[0.216945]
