Name,Riskiness R
BDCL,0.9549047779250703
BDCS,479561114002.70447
BIZD,190996379074.60614
CHIX,239266255922.33005
DXJF,508963514238.68036
EUFN,201092078098.21906
FAS,0.4945849312928514
FAZ,8525611861152.846
FINU,0.469047469131328
FINZ,0.07632216994184482
FNCL,0.8996452175943338
FXO,0.00017896033972198156
IAI,0.610502973115534
IAK,2.028200291150615
IAT,0.5471228500023154
IXG,380215673927.52704
IYF,132960949009.29488
IYG,0.9855481351725226
KBE,0.608994358475666
KBWB,0.6225769062958301
KBWD,435130978411.2352
KBWP,0.00019227393014477985
KBWR,0.4959051083215963
KCE,872860501499.0891
KIE,0.0001815620462889897
KRE,0.46256798649482006
LMLP,331084553272.422
PEX,0.00018944531430422447
PFI,0.00017849105452327857
PHDG,0.00036368652603395544
PSCF,0.00017644144053100298
PSP,0.75005455532651
QABA,0.3635948985791822
RWW,11245708551.13879
RYF,0.15027431094166024
SEF,6484681419822.734
SKF,4241586486170.8584
UYG,0.47195077100792204
VFH,0.5928676877599556
VQT,0.00039114684960633845
XLF,0.1845974203764395
