Name,Riskiness R
CXSE,[0.11067269]
CQQQ,[0.12656169]
CHIQ,[0.14094171]
KWEB,[0.14233917]
PGJ,[0.14928984]
