Name,Riskiness R
DRN,0.5003355238680178
DRV,24585463347156.406
DRW,1530781654688.6533
FFR,0.0002235725628419973
FRI,0.00019488665536166727
GQRE,0.00022223042698847693
GRI,0.0001998049063374273
ICF,0.00019187719233599708
IFEU,2511967366016.065
IFGL,0.00020830143426683943
IYR,0.00022308400590296407
KBWY,0.00017003935244256767
MORL,0.9726566904494264
MORT,6501549672602.452
PSR,0.00017888087886997592
REK,0.00019744499735976882
REM,857475451878.7893
REZ,0.00017576216562192315
ROOF,0.00019620391922510903
RWO,0.00020315554730732148
RWR,0.00019955965422135242
RWX,4210506457891.007
SCHH,0.00019923588199497684
SRS,15067724913363.68
TAO,1044324061331.4153
URE,0.48517406793759155
USRT,0.00021566703549897
VNQ,0.00020043574544416137
VNQI,0.00018399560744253798
WPS,0.00020578264141317068
WREI,0.00019437674137200698
