Name,Riskiness R
BDCL,134563337119.8693
BDCS,1164397653730.972
BIZD,335918697456.055
CHIX,631716279884.7375
DXJF,1916686467974.4438
EUFN,1441698965144.1064
FAS,0.4597654982383504
FAZ,10429839288758.812
FINU,0.44505249316180107
FINZ,0.0793278606648884
FNCL,0.4279420499526465
FXO,0.00017896154027977044
IAI,0.2945917601714842
IAK,19.42734472939288
IAT,0.5444062619411637
IXG,133274681477.00882
IYF,1.3579391509326015
IYG,0.4891977340339319
KBE,0.7568936948849836
KBWB,0.5361845868103573
KBWD,1601040664137.299
KBWP,0.00019227393014477985
KBWR,0.9341059335021314
KCE,123444477400.4353
KIE,0.0001815620462889897
KRE,0.5132299875081953
LMLP,2406689812190.066
PEX,141966314362.40527
PFI,0.00016678556957637133
PHDG,0.0002201456957677504
PSCF,0.000176441440531003
PSP,1230512706866.3447
QABA,0.6417864597792727
RWW,0.8742912879061444
RYF,0.1442030964550565
SEF,3010201826753.66
SKF,6504172380617.999
UYG,0.43055428622283487
VFH,0.3717153984622453
VQT,0.0002352338760396269
XLF,0.1713003782023487
