Name,Riskiness R
VQT,[0.06654132]
KBWP,[0.07197082]
PHDG,[0.07594478]
RYF,[0.07948426]
KIE,[0.08026118]
