Name,Riskiness R
ACIM,0.00019400278483227063
ARKQ,0.1912971625181736
BJK,299572025955.37805
CIL,0.00018475403264672975
CIZ,0.0001749832667392476
CUT,2012777240739.3625
DBAW,2329221904010.2974
DBEZ,407308733385.2178
DEW,0.0001760793729951054
DGT,0.00016971752933764555
DNL,704753598737.3959
DOO,0.00017831831969513854
DUST,0.002407414510679608
EFAD,0.0001927829091121006
EFZ,0.00025518712517244677
EUMV,0.0001931253923781098
EXI,0.00017349502955457704
FAN,9.145513847060363
FILL,1341234358796.0
FPA,708982739646.4686
FYLD,0.0001855509777701394
GEX,800628516207.4954
GHII,135696927241.0003
GOEX,0.6785542297733518
GRES,0.00018657335716784084
GRID,0.3610645711902124
HAP,0.00016610993727711443
IDHQ,0.0001790125225280442
IMTM,0.0001671832546871739
IPKW,0.20949501950431967
IQDE,0.00018292605257102666
IQDY,935140477184.7126
ISRA,3119778607717.8633
IVAL,0.00017413016796612304
JDST,0.002883650289504314
LOWC,0.0001886662085070315
LVL,1352731961136.0898
NLR,0.00019994251642924344
PBD,733354728914.6752
PIO,803633297704.6444
PIZ,0.000167500994616444
PSAU,16.336478744545776
PZD,0.32537319114597063
QWLD,0.00020063139209779854
RING,8.245033764890582
SEA,3234444861832.576
SILJ,0.8223703459302499
TOK,0.00019828337331466645
TOLZ,0.00019996244203376084
VEGI,1858322039792.8638
YMLP,16300476497567.547
