Name,Riskiness R
SZO,[0.19952602]
DTO,[0.32621004]
SCO,[0.45562362]
UCO,[6.29259744e+11]
OLEM,[3.17558299e+12]
