Name,Riskiness R
SVXY,[0.31846879]
TVIX,[2.87345202e+13]
UVXY,[2.99840573e+13]
VIIX,[1.43711961e+13]
VIXM,[1.0516047e+13]
VIXY,[1.28999905e+13]
XVZ,[2.25387359e+12]
ZIV,[0.19968629]
