Name,Riskiness R
DBO,[0.22512048]
DTO,[2.21620635e+13]
OLEM,[0.23901373]
OLO,[1.85657811e+11]
SCO,[3.0531432e+13]
SZO,[9.67521744e+12]
UCO,[0.52653973]
USL,[0.20253602]
USO,[0.351213]
