Name,Riskiness R
USL,[0.20253602]
DBO,[0.22512048]
OLEM,[0.23901373]
USO,[0.351213]
UCO,[0.52653973]
