Name,Riskiness R
BIL,0.0001565939439501781
DFVL,0.000183994015713075
DFVS,1279428267446.454
DLBL,0.0001959367247822403
DLBS,5345798973886.16
DTUL,0.00019790844564609254
DTUS,0.00025499661056203833
DTYL,1411932208124.456
DTYS,652018507156.1624
EDV,416642835846.7848
FLAT,0.00022476510266864104
GOVT,1448747605852.3008
IEF,0.0007917540626860512
IEI,1501370799708.1868
ITE,2575806273685.0312
PLW,0.0002776695772228968
PST,0.0007319741851005781
RISE,5542802244306.087
SCHO,2.1204188114769844e-05
SCHR,3953844823944.7744
SHV,0.00014012048058276586
SHY,1.9702147232296835e-05
SPTL,3725325759864.6665
SPTS,2104197797496.2637
STPP,0.0001663463496748195
TAPR,6841392160702.325
TBF,0.0003356624761781786
TBT,11997485608384.373
TBX,6781122707864.523
TLH,0.0003385650092725037
TLT,3835712758607.717
TMF,2.8073716382791174
TMV,3644963282969.8906
TTT,9010691473274.262
TUZ,1169681884195.7625
TYBS,0.0003544905764027236
TYD,1994045853023.643
TYNS,0.00027620022642244654
TYO,0.00022078559318678028
UBT,290099984152.37994
UST,0.00017989629580503663
VGIT,1720167352714.5615
VGLT,0.0001687736549817321
VGSH,1.8517745335165388e-05
ZROZ,1029526016899.6472
