Name,Riskiness R
TMF,[2.80737164]
UBT,[2.3387528e+11]
DLBL,[2.98971434e+11]
DTUS,[4.38082259e+11]
DTYS,[4.81477263e+11]
