Name,Riskiness R
ERY,[927.32622358]
EMLP,[4.0046781e+11]
FAN,[7.29907819e+11]
YMLI,[8.32026874e+11]
MLPX,[8.33442585e+11]
