Name,Riskiness R
AADR,0.00016950160276436405
COPX,5381318595745.633
DBAW,970740485850.6611
ECON,2617232236394.2734
EDC,2488236618.16625
EEM,591017564569.7867
EEMS,1009123212725.1304
EMCG,1957442500778.3394
EMFM,2958319936728.4917
FAN,126288477373.97568
FIEG,4.689614345423247
FLN,2874369930008.1006
FM,2684058610502.3164
FNDE,1199842432214.6912
FONE,0.7266913218095301
FPA,604295124289.2468
FWDI,3500148030869.538
GDXJ,11.441957121293807
HEEM,967924008441.5598
HGI,7911486749827.824
HILO,1596209302792.432
ICLN,1210226960991.4292
IEMG,3143416599296.1787
IFV,1213729559107.014
IQDF,0.00017346585713612893
JDST,0.002883650289504314
KOL,2988974689240.8604
LIT,649098982501.0537
PBD,5613924507915.68
PICK,4210333578860.4854
QEMM,1263950069742.3774
SIL,10.729639223187391
SLVP,4.482139616291486
SLX,7178767722425.9
SOCL,0.45027484820735564
SOIL,1942750524041.1108
TLTE,2163719395443.8418
VIDI,0.00018090233367181193
