Name,Riskiness R
SOCL,[0.45027485]
FONE,[0.72669132]
SLVP,[4.48213962]
FIEG,[4.68961435]
SIL,[10.72963922]
