Name,Riskiness R
FPE,[0.02188443]
PGX,[0.03408432]
PGF,[0.03590385]
PFF,[0.04331154]
PSK,[0.05875179]
