Name,Riskiness R
FPE,[6.58953164e+11]
IPFF,[5.62954025e+11]
PFF,[4.6244815e+12]
PFXF,[1.20375591e+12]
PGF,[2.62759103e+12]
PGX,[2.11230145e+12]
PSK,[2.81908374e+12]
SPFF,[3.01013059e+12]
