Name,Riskiness R
CHIQ,[0.4257527]
UCC,[0.44905833]
XLY,[0.95303187]
RETL,[1.62475592]
INCO,[1.90172793]
