Name,Riskiness R
PGHY,[0.0245399]
RIGS,[0.028836]
CJNK,[0.04156571]
ANGL,[0.04253874]
SHYG,[0.04703535]
