Name,Riskiness R
HDG,[0.22276374]
FLAG,[0.34206689]
WTMF,[3775108.63989799]
HTUS,[3.42649898e+11]
QAI,[9.41946781e+11]
