Name,Riskiness R
MNA,[0.01877436]
CPI,[0.02123667]
QMN,[0.02529476]
DIVY,[0.02933136]
QED,[0.0326772]
