Name,Riskiness R
DGL,0.0001733118366664595
DGLD,3992757415731.646
DGP,660423208058.9756
DGZ,0.0001785353757965786
DZZ,1247935265971.8162
GLD,0.00018321940545114543
GLL,2992378511706.341
IAU,0.00018445291841975901
OUNZ,0.00018080639983367207
SGOL,0.00018235798610584088
UBG,1393983159591.5823
UGL,821825575927.4832
UGLD,439881527687.5541
