Name,Riskiness R
GOEX,[0.82479385]
SILJ,[1.55845395]
GDXJ,[3.37152309]
SLVP,[5.94464367]
SIL,[16.05678881]
