Name,Riskiness R
DBO,[6.99385484e+12]
DTO,[3.43815851]
OLEM,[2.32156735e+12]
OLO,[9.79787016e+12]
SCO,[8.94691061e+13]
SZO,[5.73317765e+12]
UCO,[8.19309885]
USL,[1.13011779e+12]
USO,[7.3169677e+12]
