Name,Riskiness R
UVXY,0.0030357288885932672
TVIX,0.003547718190923521
ZIV,0.93534313000242
SVXY,3.6222629093450083
VIXM,5228891360526.241
