Name,Riskiness R
SILJ,[84.56088842]
GOEX,[4.87872142e+10]
UYM,[2.87552026e+11]
CHIM,[3.09989094e+11]
PKB,[3.8071513e+11]
