Name,Riskiness R
SOCL,[0.15885614]
LIT,[0.17543405]
AADR,[0.19512622]
FONE,[0.83478703]
FIEG,[1.05899143]
