Name,Riskiness R
PZD,[0.32537319]
GRID,[0.36106445]
FAN,[9.14551385]
ERX,[1.84573564e+09]
KOL,[4.61120576e+11]
