Name,Riskiness R
IBDN,[24007.81017461]
BSCO,[9.40949552e+08]
IBDC,[5.52201228e+11]
BSCK,[7.73510832e+11]
IBCD,[8.95997433e+11]
