Name,Riskiness R
IBCE,0.0009953912210075237
IBDD,0.001096356607965621
BSCO,0.0049348300981729275
IBCD,231433195825.82642
BSCK,1098365503906.6008
