Name,Riskiness R
DGL,[6.20377032e+11]
DGLD,[2.1887725]
DGP,[1.93092324e+12]
DGZ,[1.09477179]
DZZ,[1.82040671]
GLD,[4.49159881e+11]
GLL,[2.57362255]
IAU,[3.98544131e+11]
SGOL,[2.2710209e+11]
UBG,[1.67703052e+12]
UGL,[6.57735915e+11]
UGLD,[1.30275174e+12]
