Name,Riskiness R
DGZ,[1.09477179]
DZZ,[1.82040671]
DGLD,[2.1887725]
GLL,[2.57362255]
SGOL,[2.2710209e+11]
