Name,Riskiness R
DLBL,[3.19988877e+10]
DTUL,[3.73318823e+11]
DTYL,[6.35910914e+11]
SHV,[6.61188536e+11]
DTYS,[8.83784309e+11]
