Name,Riskiness R
DBO,[4.76671001e+12]
DTO,[1.13264227]
OLEM,[1.97146725e+12]
OLO,[3.62561133e+12]
SCO,[10.20985349]
SZO,[0.88219728]
UCO,[2.40575199e+12]
USL,[4.47617902e+12]
USO,[1.52718797e+13]
