Name,Riskiness R
DBO,14148628642183.133
DTO,1.1326422744100957
OLEM,3021370400035.8984
OLO,5902834135892.986
SCO,10.20985348917671
SZO,0.882197281430963
UCO,11627760110076.48
USL,1382189542359.185
USO,4438558983377.261
