Name,Riskiness R
SZO,0.882197281430963
DTO,1.1326422744100957
SCO,10.20985348917671
USL,1382189542359.185
OLEM,3021370400035.8984
