Name,Riskiness R
BTAL,1101575327223.5083
CHEP,0.0001911210377726412
CPI,872231444211.5366
FLAG,0.00017189264083576413
HDG,0.058287225506948426
MCRO,0.38330097277339714
MNA,0.0899137990694825
MOM,0.00017685825646667836
MRGR,90323997747.02173
QAI,0.1623393593623676
RALS,0.00041200871810461294
RLY,23505157768074.66
SIZ,0.0001857619728772516
WTMF,0.0003640696399506192
