Name,Riskiness R
HDG,[0.05828723]
MNA,[0.0899138]
FLAG,[0.09580296]
QAI,[0.16233936]
MCRO,[0.38330097]
