Name,Riskiness R
BIV,[5.09351173e+11]
XMPT,[5.78098261e+11]
HOLD,[7.54979094e+11]
BYLD,[7.60710032e+11]
ULST,[1.24859177e+12]
