Name,Riskiness R
FPXI,0.00016707484948093857
GDXS,0.0110362011413264
ROGS,0.6072644797959226
DZK,1.5592048703091095
FDTS,2.007366305960634
