Name,Riskiness R
PZA,[9.0785584]
ITM,[87.74124823]
PRB,[9.2271879e+11]
MUNI,[1.08142726e+12]
SUB,[1.25108604e+12]
