Name,Riskiness R
DUG,[1.85583603]
ERY,[2.65655606]
GRID,[6.20097789e+11]
PZD,[6.36456353e+11]
ICLN,[9.72570553e+11]
