Name,Riskiness R
ERUS,[4.5053679e+11]
FCOM,[6.86861485e+10]
FONE,[2.14131172]
IXP,[1.79099565e+12]
IYZ,[3.78090528e+11]
LTL,[2.46823574e+11]
VOX,[3.71544495e+11]
WBIF,[2.13738792e+12]
XTL,[9.51919553e+10]
