Name,Riskiness R
PXH,[0.15853363]
FNDE,[0.17069608]
DVYE,[0.19209874]
EEB,[0.19761774]
DEM,[0.20976799]
