Name,Riskiness R
ACWI,0.0001704425154014451
ACWV,0.00026494153140892406
ACWX,1789061802981.3442
CGW,0.0001999105412321406
CWI,0.00016661214191429353
DBEF,2923682543709.3447
DIM,0.00017777533961486512
DLS,0.00018431264394697317
DOL,0.00016611993963795967
DTH,0.0001663647763642793
DWM,0.00017009828164643158
DWX,4334262961492.894
EFA,0.0001703985936846905
EFAV,0.00023397801304222724
EFG,0.00017249310837003117
EFV,2572071507571.1973
EWS,1777938506424.1038
EZU,1346761973787.6177
FDT,2134448521219.869
FGD,0.00017836707304100792
FNDC,0.00017627052970601036
FNDF,5432867822328.473
GDX,41.4147250841475
GDXJ,1.7668427774986202
GII,0.00019854139319878651
GNR,1917242866758.7842
GUNR,1656745940517.334
GWX,1368430930321.2747
IDLV,0.00019714355126671456
IDOG,4236127212544.2173
IDV,3144997704528.3047
IEFA,0.00017126012393373828
IGF,0.0002467496467413094
IOO,2635051873939.8384
IQDF,0.00017346585713612893
IXC,2921392387497.3867
IXG,734800315986.3291
IXJ,0.00020125568288268994
IXP,3141093026419.071
IXUS,1770479742318.582
JNUG,0.002050907761469348
JXI,0.00022133478817653132
KXI,0.0002026766998155199
LIT,1991964193410.122
MOO,0.0001797537164827927
MXI,3776183147916.2754
NFRA,0.00022688063412421245
NUGT,0.002704180032131121
PDN,0.00017944106185883199
PICK,19571204450113.688
PID,1409555859996.164
PPH,0.0001744656639335168
PSP,1003317150450.8916
PXF,786297971397.5945
ROBO,2407436862951.755
RXI,0.00016650269764277969
SCHC,0.0001831044318670907
SCHF,0.00016948617667025126
SCZ,0.00018040598490751694
SDIV,0.0002148134616973569
SIL,3.1135079208439818
SMH,0.20734401912707273
SPDW,0.00016874383984368627
TAN,13112923858368.652
TLTD,0.00017371829352769502
URA,11204705467046.875
URTH,4711586897812.491
VEA,0.0001678996170484833
VEU,1971655106600.7397
VSS,0.00016751637595760862
VT,0.00016994315028386045
VXUS,0.00016686569577386705
WDIV,0.00019351289629109181
WOOD,6690217755205.093
