Name,Riskiness R
SZO,[0.17650815]
DTO,[0.28554754]
SCO,[0.37088137]
UCO,[6.55939316e+11]
USL,[2.82868725e+12]
