Name,Riskiness R
SZO,[0.24863648]
DTO,[0.33643202]
SCO,[0.44875887]
UCO,[1.79477443e+11]
OLEM,[2.8489372e+12]
