Name,Weight
Technology Equity ETF List (75),0.2497606983218287
Financials Equity ETF List (51),0.29654150536466817
Developed Markets ETF List 2 (100),0.14223468452384144
Industrials Equity ETF List (37),0.17651988476885772
Developed Markets ETF List 1 (100),0.13494322702080402
