Name,Riskiness R
BIL,6.424042632300394e-05
DFVL,0.000183994015713075
DFVS,874119555634.7683
DLBL,0.0001959367247822403
DLBS,2937833403036.6885
DTUL,0.00017561426379270574
DTUS,0.00025499661056161424
DTYL,2232085953092.2666
DTYS,33.207930037744724
EDV,573739076430.7751
FLAT,0.00022476510266864104
GOVT,2176456809688.5151
IEF,0.000791754062315878
IEI,3118997910071.049
ITE,4729264227216.748
PLW,0.0002776695772228968
PST,0.0010833121133122863
RISE,2670170229691.416
SCHO,2.118958032925085e-05
SCHR,3065600624807.0957
SHV,7.992807892983807e-05
SHY,1.9702147231606358e-05
SPTL,1677482969391.1865
SPTS,2070698687574.732
STPP,0.0001663463496748195
TAPR,3287310509809.626
TBF,0.0003356624761781785
TBT,8077168043717.199
TBX,2478738400526.0283
TLH,0.0003385650092725037
TLT,2116466272046.3796
TMF,1826858761815.1902
TMV,3138081234028.3086
TTT,1127165977785.7847
TUZ,1894965173527.8623
TYBS,0.00035449057641726657
TYD,1663387458557.0562
TYNS,0.00027620022642244654
TYO,0.00022078559318678009
UBT,877899061930.24
UST,0.00017989629580503663
VGIT,1939969922313.7522
VGLT,0.0001687736549817321
VGSH,1.8517745335165388e-05
ZROZ,2441371588870.6216
