Name,Riskiness R
DTYS,[33.20793003]
DTUS,[3.65207824e+11]
TMF,[3.85902155e+11]
SCHO,[5.35798428e+11]
DLBS,[5.72374121e+11]
