Name,Riskiness R
VGSH,1.8517745335165388e-05
SHY,1.9702147231606358e-05
SCHO,2.118958032925085e-05
BIL,6.424042632300394e-05
SHV,7.992807892983807e-05
