Name,Riskiness R
ACWI,0.0001704425154014451
ACWV,0.00026494153140892406
ACWX,1205522845364.3137
CGW,0.0001999105412321406
CRBN,0.00016788157729159898
CWI,0.00016661214191429353
DBEF,2635912712744.7617
DIM,0.00017777533961486512
DLS,0.00018431264394697317
DOL,0.00016611993963795967
DTH,0.0001663647763642793
DWM,0.00017009828164643158
DWX,996820973412.2078
EFA,0.0001703985936846905
EFAV,0.00023397801304222724
EFG,0.00017249310837003117
EFV,1173769067843.197
EWS,2733403029594.315
EZU,57695506155.158936
FDT,2.3777704106295676
FGD,0.00017836707304100792
FNDC,0.00017627052970601036
FNDF,128277153440.5955
GDX,1.3071158546816757
GDXJ,0.6509911028187321
GII,0.00019854139319878651
GNR,58508841501.06497
GUNR,529604579708.9017
GWX,0.00017490648039007834
HEFA,2322742312052.129
HEZU,401519783020.52563
IDLV,0.00019714355126671456
IDOG,665723196918.3273
IDV,2101145295159.5835
IEFA,0.00017126012393373828
IGF,0.00024674964674129744
IHDG,435371791153.78564
IOO,0.9263955958590548
IQDF,0.00017346585713612893
IQLT,0.00016713327393840842
IXC,856168760125.3474
IXG,0.5426102751802442
IXJ,0.00020125568288268994
IXP,0.00030544879523048795
IXUS,112637164448.42795
JNUG,0.0024067337245112547
JPGE,0.00019065882326491063
JPIN,0.00019677196946370356
JXI,0.0002234701313856139
KXI,0.0002026766998155199
LIT,0.22291734155877607
MOO,0.0001797537164827927
MXI,1.181169904573741
NFRA,0.00022688063412421245
NUGT,0.0026141499540090233
PDN,0.00017944106185883199
PICK,1.5199788537485828
PID,1221169449697.1814
PPH,0.0001744656639335168
PSP,0.6543326505818455
PXF,1213055914865.7983
QEFA,0.00018305451591398724
ROBO,0.12288914954065007
RODM,0.00017293776607047207
RXI,0.00016650269764277969
SCHC,0.0001831044318670907
SCHF,0.00016948617667025126
SCZ,0.00018040598490751694
SDIV,0.0002148134616973569
SIL,1.0431356299171435
SMH,0.1169300020152713
SPDW,0.00016874383984368627
TAN,49244045572166.945
TLTD,0.00017371829352769502
URA,3512683888057.9746
URTH,2.7706728730134125
VEA,0.0001678996170484833
VEU,288264264803.97345
VSS,0.00016751637595760862
VT,0.00016994315028386045
VXUS,0.00016686569577386705
WDIV,0.00019351289629109181
WOOD,0.2863514585465343
XT,0.00016731214753625912
