Name,Riskiness R
CHIM,0.7728583845443556
COPX,1.8940462978876833
CROP,0.0001899245216670194
CUT,280344582408.9378
DUST,0.002407414510679608
FLM,0.00016843642362763866
FMAT,199659881239.73138
FTAG,43014591680221.86
FTRI,6938084154525.355
FXZ,0.552561003703448
GDX,2.8441190439519217
GDXJ,0.9150412890303421
GDXS,0.011036201235156503
GDXX,0.0018433631169587966
GNR,337833291806.9202
GOEX,0.6716702608147154
GRES,0.00018657335716784084
GUNR,855767666603.4004
HAP,0.00016610993727711443
IGE,4499206047515.896
ITB,0.1992348946654522
IYM,174796562334.68732
JDST,0.002883650289504314
JNUG,0.0024067337245112547
LIT,0.22378576407457174
MOO,0.0001797537164827927
MXI,233540638244.8169
NUGT,0.0026141499540090233
PAGG,1207471085180.5354
PICK,70342696237.92017
PKB,0.2579495065140566
PSAU,4.66247433651615
PSCM,1.9502013244547698
PYZ,179498727236.43915
REMX,236675517508.35925
RING,3.7486113419861744
RTM,18914053767.588684
SBM,4837567885826.659
SGDM,5.092781472291546
SIL,2.065172357983069
SILJ,0.8540957936928608
SLVP,1.7094632770754827
SLX,0.724756697303832
SMN,6171425109846.762
SOIL,3613207121861.897
URA,5741118728998.822
UYM,0.8544904635731926
VAW,120885354942.37025
VEGI,2831866362985.1343
WOOD,1.180397435068095
XHB,406466251360.9898
XLB,269708203972.45297
XME,1.8840441806251713
