Name,Riskiness R
CBND,[1.64490002e+12]
CORP,[2.57662632e+10]
GSY,[1.51046208e+12]
ICSH,[2.0372568e+12]
IGHG,[2.65628803e+12]
IGIB,[4.74030217e+12]
IGSB,[2.39008588e+12]
LDRI,[2.13795541e+12]
LQD,[38740466.80568597]
LQDH,[2.27118611e+12]
PFIG,[2.91545986e+12]
QLTA,[2.07339011e+12]
SKOR,[2.47421519e+12]
SLQD,[2.21584784e+12]
SPIB,[2.10754194e+12]
SPLB,[1.03262814e+12]
USIG,[3.11353448e+12]
VCIT,[7.09955662e+11]
VCLT,[1.16124067e+12]
VCSH,[1.14286581e+12]
