Name,Riskiness R
CBND,[0.04099253]
CORP,[0.02987402]
GSY,[0.00127381]
ICSH,[0.00602994]
IGHG,[0.03403095]
IGIB,[0.01841114]
IGSB,[0.00469458]
LDRI,[0.02947294]
LQD,[0.04479557]
LQDH,[0.02907247]
PFIG,[0.02608564]
QLTA,[0.03664658]
SKOR,[0.02320109]
SLQD,[0.0100104]
SPIB,[8.43120195e+08]
SPLB,[0.0806658]
USIG,[0.03401084]
VCIT,[0.03009283]
VCLT,[0.07817266]
VCSH,[0.00948076]
