Name,Riskiness R
IGM,0.00016893755325876172
TDIV,0.00017448427085431256
IXN,0.0001775362673452528
SCID,0.0001796728421987305
FTEC,0.00018538746495233913
