Name,Riskiness R
EMQQ,0.3993618855771675
FEMS,0.8093363356167252
XSOE,1.0332005783292826
EDC,1.1139584823936308
EET,1.1269089555046994
