Name,Riskiness R
ECON,[7.98283162e+11]
EMCG,[1.44598373e+12]
FSTA,[5.50512742e+12]
FXG,[8.86972456e+11]
IYK,[4.58509443e+11]
KXI,[4.09318551e+11]
PBJ,[7.44567732e+11]
PSCC,[0.37819689]
PSL,[2.88529315e+11]
RHS,[1.4526532e+12]
SZK,[4.71103353e+12]
UGE,[0.41375474]
VDC,[3.91275607e+11]
WBID,[3.5142012e+12]
WBIE,[7.79968244e+12]
WBIL,[2.84190852e+12]
XLP,[1.3967984e+12]
