Name,Riskiness R
CQQQ,[0.2177303]
KWEB,[0.24786851]
CXSE,[0.257762]
EMQQ,[0.27344927]
PGJ,[0.34028661]
