Name,Riskiness R
AIRR,[0.26368238]
CGW,[6.49536423e+09]
CHII,[4.46025821e+10]
EXI,[0.44761217]
FIDU,[0.32517384]
FIW,[0.21280966]
FXR,[0.95217722]
IEV,[6.82335614e+11]
ITA,[0.12219245]
IYJ,[0.26738889]
IYT,[1.57167198e+12]
PHO,[4.24799339e+11]
PIO,[3.72644304e+12]
PPA,[0.13210641]
PSCI,[0.3816391]
RGI,[0.47067522]
SEA,[9.4617456e+12]
SIJ,[2.40263263e+13]
UXI,[0.21476963]
VIS,[0.36197051]
XAR,[0.16471552]
XLI,[0.34046774]
XTN,[6.15210378e+11]
_PRN,[1.65563264]
