Name,Riskiness R
DBO,[3.50881634e+11]
DTO,[3.40534349e+12]
OLEM,[1.08021831e+12]
OLO,[5.20383735e+11]
SCO,[3.00320885e+12]
SZO,[7.57160666e+12]
UCO,[4.10392999e+11]
USL,[3.87269651e+09]
USO,[6.38994729e+11]
