Name,Riskiness R
HYS,[0.70793828]
HYLS,[3.0618948]
PGHY,[2570.11336443]
SHYG,[602763.72695221]
UJB,[3.23203933e+11]
