Name,Riskiness R
PGHY,[0.01796792]
RIGS,[0.02481969]
SHYG,[0.03178527]
ANGL,[0.03267732]
HYS,[0.03446855]
