Name,Riskiness R
FPE,[2.99741324e+11]
IPFF,[2.5557805e+12]
PFF,[1.17195564e+12]
PFXF,[7.64307413e+11]
PGF,[8.77886845e+11]
PGX,[7.84798037e+11]
PSK,[1.7909215e+11]
SPFF,[4.40226185e+12]
