Name,Riskiness R
SUB,1.7538023187996516e-05
PVI,4.033927649740859e-05
SHYD,0.0008655372903988935
RVNU,0.0011588302763229272
MLN,0.0029092520997315474
