Name,Riskiness R
WBIF,[0.0992313]
FONE,[0.10349501]
FCOM,[0.14180648]
XTL,[0.15400765]
ERUS,[0.26749848]
