Name,Riskiness R
USL,[4.97496923]
SCO,[126198.55315256]
UCO,[1.18764244e+10]
OLO,[1.37728515e+11]
DBO,[3.05857647e+11]
