Name,Riskiness R
DGL,0.0001733118366664595
DGLD,3047372598144.1963
DGP,863656641727.233
DGZ,0.0001785353757965786
DZZ,2945294667001.4263
GLD,0.00018321940545114543
GLL,2427355473928.603
IAU,0.00018445291841975901
OUNZ,0.00018080639983367207
SGOL,0.00018235798610584088
UBG,1227840414286.0078
UGL,4175090999900.546
UGLD,2523130419949.843
