Name,Riskiness R
OUNZ,[5.55142351e+11]
DGL,[9.3616888e+11]
UBG,[1.37065973e+12]
IAU,[1.55047688e+12]
DGZ,[1.77105046e+12]
