Name,Riskiness R
ENZL,[0.07260406]
DFJ,[0.07860642]
ISCF,[0.08121996]
DLS,[0.08134786]
SCJ,[0.08244499]
