Name,Riskiness R
ENZL,[0.17494006]
DFJ,[0.23497057]
SCJ,[0.29426556]
EWY,[0.44937499]
KORU,[0.61079419]
