Name,Riskiness R
AAXJ,16.577120978940098
ADRE,1.6921223786651152
AIA,0.4328868094696634
ASEA,1614502886396.0564
ASHR,5.068601105559165
ASHS,20.06690705743544
AXJV,0.0034034213042037605
CHIE,7109191642341.943
CHII,2.9384045225221445
CHIM,0.4646435063857375
CHIQ,0.47261564721391336
CHIX,1.84827010420686
CN,0.7414592694555449
CNXT,3.126197058368132
CQQQ,0.2447273701560993
CXSE,0.259784991993714
DBEM,312187616815.42596
DEM,695223095541.1409
DGRE,721702946330.4817
DGS,20.62077549561466
ECNS,26831107462.681473
EDC,0.969601497900389
EDIV,1411401076962.4353
EDZ,293405948.48308915
EEM,56699748357.76703
EEMA,1.9618033398587973
EEMV,1733408321170.3892
EET,0.8922412166764879
EEV,11245950684628.973
EIDO,2062629750280.2876
EMQQ,0.26522843843782246
EPHE,3747019796651.944
EPI,77398172698.0185
EUM,5427604151739.332
EWM,630100.395372933
EWX,210184243099.93164
FCA,0.6014778613950764
FEM,0.5719009155129702
FEMS,0.3844807280477114
FNI,0.602529855659842
FXI,305603288073.34845
FXP,4650910141777.329
GMF,1.3931106300135498
GXC,0.564512695771315
HAO,8.444214381878364
IDX,3015144910458.851
INCO,0.6529396739246971
INDA,0.00017137582178185917
INDL,1.6181906886062374
INDY,947943324839.9987
INXX,78960772184.1342
KBA,236101.88517077116
KFYP,0.4896197506734141
KWEB,0.24154075633024696
MCHI,0.6540073779225758
PEK,106075419578.73926
PGJ,0.2792573271322872
PIE,245147992231.0982
PIN,733810982035.0223
SCIF,0.6579006149474148
SCIN,2.8577179238621584
SMIN,0.36160156816227895
SPEM,46079746353.99913
THD,1662497794006.9258
VNM,5332196893370.228
VWO,98618560289.6144
XPP,1.357181271841072
YANG,0.010511976104420978
YAO,0.9612760285844588
YINN,0.018695312243711407
YXI,6991482027247.312
