Name,Riskiness R
KWEB,[0.24154076]
CQQQ,[0.24472737]
CXSE,[0.25978499]
EMQQ,[0.26522844]
PGJ,[0.27925733]
