Name,Riskiness R
IHI,[0.05715855]
XHE,[0.08257813]
PSCH,[0.0921558]
XLV,[0.13447258]
RYH,[0.13914837]
