Name,Riskiness R
PSCU,[0.22941529]
UPW,[0.41732954]
PUI,[2.86313347e+10]
INXX,[8.74979526e+10]
IDU,[1.39654598e+11]
