Name,Riskiness R
IBDQ,603969648.4244395
BSCO,1003565787.8093064
IBCD,796611126404.9827
IBDN,954300565008.2737
IBDL,959669731943.6389
