Name,Riskiness R
SVXY,2.430849544240992
TVIX,0.00354771819092352
UVXY,0.0030357288885932672
VIIX,6221120225117.332
VIXM,4861041200100.994
VIXY,15900532954051.309
XVZ,10149305139210.973
ZIV,0.5383932597332609
