Name,Riskiness R
EMIF,5224348332302.989
FUTY,0.00022377496275939035
FXU,0.00023413465032943775
GII,0.00019854139319878651
IDU,0.00020985260354016688
IGF,0.00024674932382603385
INXX,1656340289592.582
JXI,0.0002213349189903066
PSCU,0.0002417042589223813
PUI,0.00023437163629672273
PXR,730070202913.7177
RYU,0.0002910250149353402
SDP,6990314709202.828
TOLZ,0.00019996244203376084
UPW,0.3123638965795583
VPU,0.00021237485785383437
WBIC,0.00021083252698144507
XLU,0.00020898988680859493
