Name,Riskiness R
BSCJ,1623387334752.556
BSCK,1605981800412.4377
BSCL,2693857584823.471
BSCM,2174887024650.1426
BSCN,2683324257545.8135
BSCO,0.004752540121865102
IBCD,320341289196.6625
IBCE,0.0009953868171054209
IBDC,495879825659.16077
IBDD,0.0010963565874967287
IBDL,3817855520544.9204
IBDM,1270274474426.2065
IBDN,24813.221330886157
