Name,Riskiness R
FLM,0.00016843651789822682
PEX,0.00018944531430422447
CROP,0.0001899245216670194
EFO,19081546.719783187
DPK,866160952909.3508
