Name,Riskiness R
ERUS,0.29653313548416493
FCOM,0.00017970873230091614
FONE,0.16373273722998807
IXP,0.00017081420465481787
IYZ,0.00016879985478342004
LTL,7772578185270.311
VOX,0.00018110091030765308
XTL,0.1561372490283093
