Name,Riskiness R
IYZ,0.00016879985478342004
IXP,0.00017081420465481787
FCOM,0.00017970873230091614
VOX,0.00018110091030765308
XTL,0.15613724902830944
