Name,Riskiness R
CRAK,[0.10425869]
KOL,[0.16088543]
PZD,[0.17803291]
GRID,[0.21862163]
QCLN,[0.39272485]
