Name,Riskiness R
FLM,[0.37496834]
FDTS,[0.4267873]
CROP,[0.44083125]
DZK,[0.90318294]
EFO,[1.22527451]
