Name,Riskiness R
AUSE,1.0961381271751482
DBJP,472807778226.23444
DBKO,0.00017723347836655064
DFJ,0.29994339641891316
DIM,0.00018200170975636617
DLS,0.0001843266786716893
DOL,0.00016611993963795967
DOO,0.00017910352585446588
DTH,0.0001663647763642793
DVYA,205382034360.04852
DWM,0.00017009828164643158
DXJ,233751270390.2979
DXJF,712043685021.3815
DXJS,0.7080043855127514
ENZL,0.15333313058567064
EPP,1.8949200251627147
EWA,1.298497001587704
EWH,1.0367818049981548
EWJ,0.00017031154080604443
EWS,1257550522624.7239
EWT,0.6628531163964814
EWV,5058664438151.135
EWY,0.0001729900884241411
EZJ,1.0515133871948459
FAUS,0.5151981104245421
FDT,0.00017739121536543742
FDTS,92977065423.56094
FHK,413224271820.1586
FJP,441391121567.57965
FKO,0.00020485694858017627
FNDC,0.00017627052970532392
FNDF,244306742927.5045
FPA,0.00017416510350453027
GWX,0.00018397310896504723
HAUD,1.5359143035091147
HEWJ,636340708290.5696
HEWY,0.5144960404399745
HFXJ,382684389099.95856
IDHQ,0.00018863907499291175
IDOG,651342435204.034
IPAC,0.0001709752967352643
ISCF,0.503890022144252
IVAL,0.0001870515680186411
IVLU,0.00020147807001946687
JHDG,370177275912.11426
JPIN,0.0001967721656188141
JPMV,0.0001859776436958729
JPN,129415567529.56166
JPNL,0.7438960095742208
JPXN,0.00017201119004811377
KORU,0.8312886417746279
PAF,0.9797367266808187
PDN,0.00017944106185883199
PXF,413204425439.5718
SCIJ,26148604243.483463
SCIX,0.5995846689570965
SCJ,0.00016950970812003543
VPL,0.00016958076354625293
