Name,Riskiness R
PGHY,[0.01792062]
RIGS,[0.02094017]
SHYG,[0.02719008]
ANGL,[0.02889836]
HYLS,[0.03101621]
