Name,Riskiness R
UCO,0.0018137521549184393
DTO,0.0026724881182149107
SCO,0.003076120444133623
SZO,0.22162959284163666
USL,21003795764658.44
