Name,Riskiness R
CBND,[1.75809657e+12]
CORP,[2.5980633e+10]
GSY,[2.4709483e+12]
ICSH,[1.67872576e+12]
IGHG,[3.87026712e+12]
IGIB,[3.64715105e+12]
IGSB,[1.86381832e+12]
LQD,[36678479.64130494]
PFIG,[3.26698801e+12]
QLTA,[2.79392501e+12]
SLQD,[2.05751933e+12]
SPIB,[3.18110138e+12]
SPLB,[1.0007917e+12]
USIG,[3.92274397e+12]
VCIT,[2.0193412e+12]
VCLT,[5.11497507e+11]
VCSH,[9.77239254e+11]
