Name,Riskiness R
GSY,[0.00197946]
IGSB,[0.00548813]
VCSH,[0.01147245]
ICSH,[0.01212952]
SLQD,[0.01321174]
