Name,Riskiness R
LQD,[36678479.64130494]
CORP,[2.5980633e+10]
VCLT,[5.11497507e+11]
VCSH,[9.77239254e+11]
SPLB,[1.0007917e+12]
