Name,Riskiness R
IBDC,[0.00577922]
IBCD,[0.00730447]
IBCE,[0.01425645]
BSCM,[0.06995208]
IBDD,[1.20459071]
