Name,Riskiness R
CRAK,[0.0606162]
HAWX,[0.09975442]
SOCL,[0.10488551]
FONE,[0.10735773]
VIDI,[0.10980166]
