Name,Riskiness R
PSCU,[0.30415159]
GHII,[0.30745924]
UPW,[0.41245483]
INXX,[0.69085637]
PUI,[0.88767487]
