Name,Riskiness R
EMIF,[0.31540287]
FUTY,[0.10033549]
FXU,[0.12700486]
GII,[0.13679559]
IDU,[0.11737183]
IGF,[0.14424834]
INXX,[0.30946523]
JXI,[0.17307994]
PSCU,[0.07010475]
PUI,[0.09551094]
PXR,[0.52286303]
RYU,[0.1086855]
SDP,[2.84809013e+12]
TOLZ,[0.25862361]
UPW,[0.23034869]
VPU,[0.10809091]
WBIC,[1.75457193e+11]
XLU,[0.11024607]
