Name,Riskiness R
EMQQ,[0.34453071]
FEMS,[0.36476136]
FNDE,[0.56336848]
XSOE,[0.62512923]
DGS,[0.62879568]
