Name,Riskiness R
Treasuries ETF List (51),2.7097486661783566e-05
Total Bond Market ETF List (82),9.815995142005185e-05
Developed Markets ETF List 1 (100),0.0001664921217305795
Developed Markets ETF List 2 (100),0.00017217320593417278
Consumer Discretionary Equity ETF List (31),0.00017262003747134274
