Name,Riskiness R
BJK,[0.64512576]
CARZ,[0.34956768]
CHIQ,[0.24259073]
FDIS,[0.07129637]
FXD,[0.14229988]
INCO,[0.14753019]
IYC,[0.06758537]
PBS,[0.14081184]
PEJ,[0.12885185]
PEZ,[0.18449298]
PMR,[0.38064225]
PSCD,[0.16776047]
RCD,[0.13986587]
RETL,[0.40247581]
RTH,[0.07739581]
RXI,[0.08582831]
SCC,[5.27328424e+12]
UCC,[0.13987666]
VCR,[0.07432681]
WBIA,[3.862869e+11]
XLY,[0.06600273]
XRT,[1.12920062]
