Name,Riskiness R
UCC,[0.26331526]
RTH,[0.35448667]
XLY,[0.38535953]
IYC,[0.49687799]
INCO,[0.59975731]
