Name,Riskiness R
RTH,[0.07153807]
IYC,[0.07182303]
XLY,[0.07394913]
FDIS,[0.08124071]
VCR,[0.08446425]
