Name,Riskiness R
VQT,[0.04746695]
PHDG,[0.04972172]
KBWP,[0.05975364]
RYF,[0.06332751]
FXO,[0.06542442]
