Name,Riskiness R
FPE,[3.02105449e+12]
IPFF,[1.3745819e+12]
PFF,[1.50636255e+12]
PFXF,[1.0004994e+12]
PGF,[4.06741536e+11]
PGX,[2.17513136e+12]
PSK,[9.18102326e+11]
SPFF,[8.30970293e+11]
