Name,Riskiness R
LABU,0.0017109079640222028
IBB,0.0017195344574523277
UBIO,0.002058670532191982
BIB,0.0033607439880155173
BBC,0.005332546934155425
