Name,Riskiness R
CBND,[5.1452895e+12]
CORP,[2.50525361e+10]
GSY,[1.00770154e+12]
ICSH,[1.29786303e+12]
IGHG,[4.62015915e+12]
IGIB,[3.19707928e+12]
IGSB,[1.49495976e+12]
LDRI,[2.22455529e+12]
LQD,[35733240.76310536]
LQDH,[1.11423666e+12]
PFIG,[2.17169715e+12]
QLTA,[4.0215278e+12]
SLQD,[2.49650063e+12]
SPIB,[2.73938295e+12]
SPLB,[5.33022884e+11]
USIG,[3.34378279e+12]
VCIT,[3.25695692e+12]
VCLT,[5.41695211e+11]
VCSH,[3.80601328e+12]
