Name,Riskiness R
CYB,[0.09651847]
FXE,[0.09923633]
CEW,[0.11412317]
FXY,[0.12777077]
INR,[0.1301473]
