Name,Riskiness R
CRAK,[0.05871662]
SOCL,[0.07747359]
AADR,[0.08662667]
FPXI,[0.08882072]
FONE,[0.08975467]
