Name,Riskiness R
BJK,[0.73363188]
CARZ,[3.04019076e+12]
CHIQ,[1.41773054]
FDIS,[3.56906842e+09]
FXD,[1.85064089e+12]
INCO,[1.24820408]
IYC,[3.18773831e+11]
PBS,[5.75663642e+11]
PEJ,[2.91754979e+11]
PEZ,[2.81688156e+12]
PMR,[1.79402731e+12]
PSCD,[7.93229086e+11]
RCD,[1.00511738e+12]
RETL,[27.30203952]
RTH,[6.10570792e+11]
RXI,[2.43368319e+12]
SCC,[7.38904817e+12]
UCC,[0.4788523]
VCR,[8.51033214e+10]
WBIA,[1.22956111e+12]
XLY,[0.78886235]
XRT,[1.80291352e+12]
