Name,Riskiness R
BJK,[0.14629649]
CARZ,[0.48590179]
CHIQ,[0.19828893]
FDIS,[0.09569201]
FXD,[0.25736546]
INCO,[0.14238321]
IYC,[0.09924313]
PBS,[0.29604071]
PEJ,[0.1641665]
PEZ,[0.52357674]
PMR,[1.31512612e+12]
PSCD,[0.38418787]
RCD,[0.27027259]
RETL,[1.16953855]
RTH,[0.11157582]
RXI,[0.12104219]
SCC,[6.27244517e+12]
UCC,[0.20655059]
VCR,[0.09969659]
WBIA,[1.37740779e+11]
XLY,[0.08526551]
XRT,[1.31737561e+11]
