Name,Riskiness R
CHIM,0.9280129615537639
COPX,4181956968351.053
CROP,0.0001899245216670194
CUT,349003870896.1023
DUST,0.002407414510679608
FLM,0.00016843642362763866
FMAT,478895125407.02606
FTAG,21548283871102.344
FTRI,9357186738406.92
FXZ,1106797789377.2446
GDX,105448382069.32724
GDXJ,1.427567592762879
GNR,3629522854536.4688
GOEX,0.747696799372987
GRES,0.00018657335716784084
GUNR,25267534460412.438
HAP,0.00016610993727711443
IGE,3857547361681.9717
ITB,13512037305.048704
IYM,1680861885607.3123
JDST,0.0028836502895043296
JNUG,0.002050907761469348
LIT,3299090420754.2607
MOO,0.0001797537164827927
MXI,1235578288642.0464
NUGT,0.002614613335392365
PAGG,3603095685146.1035
PICK,2140455546584.5417
PKB,1.431093683161133
PSAU,1465912149949.4023
PSCM,2118683020445.3464
PYZ,346838156311.3604
REMX,2184373337815.5608
RING,53771163035.57824
RTM,476725584340.9166
SBM,5641092263104.288
SIL,4.278881481575128
SILJ,0.8318680522712711
SLVP,2.2609244610409966
SLX,1129300196102.2258
SMN,2369875070772.763
SOIL,2857917447400.6016
URA,4122034140511.6426
UYM,279373501011.1012
VAW,2444005310077.647
VEGI,1639602562418.9321
WOOD,183327061614.2975
XHB,466460207970.6646
XLB,7445579958130.926
XME,2109658201906.1099
