Name,Riskiness R
DGL,[0.15395717]
DGLD,[1.01589857e+13]
DGP,[0.30171195]
DGZ,[7.08593644e+12]
DZZ,[8.00446877e+12]
GLD,[0.13126302]
GLL,[6.82426895e+12]
IAU,[0.12813167]
OUNZ,[0.13363661]
SGOL,[0.1317122]
UBG,[0.17795986]
UGL,[0.30428496]
UGLD,[0.46252633]
