Name,Riskiness R
IHDG,[0.11612239]
AIA,[0.19917902]
EEMA,[0.30412277]
FPA,[0.30649985]
DBAP,[0.31291595]
