Name,Riskiness R
DBO,[2.19904028e+11]
DTO,[1.47523777]
OLEM,[1.59105939e+11]
OLO,[7.92580082]
SCO,[32012.70076614]
SZO,[0.73336139]
UCO,[5.41446786e+11]
USL,[1.81514695]
USO,[5.05282538e+11]
