Name,Riskiness R
SVXY,0.3876940098439852
TVIX,0.003547718190922085
UVXY,0.003035728888593267
VIIX,20260641972785.035
VIXM,5126674696295.137
VIXY,6811742794124.718
XVZ,0.0001756471284916838
ZIV,0.2230968392812003
