Name,Riskiness R
SVXY,0.002452268833441212
TVIX,5.236843023878101
UVXY,2.208094585682783
VIIX,88967250134554.8
VIXM,19537572101367.39
VIXY,2.536805013782585
XVZ,15545710534204.283
ZIV,0.4226921505873512
