Name,Riskiness R
SVXY,[0.92148466]
TVIX,[5.23684302]
UVXY,[2.20809459]
VIIX,[7.90686792e+13]
VIXM,[8.01847665e+12]
VIXY,[2.53680501]
XVZ,[1.01015695e+13]
ZIV,[0.42269215]
