Name,Riskiness R
ZIV,[0.42269215]
SVXY,[0.92148466]
UVXY,[2.20809459]
VIXY,[2.53680501]
TVIX,[5.23684302]
