Name,Riskiness R
DFJ,[0.38706879]
DXJS,[0.49156367]
SCJ,[0.70311148]
JPNL,[1.34417468]
EZJ,[2.21574538]
