Name,Riskiness R
DBO,23575032603423.766
DTO,0.0026724881182149107
OLEM,20986525302638.76
OLO,24971445589382.094
SCO,0.003076120444133623
SZO,0.20422211386774416
UCO,0.0018137521549184393
USL,11803386575255.07
USO,19946471274041.3
