Name,Riskiness R
XLK,[0.05466821]
RYT,[0.05788215]
IGM,[0.05808878]
SKYY,[0.05892361]
IXN,[0.05896908]
