Name,Riskiness R
DIVY,[0.02393527]
MNA,[0.02423862]
CPI,[0.02534798]
MCRO,[0.02974417]
QMN,[0.0467714]
