Name,Riskiness R
FMB,[0.01401061]
ITM,[0.0281216]
MLN,[0.03728022]
MUB,[0.02140175]
MUNI,[0.02230043]
PRB,[0.29841379]
PVI,[7.25518589e+09]
PZA,[0.02175584]
RVNU,[0.03950372]
SHM,[0.01469666]
SHYD,[0.05193971]
SMB,[0.02400173]
SMMU,[0.02635426]
SUB,[0.01160822]
TFI,[0.02751421]
