Name,Riskiness R
FMB,[3.06712829e+12]
ITM,[82.43489528]
MLN,[5.51644734e+12]
MUB,[1.84368932e+12]
MUNI,[2.3500104e+12]
PRB,[1.85660016e+12]
PVI,[7.24094802e+11]
PZA,[9.15900266]
RVNU,[6.27800709e+11]
SHM,[1.25081786e+12]
SHYD,[1.58296094e+12]
SMB,[2.41155039e+12]
SMMU,[1.97042039e+12]
SUB,[2.02113287e+12]
TFI,[3.1229615e+12]
