Name,Riskiness R
WBIF,[0.04762817]
XTL,[0.09467042]
FONE,[0.09544588]
FCOM,[0.12157922]
VOX,[0.22355606]
