Name,Riskiness R
DGL,0.0001733118366664595
DGLD,6020631974428.44
DGP,1363584865833.3953
DGZ,0.0001785353757965786
DZZ,3883977465184.473
GLD,0.00018321940545114543
GLL,3892101628945.372
IAU,0.00018445291841975901
OUNZ,0.00018080639983367207
SGOL,0.00018235798610584088
UBG,496437569240.13586
UGL,1673846439846.456
UGLD,246318825043.18793
