Name,Riskiness R
IHDG,[0.08598281]
AIA,[0.12214881]
FPA,[0.14415967]
VXUS,[0.15204905]
VEU,[0.1540275]
