Name,Riskiness R
AGG,1121980106491.652
AGGY,1497548864558.21
AGND,1701121679675.7847
AGZD,3997804066304.747
BIV,1471887457143.9744
BLV,0.00020585671325152734
BND,1293562057547.8062
BNDX,1264846843279.6917
BOND,1604576357869.5771
BSV,1870710359571.485
BYLD,2073788423571.21
FBND,1599444258237.5874
FCOR,1046035454785.4509
FLTB,1995074531058.7593
FTSD,2925023812611.996
FWDB,1495381278870.2473
GBF,1136078268970.0833
GVI,3975750727974.4453
HOLD,1.7859291014474318e-05
ILTB,0.00023120582482986143
ISTB,832224566205.8181
IUSB,3010648605423.039
KCNY,0.19896711808665032
LDUR,2193281559789.0168
MINC,1328908591866.049
MINT,3.32724177628674e-05
NEAR,3.132399061805156e-05
RAVI,2.7728687748442258e-05
SAGG,3054845731488.084
SCHZ,4236357765543.567
SPAB,3478412824000.4434
TOTL,2251460820261.5127
ULST,2.0925975198065554e-05
VBND,3391216763279.0244
WYDE,0.0007166124905214671
XMPT,0.0005508324044996816
