Name,Riskiness R
DGL,[2.33249195e+12]
DGLD,[6.00413412e+12]
DGP,[2.74136475e+11]
DGZ,[8.30810342e+12]
DZZ,[1.05269914e+13]
GLD,[7.81117806e+11]
GLL,[3.29133958e+12]
IAU,[2.37360788e+12]
OUNZ,[1.35015706e+12]
SGOL,[2.23271992e+11]
UBG,[3.43062111e+11]
UGL,[5.36843149e+11]
UGLD,[5.97947653]
