Name,Riskiness R
RYF,[0.10097923]
XLF,[0.10807795]
VFH,[0.15865904]
FNCL,[0.16882293]
KBWP,[0.17281841]
