Name,Riskiness R
FPXI,0.00016707484948093857
SOIL,0.00019433009162900188
GDXS,0.011035785563744448
ROGS,0.2504248398961691
GSD,0.28839235011494246
