Name,Riskiness R
KCNY,[0.24243821]
NFLT,[58.24964809]
MINT,[6.34351071e+11]
FWDB,[8.568506e+11]
IUSB,[8.91590569e+11]
