Name,Riskiness R
PVI,[0.00740875]
MEAR,[0.00940329]
FMB,[0.01335033]
SUB,[0.01394502]
VTEB,[0.01965749]
