Name,Riskiness R
DBA,0.00016633033775356515
FTGC,0.0001830076752425884
GCC,0.00018326992300425138
USCI,0.0002533031593253167
UCO,0.0018137521549184393
