Name,Riskiness R
ITA,[0.38212906]
PPA,[0.48423289]
XAR,[0.5190521]
UXI,[0.61841146]
CHII,[1.37738209]
