Name,Riskiness R
GSY,[0.00128362]
IGSB,[0.00460842]
ICSH,[0.00556648]
VCSH,[0.00884975]
SLQD,[0.00984777]
