Name,Riskiness R
AAXJ,[0.15792017]
ACWX,[0.15293623]
ADRA,[0.16127732]
AIA,[0.12180268]
AXJL,[0.22359317]
AXJV,[0.90879578]
CHIQ,[0.18125231]
CWI,[0.14853405]
DBAP,[0.17565353]
DNL,[0.14285912]
EEMA,[0.16464252]
EMCG,[0.25673785]
FPA,[0.13111029]
FPXI,[0.1291399]
HEEM,[0.17670525]
IEMG,[0.16307876]
IHDG,[0.1321058]
IPOS,[0.43630731]
IQDE,[0.15553696]
IQDY,[0.1840658]
PAF,[0.17080412]
QEMM,[0.16444678]
REMX,[0.35683722]
VEU,[0.13932321]
VXUS,[0.14313138]
XSOE,[0.13332796]
