Name,Riskiness R
DFJ,[0.12123913]
SCJ,[0.13399065]
ENZL,[0.17903896]
DXJS,[0.21389779]
EWH,[0.23000368]
