Name,Riskiness R
SZO,[0.55382164]
DTO,[0.92905687]
SCO,[5.16577534e+12]
UCO,[7.12041737e+12]
OLEM,[7.19369664e+12]
