Name,Riskiness R
PSCU,[0.06511941]
FUTY,[0.08211881]
XLU,[0.08618397]
RYU,[0.08708161]
VPU,[0.08811815]
