Name,Riskiness R
DGS,[0.10532376]
EWX,[0.11001209]
TLEH,[0.11035612]
FNDE,[0.11286923]
EELV,[0.11625366]
