Name,Riskiness R
ERUS,[18.35022873]
FCOM,[0.13257687]
FONE,[0.14723745]
IXP,[0.1812365]
IYZ,[0.25430811]
LTL,[0.52592514]
VOX,[0.15256969]
XTL,[0.13228498]
