Name,Riskiness R
PSCU,[0.2384029]
UPW,[0.53695819]
INXX,[9.26724378e+10]
IGF,[1.78171615e+11]
GHII,[2.19134026e+11]
