Name,Riskiness R
CARZ,[0.26549948]
CROP,[0.10506813]
DPK,[5.82322364e+12]
DZK,[0.60025217]
EFO,[0.41956238]
EFU,[4.34605126e+12]
FDTS,[0.12252451]
FLM,[0.13322455]
FPXI,[0.12191214]
FTAG,[1.04860134e+12]
FTRI,[1.01094465]
GDXS,[8.66190398e+12]
HGI,[0.20030973]
IDMO,[0.482141]
IPO,[0.20607386]
PAGG,[0.87068665]
PEX,[0.21358746]
ROGS,[0.09261795]
SCID,[0.14986311]
SMCP,[0.66414993]
SOIL,[1.19086865]
YLCO,[0.93568708]
