Name,Riskiness R
FPXI,0.00016707484948093857
GDXS,0.011036201141327067
ROGS,0.5071011324712458
DZK,1.7987311498961438
FDTS,1.9096068361474026
