Name,Riskiness R
XLK,[0.05884006]
IGM,[0.05964646]
RYT,[0.05975784]
XNTK,[0.06241048]
IXN,[0.06274332]
