Name,Riskiness R
SVXY,0.45743968714917
TVIX,0.003547718190922085
UVXY,0.003035728888593267
VIIX,21730707353458.836
VIXM,10559731128021.346
VIXY,21856574245143.246
XVZ,0.0001756471284916838
ZIV,0.33211628781854624
