Name,Riskiness R
AGF,24908863034791.203
AGQ,1.6554888838891342
BCM,0.0001682370316298669
BDD,0.21995886105680462
BNO,0.4130807196405541
BOIL,0.0019333127098058868
BOM,22371901.715917252
BOS,64.2718793824242
CANE,20989582474984.21
CORN,50578425536624.11
CPER,0.4124107453887384
DAG,12736024511445.191
DBA,0.00016633033775356515
DBB,0.00017375533777983624
DBC,0.7747993791557075
DBE,0.6886901344512452
DBO,1488731677364.7515
DBP,0.38815849225176774
DBS,1.5743186616155678
DDP,14985578974062.598
DGAZ,2.1018869938469993
DGL,0.3051339407340186
DGLD,0.013178376839017757
DGP,0.388006660549866
DGZ,16878597614781.99
DJCI,4140365888735.588
DJP,5653172237990.965
DSLV,0.0031185472502129664
DTO,0.009072577719896025
DYY,0.00571382318425228
DZZ,35201980521494.08
FTGC,0.0002393626989593205
FUD,7015998195329.264
FUE,6514388257389.99
GCC,0.00025132208601272483
GLD,0.1989097630525855
GLL,40076102379270.28
GLTR,0.21826484730589552
GRU,10578621726409.137
GSC,2905780802132.628
GSG,1062947841919.0696
GSP,3837577907814.617
IAU,0.1903342453086728
KOLD,0.001773442017468073
LD,0.5960007980581261
NIB,16713695154864.982
OLEM,23.11633900133769
OLO,628159333192.1768
OUNZ,0.19624674758404043
PALL,0.13123731614862247
PDBC,1.2072382360188774
PPLT,6329089187674.951
RJA,10538175304873.504
RJI,0.00019035218608119467
RJN,1.3061410040086665
RJZ,0.00016859611987565896
SCO,0.01067805772291994
SGOL,0.19810665010123485
SIVR,0.6957518740019432
SLV,0.742890931823708
SZO,14.550476903667487
TAGS,9339180061464.889
UAG,4389707779092.904
UBG,0.2093273239037419
UCI,0.00017888214884592845
UCIB,0.14611016876641875
UCO,0.0030356228998389477
UGA,18513717896007.832
UGL,0.4000050989730003
UGLD,1.2105687682187876
UNG,1.4782129451829848
UNL,1.1621805141131252
USCI,7187393061750.858
USL,1.261803795346036
USLV,1.2919581344088187
USO,2868665490209.9487
USV,399810274426.6205
ZSL,0.015516622701809304
