Name,Riskiness R
PALL,[0.13123732]
UCIB,[0.14611017]
DBB,[0.15411444]
IAU,[0.19033425]
OUNZ,[0.19624675]
