Name,Riskiness R
Treasuries ETF List (51),2.710056644450248e-05
Total Bond Market ETF List (82),5.3459780003293486e-05
Developed Markets ETF List 1 (100),0.0001664012119804299
Emerging Markets ETF List (79),0.0001679222661127777
Broad Asia ETF List (44),0.00017017067236638713
