Name,Riskiness R
ACWV,[0.04025512]
JPGE,[0.0511614]
FNDC,[0.054196]
XT,[0.05658028]
DLS,[0.05790308]
