Name,Riskiness R
AAXJ,[0.10504723]
ACWX,[0.09978041]
ADRA,[0.10791046]
AIA,[0.09100137]
AXJL,[0.1175569]
AXJV,[0.67075629]
CHIQ,[0.10896359]
CWI,[0.09609875]
DBAP,[0.08973343]
DNL,[0.08539425]
EEMA,[0.10805594]
EMCG,[0.1675792]
FPA,[0.10561146]
FPXI,[0.08526122]
HEEM,[0.1217781]
IEMG,[0.11822604]
IHDG,[0.08055606]
IPOS,[0.16133263]
IQDE,[0.1195192]
IQDY,[0.11634064]
PAF,[0.11690946]
QEMM,[0.10906554]
REMX,[0.194105]
VEU,[0.08906879]
VXUS,[0.08932041]
XSOE,[0.10125555]
