Name,Riskiness R
BICK,0.00016670454919961276
EMQQ,0.31064046890018443
FEMS,0.5588942801349496
FEM,0.6650632843071633
BKF,0.9545306037404327
