Name,Riskiness R
DGL,[1.37081097e+11]
DGLD,[33.07083412]
DGP,[6.10581485e+11]
DGZ,[5.77109486e+10]
DZZ,[2.44266966e+10]
GLD,[1.37183903e+11]
GLL,[1.37532324e+12]
IAU,[2.31623842e+11]
OUNZ,[1.01272532e+11]
SGOL,[9.29305137e+10]
UBG,[1.75193768e+11]
UGL,[3.92145604e+11]
UGLD,[4.46194408e+11]
