Name,Riskiness R
DGL,0.0001733118366664595
DGLD,4157158979872.144
DGP,7041253753197.599
DGZ,0.0001785353757965786
DZZ,3730373278807.57
GLD,0.00018321940545114543
GLL,3594257489146.4424
IAU,0.00018445291841975901
OUNZ,0.00018080639983367207
SGOL,0.00018235798610584088
UBG,4878881513932.218
UGL,4975091993663.749
UGLD,2245624934013.6455
