Name,Riskiness R
KBWP,[0.03970031]
KIE,[0.06829261]
RYF,[0.08167845]
IAK,[0.10038465]
FXO,[0.1029109]
