Name,Riskiness R
PALL,[0.69183999]
BDD,[0.72330892]
LD,[0.81964631]
KOLD,[0.97398442]
DGAZ,[1.42896887]
