Name,Riskiness R
ACWI,0.0001704425154014451
ACWV,0.00026494153140892406
ACWX,562896208472.9934
CGW,0.0001999105412321406
CWI,0.00016661214191429353
DBEF,3338575480626.837
DIM,0.00017777533961486512
DLS,0.00018431264394697317
DOL,0.00016611993963795967
DTH,0.0001663647763642793
DWM,0.00017009828164643158
DWX,2705641714725.5107
EFA,0.0001703985936846905
EFAV,0.00023397801304222724
EFG,0.00017249310837003117
EFV,1854664472718.784
EWS,2447753001698.363
EZU,810110749213.3611
FDT,2893652129320.6904
FGD,0.00017836707304100792
FNDC,0.00017627052970601036
FNDF,2612242679295.3047
GDX,152647097216.8089
GDXJ,2.153075394553614
GII,0.00019854139319878651
GNR,1263858909396.215
GUNR,986164563585.2487
GWX,458940125446.9952
HEFA,639292754463.4431
IDLV,0.00019714355126671456
IDOG,1665418265507.1636
IDV,3596666611513.326
IEFA,0.00017126012393373828
IGF,0.0002467496467413094
IOO,1000110697555.7375
IQDF,0.00017346585713612893
IXC,7850166069330.244
IXG,1730392904083.6992
IXJ,0.00020125568288268994
IXP,1111407416210.8726
IXUS,682016102124.927
JNUG,0.002050907761469348
JXI,0.0002213349189903066
KXI,0.0002026766998155199
LIT,876109506299.4521
MOO,0.0001797537164827927
MXI,1482417704961.0469
NFRA,0.00022688063412421245
NUGT,0.002614613335392365
PDN,0.00017944106185883199
PICK,2393025208394.3506
PID,1457258243325.9937
PPH,0.0001744656639335168
PSP,1308033981067.4958
PXF,14053746452550.795
ROBO,643567208892.8507
RXI,0.00016650269764277969
SCHC,0.0001831044318670907
SCHF,0.00016948617667025126
SCZ,0.00018040598490751694
SDIV,0.0002148134616973569
SIL,7.737509922990564
SMH,0.17399094425242104
SPDW,0.00016874383984368627
TAN,22255907354630.504
TLTD,0.00017371829352769502
URA,1765069588595.3083
URTH,669005830715.0712
VEA,0.0001678996170484833
VEU,608110559130.1615
VSS,0.00016751637595760862
VT,0.00016994315028386045
VXUS,0.00016686569577386705
WDIV,0.00019351289629109181
WOOD,432944549620.9329
