Name,Riskiness R
ZIV,[0.18024955]
SVXY,[0.86276735]
VIXM,[4.9712639e+12]
XVZ,[5.66345169e+12]
VIXY,[1.43134354e+13]
