Name,Riskiness R
BJK,[0.15405632]
CARZ,[0.55016586]
CHIQ,[0.23530587]
FDIS,[0.08197595]
FXD,[0.1716674]
INCO,[0.12680454]
IYC,[0.08492935]
PBS,[0.20994048]
PEJ,[0.15551848]
PEZ,[0.37430407]
PMR,[2.95700913e+11]
PSCD,[0.28175249]
RCD,[0.19384359]
RETL,[0.85844579]
RTH,[0.09695399]
RXI,[0.10829138]
SCC,[2.65278674e+12]
UCC,[0.18509298]
VCR,[0.08512019]
WBIA,[6.20615008e+10]
XLY,[0.07470927]
XRT,[2.19663849e+11]
