Name,Riskiness R
ERUS,[1.31244065]
FCOM,[1.52255182e+11]
FONE,[0.83479295]
IXP,[2.87448303e+12]
IYZ,[2.31709681e+12]
LTL,[8.08911573e+11]
VOX,[1.22854983e+12]
WBIF,[4.32006608e+12]
XTL,[4.05424479e+11]
