Name,Riskiness R
FXSG,[250301.20431822]
URR,[1.19576407e+11]
BZF,[2.83500642e+11]
INR,[3.46398177e+11]
FXE,[6.69690151e+11]
