Name,Riskiness R
PSI,[0.15135975]
PSCT,[0.17609976]
IGV,[0.18050757]
QTEC,[0.18520846]
SMH,[0.18999592]
