Name,Riskiness R
BSCJ,[0.01243203]
BSCK,[0.01537625]
BSCL,[0.01959287]
BSCM,[0.02454707]
BSCN,[0.02582566]
BSCO,[0.03623153]
IBCD,[0.01258141]
IBCE,[0.0227568]
IBDC,[0.01034769]
IBDD,[0.0223048]
IBDL,[0.0143756]
