Name,Riskiness R
BJK,[1.47985117]
CARZ,[0.31046877]
CHIQ,[0.23032169]
FDIS,[0.07111412]
FXD,[0.1466856]
INCO,[0.16149362]
IYC,[0.07599699]
PBS,[0.51551577]
PEJ,[0.14609759]
PEZ,[0.17214095]
PMR,[3.16878066e+12]
PSCD,[0.20592216]
RCD,[0.24651008]
RETL,[0.57698321]
RTH,[0.07288895]
RXI,[0.08939945]
SCC,[1.65022839e+13]
UCC,[0.14935278]
VCR,[0.06972657]
WBIA,[3.51201788e+12]
XLY,[0.07841341]
