Name,Riskiness R
FMB,[2.87363056e+12]
ITM,[2.04018618]
MEAR,[2.07451224e+12]
MLN,[2.07580881e+12]
MUB,[2.85946958e+12]
MUNI,[2.19531671e+12]
PRB,[1.70589119e+12]
PVI,[6.82208919e+11]
PZA,[10.08055915]
RVNU,[1.62985858e+12]
SHM,[1.59636154e+12]
SHYD,[1.86613543e+12]
SMB,[1.94438395e+12]
SMMU,[2.23559626e+12]
SUB,[1.56586772e+12]
TFI,[1.55050862e+12]
