Name,Riskiness R
XLY,[0.08145735]
FDIS,[0.08906985]
VCR,[0.08961786]
IYC,[0.09407889]
RXI,[0.10017378]
