Name,Riskiness R
UGE,[0.28506715]
PSCC,[0.33547669]
RHS,[0.34433576]
XLP,[0.73427467]
VDC,[0.89821687]
