Name,Riskiness R
ANGL,[5.38293317e+11]
CJNK,[2.98896842e+12]
GHYG,[1.38978919e+12]
HYG,[2.55599814e+12]
HYGH,[2.11873995e+12]
HYHG,[2.56319014e+12]
HYLD,[2.73811716e+12]
HYLS,[8.13993864e+11]
HYND,[8.061916e+12]
HYS,[5.84749067e+12]
HYZD,[4.04841817e+12]
JNK,[2.61602226e+12]
PGHY,[3085.83945377]
PHB,[9.69955908e+11]
RIGS,[2.67554614e+12]
SHYG,[1.94674373]
SJB,[1.33023817e+12]
SJNK,[1.41841741e+12]
UJB,[4.25902786e+11]
