Name,Riskiness R
ROGS,[1.88752911]
DZK,[5.49533369]
PEX,[8.14286295]
FDTS,[2.08859181e+10]
EFO,[2.58752252e+11]
