Name,Riskiness R
ANGL,[2.13249707e+11]
CJNK,[1.09372425e+12]
GHYG,[2.44997568e+12]
HYG,[6.92514866e+11]
HYGH,[2.71653586e+12]
HYHG,[8.91133704e+11]
HYIH,[1.83831671e+12]
HYLD,[1.2795845e+12]
HYLS,[2.860597]
HYND,[1.7814432e+12]
HYS,[0.5783261]
HYZD,[1.00528515e+12]
JNK,[6.71414618e+11]
PGHY,[2898.08600513]
PHB,[2.89875202e+12]
RIGS,[2.23321535e+12]
SHYG,[8.09468523e+09]
SJB,[5.33959648e+12]
SJNK,[2.14690976e+12]
UJB,[1.20052144]
WBII,[5.74809671e+11]
