Name,Riskiness R
ZIV,[0.52471197]
SVXY,[2.24672554]
VIXM,[4.34633414e+12]
VIIX,[6.5072778e+12]
VIXY,[7.22093876e+12]
