Name,Riskiness R
ZIV,[0.27264536]
SVXY,[1.42401871]
VIXM,[9.16116748e+11]
XVZ,[1.04954788e+12]
VIXY,[6.28417833e+12]
