Name,Riskiness R
FPE,0.00033425575375445663
IPFF,1510578651225.033
PFF,0.0006714184649215089
PFXF,0.0007725893863048216
PGF,0.00025440140593366913
PGX,0.00030636265361693235
PSK,0.000266815146280237
SPFF,0.0005322646969696241
