Name,Riskiness R
INCO,[0.15071223]
SMIN,[0.16004371]
INDY,[0.23630246]
EPI,[0.25484717]
SCIF,[0.297698]
