Name,Riskiness R
DRR,[0.44313463]
EUO,[0.58392334]
CEW,[94.78459995]
INR,[2.16802016e+11]
UUP,[3.13157464e+11]
