Name,Riskiness R
CBND,[3.92559157e+12]
CORP,[2.46577523e+10]
GSY,[1.52193869e+12]
ICSH,[1.90606876e+12]
IGHG,[1.53088378e+12]
IGIB,[2.0615883e+12]
IGSB,[1.62472241e+12]
LDRI,[3.00180197e+12]
LQD,[35868291.03734404]
LQDH,[1.90966741e+12]
PFIG,[2.15005952e+12]
QLTA,[3.07960275e+12]
SKOR,[4.08662355e+12]
SLQD,[2.6757568e+12]
SPIB,[2.11169571e+12]
SPLB,[1.61204958e+12]
USIG,[4.98466108e+12]
VCIT,[7.84674965e+11]
VCLT,[3.66255952e+11]
VCSH,[1.21998055e+12]
