Name,Riskiness R
RTH,[0.07206135]
IYC,[0.07250155]
XLY,[0.07433854]
FDIS,[0.08241126]
VCR,[0.0852254]
