Name,Riskiness R
UXI,[0.52572757]
PPA,[0.65153986]
ITA,[0.65196744]
XAR,[0.74959708]
AIRR,[2.84118057]
