Name,Riskiness R
ADRE,[0.61330269]
SCHE,[0.67280584]
VWO,[0.67459808]
SPEM,[0.69577168]
DGRE,[0.78827515]
