Name,Riskiness R
FMB,[0.01383986]
ITM,[0.02608174]
MLN,[0.03656425]
MUB,[0.02028677]
MUNI,[0.0199734]
PRB,[0.27545618]
PVI,[1.57782789e+10]
PZA,[0.02214698]
RVNU,[0.04091898]
SHM,[0.01135752]
SHYD,[0.04622343]
SMB,[0.01845889]
SMMU,[0.01963141]
SUB,[0.00806336]
TFI,[0.02678308]
