Name,Riskiness R
DBA,0.00016633033775356515
BCM,0.0001682370316298669
RJZ,0.00016859611987565896
DJP,0.0001725558434274444
DBB,0.00017375533777983624
