Name,Riskiness R
ERY,[1017.11420641]
EMLP,[2.9590132e+11]
DUG,[3.63573221e+11]
ATMP,[6.70424134e+11]
MLPG,[8.47046007e+11]
