Name,Riskiness R
DFJ,[0.04970982]
SCJ,[0.05189097]
JPMV,[0.06977186]
SCIJ,[0.07554194]
FNDC,[0.07561953]
