Name,Riskiness R
BJK,[0.2893766]
CARZ,[9.03817608e+11]
CHIQ,[1.00640586]
FDIS,[0.26749857]
FXD,[5.72646757e+11]
INCO,[0.42809534]
IYC,[0.33884625]
JHMC,[1.98432125e+11]
PBS,[6.08906725e+11]
PEJ,[4.58974409e+11]
PEZ,[8.10095853e+11]
PMR,[3.83587059e+12]
PSCD,[0.6820749]
RCD,[7.43214949e+11]
RETL,[1.05592707]
RTH,[0.30943108]
RXI,[5.28532525]
SCC,[2.40900494e+12]
UCC,[0.24845822]
VCR,[0.28295798]
WBIA,[1.11006196e+12]
XLY,[0.2290163]
XRT,[1.29816622e+12]
