Name,Riskiness R
ACWV,[0.05334893]
XT,[0.06798358]
JPGE,[0.07342465]
SMH,[0.07701894]
FNDC,[0.07738017]
