Name,Riskiness R
ITA,[0.11985047]
PPA,[0.12318804]
FIW,[0.14767524]
XAR,[0.15696417]
UXI,[0.25083723]
