Name,Riskiness R
BJK,[0.13044413]
CARZ,[0.41405315]
CHIQ,[0.18071904]
FDIS,[0.09430242]
FXD,[0.2205216]
INCO,[0.13577983]
IYC,[0.09427826]
PBS,[0.31388132]
PEJ,[0.15341436]
PEZ,[0.48557277]
PMR,[1.47017691e+11]
PSCD,[0.34821897]
RCD,[0.24056486]
RETL,[0.88656652]
RTH,[0.10374377]
RXI,[0.11545524]
SCC,[7.48807707e+12]
UCC,[0.21239269]
VCR,[0.09777708]
WBIA,[1.42712956e+11]
XLY,[0.08480416]
XRT,[1.72248271e+11]
