Name,Riskiness R
CHIM,695520082938.8428
COPX,1768319521086.2544
CROP,0.0001899245216670194
CUT,3742641947038.549
DUST,0.002407414510679608
FLM,0.00016843642362763866
FMAT,473163955964.92004
FTAG,17113658969711.217
FTRI,1821846743824.0127
FXZ,649201342629.9011
GDX,6087140144043.463
GDXJ,3977875722997.367
GNR,1801046758494.7573
GOEX,3052256525341.4272
GRES,0.00018657335716784084
GUNR,1757214474758.211
HAP,0.00016610993727711443
IGE,7604459031053.636
ITB,886779425968.1777
IYM,1879195344921.823
JDST,0.0028836502895038902
JNUG,0.002050907761469348
LIT,2019709979561.8638
MOO,0.0001797537164827927
MXI,1615088286159.8564
NUGT,0.002614613335392365
PAGG,16850156725308.5
PICK,2144326535278.1895
PKB,218242383520.36035
PSAU,2183112368471.814
PSCM,828668634644.2354
PYZ,966914207807.2241
REMX,3826092753304.7725
RING,5519028315521.483
RTM,353624457925.502
SBM,7157308318032.758
SIL,2148491995572.507
SILJ,1280021503299.4414
SLVP,3561320605775.7827
SLX,1178540154222.5945
SMN,7438631686476.725
SOIL,5435627949088.033
URA,31844642460313.164
UYM,1035425626675.9734
VAW,1257026234282.461
VEGI,728816676396.8959
WOOD,3158942300427.3765
XHB,996909725022.2397
XLB,1451689759820.8232
XME,1366989115599.111
