Name,Riskiness R
REM,[0.11885286]
GQRE,[0.13208256]
TAO,[0.13592589]
MORT,[0.13790091]
DRW,[0.14226305]
