Name,Riskiness R
FPE,[4.45004079e+11]
IPFF,[5.9696023e+12]
PFF,[2.24801524e+11]
PFXF,[9.34201358e+10]
PGF,[9.09983918e+10]
PGX,[1.33730915e+11]
PSK,[7.79565759e+10]
SPFF,[2.89189212e+12]
