Name,Riskiness R
FPE,0.00033425575375445663
IPFF,6891719231112.206
PFF,0.0006714184352889128
PFXF,0.0007723917443969957
PGF,0.00025440140593366913
PGX,0.0003063626536169083
PSK,0.0010358762744232732
SPFF,0.0005306378193960998
