Name,Riskiness R
FPE,[0.01680527]
PGX,[0.01758152]
PGF,[0.02000571]
PSK,[0.02362039]
PFF,[0.02375907]
