Name,Riskiness R
PGF,0.00025440140593366913
PGX,0.0003063626536169083
FPE,0.00033425575375445663
SPFF,0.0005306378193960998
PFF,0.0006714184352889128
