Name,Riskiness R
EMQQ,0.19355090317171622
DGS,0.2222181653534087
FEMS,0.226381066053678
BKF,0.22700562804934296
IEMG,0.24425840555231756
