Name,Riskiness R
EMIF,[2.73722863e+11]
FUTY,[0.08883391]
FXU,[0.08416734]
GII,[0.33667303]
IDU,[0.10290328]
IGF,[0.42765254]
INXX,[1.0072465]
JXI,[0.39086709]
PSCU,[0.06474929]
PUI,[0.09890058]
PXR,[3.05740132e+11]
RYU,[0.0799827]
SDP,[5.18223159e+12]
UPW,[0.18605233]
VPU,[0.09725389]
XLU,[0.09346806]
