Name,Riskiness R
CARZ,1572735333647.0894
CROP,0.0001899245216670194
DPK,18020265298302.043
DZK,2.69717701142866
EFO,13546794099.471413
EFU,9898410554709.639
FDTS,0.41607540339790455
FLM,0.00016843651789822682
FPXI,0.0001780705958312933
FTAG,35240261767746.61
FTRI,3174221057448.713
GDXS,0.01103620113820494
HGI,849788495883.5608
IDMO,2578102369147.91
IPO,588731806950.7378
PAGG,2602750852571.6084
PEX,0.00018944531430422447
SOIL,4486410933377.07
