Name,Riskiness R
CARZ,[0.39858875]
CROP,[0.06907479]
DPK,[1.88195039e+12]
DZK,[0.60195628]
EFO,[0.39969246]
EFU,[1.97962256e+12]
FDTS,[0.08757945]
FLM,[0.10184859]
FPXI,[0.11341705]
FTAG,[1.67302913e+13]
FTRI,[9.28496559e+11]
GDXS,[7.21752449e+12]
HGI,[0.23425224]
IDMO,[2.54582485]
IPO,[0.22074429]
PAGG,[1.51896005]
PEX,[0.11473897]
SOIL,[1.63576368]
