Name,Riskiness R
DBB,[0.13335282]
RJZ,[0.13915248]
IAU,[0.16550743]
SGOL,[0.17054464]
GLD,[0.17065467]
