Name,Riskiness R
BSCJ,[7.6070022e+11]
BSCM,[0.08713809]
BSCN,[0.06688179]
BSCO,[0.07069556]
IBCD,[0.00983504]
IBCE,[0.01822816]
IBDC,[0.00746491]
IBDD,[1.21838186]
