Name,Riskiness R
FXY,[0.26193573]
YCL,[0.45884626]
BZF,[0.53873499]
CNY,[3.78337377e+11]
URR,[5.73619259e+11]
