Name,Riskiness R
BTAL,[1.4719413e+12]
CHEP,[1.33786689e+12]
CPI,[1.92540741e+12]
FLAG,[3.42900116e+10]
FMF,[4.65040027e+12]
HDG,[0.24642948]
MCRO,[2.62786517e+12]
MNA,[9.1908572e+11]
MOM,[5.616511e+12]
MRGR,[2.02944026e+12]
QAI,[1.24356462e+12]
QMN,[2.50080502e+12]
RALS,[3.31865791e+12]
RLY,[9.93950191e+11]
SIZ,[2.42076464e+12]
WTMF,[1.96957795e+12]
