Name,Riskiness R
ERUS,[1.33125412]
FCOM,[0.11707121]
FONE,[0.1359855]
IXP,[0.58699521]
IYZ,[0.18304906]
LTL,[0.37743273]
VOX,[0.12508147]
XTL,[0.10540758]
