Name,Riskiness R
CHIM,0.4424477070696864
COPX,1.1061369591928478
CROP,0.0001899245216670194
CUT,551066063316.3344
DUST,0.002407414510679608
FLM,0.00016843642362763866
FMAT,258256815650.903
FTAG,11038420706396.695
FTRI,11613999512286.805
FXZ,0.7953794434940216
GDX,228608789529.51276
GDXJ,1.2478259821723694
GNR,524637831253.30676
GOEX,0.7465084593913028
GRES,0.00018657335716784084
GUNR,2817676246318.193
HAP,0.00016610993727711443
IGE,3490566020855.1562
ITB,0.27184651007132044
IYM,517171214654.4448
JDST,0.002883650289504314
JNUG,0.0024067337245112547
LIT,0.1548957375993745
MOO,0.0001797537164827927
MXI,1041610537646.2888
NUGT,0.0026141499540090233
PAGG,2855345967019.6562
PICK,252094095368.11603
PKB,0.2544783051156787
PSAU,248832453224.8128
PSCM,36107594689.86433
PYZ,265471674814.0468
REMX,2.2461333449432637
RING,297923383751.4663
RTM,176956763989.41888
SBM,11470542769689.139
SGDM,559717773828.207
SIL,254377971881.9767
SILJ,0.970382711251611
SLVP,50.20778127816817
SLX,1.036716326658574
SMN,6112424450029.104
SOIL,2045900213916.3467
URA,6204943232851.296
UYM,1.0091483124715923
VAW,269516899199.14105
VEGI,3178556413956.1416
WOOD,0.9900941320657453
XHB,694839787602.1436
XLB,297558228922.8345
XME,96515699607.09424
