Name,Riskiness R
LIT,[0.15489574]
PKB,[0.25447831]
ITB,[0.27184651]
CHIM,[0.44244771]
FLM,[0.55063575]
