Name,Riskiness R
EMIF,[1.94782662]
FUTY,[0.08137637]
FXU,[0.1137943]
GHII,[0.20785987]
GII,[0.15335496]
IDU,[0.08931254]
IGF,[0.16842654]
INXX,[0.23577293]
JXI,[0.13888692]
PSCU,[0.07821903]
PUI,[0.08612673]
PXR,[0.66666806]
RYU,[0.08681859]
SDP,[5.15800565e+12]
TOLZ,[0.32886342]
UPW,[0.18192589]
VPU,[0.08350066]
WBIC,[9.70328061e+11]
XLU,[0.08723372]
