Name,Riskiness R
ECON,[1.81289932e+12]
EMCG,[2.04748583e+12]
FSTA,[2.15536623]
FXG,[4.19706344e+11]
IYK,[5.43497173e+10]
KXI,[3.99786374e+11]
PBJ,[3.17110859e+11]
PSCC,[0.25663696]
PSL,[0.56421332]
RHS,[0.29771766]
SZK,[2.12240689e+12]
UGE,[0.28001014]
VDC,[1.14476242]
XLP,[0.9863359]
