Name,Riskiness R
ACWI,0.0001704425154014451
ACWV,0.0002455148554263399
ACWX,1102423388350.7986
CGW,0.00017444834561049276
CRBN,0.00016788157729159898
CWI,0.00016661214191429353
DBEF,1007666343868.1714
DIM,0.00017777533961486512
DLS,0.0001843266786716893
DOL,0.00016611993963795967
DTH,0.0001663647763642793
DWM,0.00017009828164643158
DWX,1757350145354.9883
EFA,0.0001703985936846905
EFAV,0.00023397850521380363
EFG,0.00017249310837003117
EFV,410602473264.1045
EWS,10.735284333843563
EZU,229791881012.79913
FDT,1.1639000900708962
FGD,0.00017836707304100792
FNDC,0.00017627052970601036
FNDF,197394547817.52527
GDX,0.5531329345343092
GDXJ,0.512900863506735
GII,0.00019854139319878651
GNR,0.36764905177334617
GUNR,0.43982776335231694
GWX,0.00017490648039013775
HEFA,713441625505.9653
HEZU,204260053347.5302
IDLV,0.00019714355126671456
IDOG,1496297711482.2153
IDV,201797289553.59796
IEFA,0.00017126012393373828
IGF,0.00024397990771778501
IHDG,129480906379.31348
IOO,1.867322488072492
IQDF,0.00017346585713612893
IQLT,0.00016713327393840842
IVLU,551736353835.4214
IXC,2.145106206511495
IXG,64431965778.46098
IXJ,0.00018506470232410542
IXP,0.00020118506767235006
IXUS,332310738642.7505
JNUG,0.0024067337245112547
JPGE,0.00019065882326491063
JPIN,0.0001967721691042028
JXI,0.0002234701313856139
KXI,0.00020272219191353616
LIT,0.17861570821668005
MOO,0.0001797537164827927
MXI,0.35883987014308166
NFRA,0.00020564220961984
NUGT,0.0026141499540090233
PDN,0.00017944106185883199
PICK,0.39633737418413145
PID,1234689358722.0242
PPH,0.00017446573700129807
PSP,470157504705.38245
PXF,573298795423.3394
QEFA,0.00020591009937766374
ROBO,0.1522731533303274
RODM,0.00017293776607047207
RXI,0.00016650269764277969
SCHC,0.00018310443186841764
SCHF,0.00016948617667025126
SCZ,0.000180405984907518
SDIV,0.00019690195071433612
SIL,0.6844841320989774
SMH,0.11441276825495676
SPDW,0.00016874383984368627
TAN,7442038122411.521
TLTD,0.00017371829352769502
URA,894927513430.4778
URTH,103886960951.27364
VEA,0.0001678996170484833
VEU,416640771646.4415
VSS,0.00016751637595760862
VT,0.00016994315028386045
VXUS,0.00016686569577386705
WDIV,0.00019351289629109181
WOOD,0.15723135533188726
XT,0.00016731214753625912
