Name,Riskiness R
AIRR,[2.3280457]
CGW,[9.03140219e+11]
CHII,[3.00724602e+11]
EXI,[1.47866179e+11]
FIDU,[2.84060354]
FIW,[1.67214757]
FXR,[9.8883818e+11]
IEV,[7.76418769e+11]
ITA,[0.22105383]
IYJ,[1.31694643]
IYT,[6.84864554e+11]
PHO,[1.52007324e+12]
PIO,[6.95090835e+11]
PPA,[0.23503259]
PSCI,[1.50582054]
RGI,[1.38592536e+10]
SEA,[1.51021194e+12]
SIJ,[1.16675703e+13]
UXI,[0.36775008]
VIS,[1.56860094]
XAR,[0.34418196]
XLI,[0.91089043]
XTN,[6.03779359e+11]
_PRN,[1.09183926e+12]
