Name,Riskiness R
ITA,[0.22105383]
PPA,[0.23503259]
XAR,[0.34418196]
UXI,[0.36775008]
XLI,[0.91089043]
