Name,Riskiness R
AADR,0.0001726425552858304
FONE,0.1183913470067118
GDXJ,0.1430706852276247
IFV,0.19623970585105582
DBAW,0.21283158733632232
