Name,Riskiness R
ADRE,[0.11299029]
EEB,[0.11421407]
DGS,[0.11622725]
EWX,[0.11657333]
XSOE,[0.11954539]
