Name,Riskiness R
FCOM,[0.11920538]
FONE,[0.13229307]
XTL,[0.13752239]
VOX,[0.26869243]
IYZ,[0.35296907]
