Name,Riskiness R
LIT,[0.17107522]
SOCL,[0.17952592]
AADR,[0.20837163]
SLX,[0.58605725]
GDXJ,[0.71563453]
