Name,Riskiness R
DBO,[1.80631235e+12]
DTO,[0.71894049]
OLEM,[1.10173012e+12]
OLO,[1.87050016e+12]
SCO,[2.11258747]
SZO,[0.36725039]
UCO,[2.37805116e+12]
USL,[1.72955143e+12]
USO,[2.66702377e+12]
