Name,Riskiness R
SZO,[0.36725039]
DTO,[0.71894049]
SCO,[2.11258747]
OLEM,[1.10173012e+12]
USL,[1.72955143e+12]
