Name,Riskiness R
REM,[0.13109491]
REZ,[0.1318237]
KBWY,[0.13657147]
GQRE,[0.13932873]
IYR,[0.14166274]
