Name,Riskiness R
DGL,[1.36488603e+12]
DGLD,[1.20528842]
DGP,[2.25175227e+12]
DGZ,[0.48916115]
DZZ,[0.88051383]
GLD,[1.11163207e+12]
GLL,[1.0121908]
IAU,[4.207537e+11]
SGOL,[2.31331192e+11]
UBG,[7.46183722e+11]
UGL,[7.87736112e+11]
UGLD,[6.64145996e+11]
