Name,Riskiness R
DZZ,[6.2227433e+11]
UBG,[7.51368171e+11]
DGLD,[9.87964886e+11]
DGP,[1.01081702e+12]
UGL,[1.02474862e+12]
