Name,Riskiness R
TMF,[2.54001126]
UBT,[1.84468644e+11]
ZROZ,[3.58737797e+11]
EDV,[4.12761443e+11]
DLBL,[4.20274461e+11]
