Name,Riskiness R
ALTS,[3.28820319e+10]
BTAL,[5.6731655e+11]
CHEP,[1.01126199e+11]
CPI,[0.02347104]
DIVA,[0.18603336]
DIVY,[0.02875904]
FLAG,[0.08862385]
FMF,[1.83748471e+12]
FTLS,[0.05046251]
HDG,[0.06856408]
MCRO,[0.03594776]
MNA,[0.02435282]
MOM,[1.20684659]
MRGR,[8.9951984e+10]
QAI,[0.08586209]
QMN,[0.05088585]
RALS,[9.33022768e+10]
RLY,[0.42137455]
SIZ,[3.03615801e+12]
WTMF,[1.41945027e+12]
