Name,Riskiness R
AGG,1994010069773.6846
AGND,1919962682305.999
AGZD,2153961587609.6304
BIV,1361316854068.6624
BLV,0.00020585671325152734
BND,2822443159386.3877
BNDX,2287243484159.6885
BOND,4444107741126.455
BSV,1314472925588.6787
BYLD,3118998392183.075
FTSD,1166659879355.0703
FWDB,3227469425698.4443
GBF,516481289440.5536
GVI,3300261309295.8105
HOLD,1.7859291014474318e-05
ILTB,0.00023120582482986143
ISTB,2692299289139.09
IUSB,3672734817749.5977
LDUR,945617283241.6389
MINC,1562877180405.955
MINT,3.327241928650198e-05
NEAR,4.0544785658275955e-05
RAVI,2.2452262428242502e-05
SAGG,3110852597117.472
SCHZ,1914047596179.1904
SPAB,2770028066532.3804
ULST,2.0925975948948494e-05
WYDE,0.0007166136562525794
XMPT,0.0005635357363742969
