Name,Riskiness R
AIRR,[0.18674122]
CGW,[0.09019559]
CHII,[0.37944964]
EXI,[0.10092842]
FIDU,[0.09471735]
FIW,[0.10161868]
FXR,[0.15879188]
IEV,[0.29663575]
ITA,[0.07042278]
IYJ,[0.08781366]
IYT,[0.20331061]
PHO,[0.25197091]
PIO,[0.25876165]
PPA,[0.06958735]
PSCI,[0.13037152]
RGI,[0.10258526]
SEA,[2.4417759e+12]
SIJ,[2.60600493e+12]
UXI,[0.17597102]
VIS,[0.09704321]
XAR,[0.08808886]
XLI,[0.08630301]
XTN,[0.21144181]
_PRN,[0.15109174]
