Name,Riskiness R
ITA,[0.18597872]
PPA,[0.20531773]
XAR,[0.25206183]
UXI,[0.30349299]
FIW,[0.52046602]
