Name,Riskiness R
DGL,3130848805923.451
DGLD,0.013181823018432574
DGP,3060526494471.7695
DGZ,3477261997256.414
DZZ,3105174106318.1143
GLD,2186697462689.6338
GLL,6461038866602.35
IAU,2103555190449.4727
SGOL,4292462394373.4688
UBG,4258300038286.5283
UGLD,1.3336246343291667
