Name,Riskiness R
BJK,[1.61745172e+12]
CARZ,[82.12023719]
CHIQ,[0.82725685]
FDIS,[0.08382304]
FXD,[0.15999316]
INCO,[0.1796229]
IYC,[0.07493526]
PBS,[0.19147886]
PEJ,[0.13724846]
PEZ,[0.35949876]
PMR,[0.3062261]
PSCD,[0.25186065]
RCD,[0.13990326]
RETL,[0.28519598]
RTH,[0.07231083]
RXI,[0.12624402]
SCC,[3.45187115e+12]
UCC,[0.1575697]
VCR,[0.08572589]
XLY,[0.07590869]
XRT,[0.53267058]
