Name,Riskiness R
PSCC,[0.20282791]
UGE,[3.69020365]
PSL,[2.31299187e+10]
EMCG,[2.54380653e+11]
FXG,[3.32808728e+11]
