Name,Riskiness R
WBIL,[0.05859331]
PSL,[0.06424727]
PSCC,[0.06996706]
RHS,[0.08469795]
WBIE,[0.09821947]
