Name,Riskiness R
DRN,0.7764084421546388
DRV,0.3511451518188659
DRW,0.0001916372603041762
FFR,0.0001997641092849711
FRI,0.00017541789212436397
GQRE,0.00019406395720637204
GRI,0.00017221172991096654
ICF,0.00018902510795217286
IFEU,0.21278752196387601
IFGL,0.00020405485022535977
IYR,0.00020562408557061075
KBWY,0.21107430361566062
MORL,0.19425158684569102
MORT,0.09740172759538926
PSR,0.0002036513540749693
REET,0.0001858366772088739
REK,42940687920421.81
REM,0.09251883156147189
ROOF,0.32761768003784514
RWO,0.00019731474813923573
RWR,0.0001820472341689393
RWX,0.00016617777674683335
SCHH,0.00020069259945386028
SRS,29590598506701.164
TAO,0.15700651606619553
URE,0.001939223453217036
USRT,0.00019134515025668442
VNQ,0.00018963411110701158
VNQI,0.12024860807636668
WPS,0.00020106303628487031
WREI,0.00017735442854505947
