Name,Riskiness R
REM,[0.09251883]
MORT,[0.09740173]
DRW,[0.10621597]
GQRE,[0.1101511]
VNQI,[0.12024861]
