Name,Riskiness R
AIA,[0.39021985]
CHIQ,[0.57278152]
XSOE,[0.69352923]
REMX,[1.75428669]
EEMA,[18.87086485]
