Name,Riskiness R
XLK,[0.06275645]
IGM,[0.06402139]
RYT,[0.06416088]
XNTK,[0.06667096]
IXN,[0.06732557]
