Name,Riskiness R
FPE,[0.02040332]
PGF,[0.03797203]
PGX,[0.03838881]
PFF,[0.04983898]
PSK,[0.05365098]
