Name,Riskiness R
RTH,[0.0528764]
IYC,[0.06465509]
VCR,[0.0675516]
FDIS,[0.06890949]
XLY,[0.07461274]
