Name,Riskiness R
EUO,0.000170016265601108
USDU,0.00017022711638712453
BZF,0.0001704274808739823
INR,0.00019001961053842593
CNY,0.00019273297463677665
