Name,Riskiness R
LQD,[38330323.41950136]
CORP,[2.72650881e+10]
VCLT,[6.42061668e+11]
IGIB,[1.13303895e+12]
SPLB,[1.14342829e+12]
