Name,Riskiness R
BIL,5.4904971124285975e-05
DFVL,0.000183994015713075
DFVS,0.5482798236219334
DLBS,1.1317931714111997
DTUL,0.00017561426379270574
DTUS,0.000278381999457264
DTYL,3569387961775.2847
DTYS,0.5566180569372406
EDV,1672024152756.4573
FLAT,0.00022476510266864104
GOVT,2123463934636.7217
IEF,0.0007917540624107735
IEI,1302833602967.0183
ITE,1417638486512.1543
PLW,0.0002776695772228968
PST,0.0010770002523002985
RISE,561707714676.8615
SCHO,2.1189580329251793e-05
SCHR,2807588402403.877
SHV,4.65549780055857e-05
SHY,1.9702147231606446e-05
SPTL,4938586057963.382
SPTS,3516756696541.2793
STPP,0.0001663463496748195
TAPR,1.5492364370048337
TBF,0.00033566247617817846
TBT,2117859328623.658
TBX,2918857552201.3687
TLH,0.0003385650092725037
TLT,8434748278503.826
TMF,5584173995876.11
TMV,1900183613901.5708
TTT,379866915975.8987
TUZ,3031766449278.3164
TYBS,0.0003544905764172665
TYD,5648927181662.453
TYNS,0.00027620022642244654
TYO,0.00022078559318678009
UBT,2704473089656.0024
UST,0.00017989629580503663
VGIT,1194225240154.2988
VGLT,0.0001687736549817321
VGSH,1.8517745335165388e-05
ZROZ,2952287727101.2627
