Name,Riskiness R
AAXJ,0.5648713488718207
ACWX,2490554147513.5967
ADRA,0.5413481417369391
AIA,0.26877376308248163
AXJL,1.310557842508215
CHIQ,5120953277362.361
CWI,2089131043656.5898
DBAP,0.582584513662609
DNL,1023407556923.2185
EEMA,0.5237329168900642
FPA,0.341788871985382
IEMG,6.278308442138829
IQDE,6215741834871.824
IQDY,1314010525788.3193
PAF,1.2193268114358793
REMX,18348751910103.22
VEU,1700624221793.9685
VXUS,0.00019326091465903282
