Name,Riskiness R
SMIN,[0.32481046]
INCO,[0.44509869]
PEK,[0.54787021]
ASHR,[0.6485361]
SCIF,[0.79543009]
