Name,Riskiness R
KBWP,[0.10970128]
RYF,[0.14179767]
XLF,[0.18151364]
KIE,[0.23999082]
QABA,[0.35486184]
