Name,Riskiness R
BDD,[0.80243266]
LD,[0.84479224]
KOLD,[1.00576219]
PALL,[1.37148932]
DGAZ,[1.51194522]
