Name,Riskiness R
DGZ,[0.27111547]
DZZ,[0.49819859]
GLL,[0.51827593]
DGLD,[0.68844737]
UGL,[8.45142563e+11]
