Name,Riskiness R
PGHY,[0.01743643]
ANGL,[0.04557261]
RIGS,[0.05345922]
SHYG,[0.05470875]
HYS,[0.05851196]
