Name,Riskiness R
PZD,[0.08370405]
FAN,[0.11619743]
GRID,[0.12143014]
NLR,[0.16018059]
GEX,[0.24684407]
