Name,Riskiness R
ARKW,[0.13240288]
PSI,[0.15036544]
SMH,[0.16225648]
SOXX,[0.1844266]
FDN,[0.18632071]
