Name,Riskiness R
BICK,0.00016670454919961276
EMQQ,0.531174486689558
FEMS,1.1391619082764675
EDC,2.055439791479961
EET,3.434660387785952
