Name,Riskiness R
PSCU,[0.22440097]
UPW,[0.32141421]
VPU,[1.39173238]
PUI,[1.40600791]
FUTY,[1.582248]
