Name,Riskiness R
ALTS,[0.30706705]
BTAL,[1.02664382e+11]
CHEP,[2.20460844e+11]
CPI,[0.02786041]
DIVA,[0.15239006]
DIVY,[0.02640442]
FLAG,[0.09106426]
FMF,[3.79899711e+11]
FTLS,[0.06576211]
HDG,[0.06334574]
HTUS,[0.08535571]
MCRO,[0.04484482]
MNA,[0.03006327]
MOM,[8.94431469e+11]
MRGR,[2.50367309e+11]
QAI,[0.05775651]
QED,[0.0422003]
QMN,[0.04351673]
RALS,[6.87607122e+10]
RLY,[0.08697966]
SIZ,[4.39101068e+12]
WTMF,[2.51447065e+11]
