Name,Riskiness R
CARZ,[1.37852293e+12]
CROP,[3.77245798]
DPK,[4.44957092e+12]
DZK,[1.05586859]
EFO,[1.87747059]
EFU,[3.65069831e+12]
FDTS,[0.40138414]
FLM,[1.2078297]
FPXI,[2.65267018e+11]
FTAG,[3.13736006e+13]
FTRI,[1.28766368e+12]
GDXS,[8.78012958e+12]
HGI,[8.8077384e+11]
IDMO,[1.11669567e+12]
IPO,[5.57484553e+11]
PAGG,[4.04209499e+12]
PEX,[2.28055077]
ROGS,[0.56670077]
SOIL,[3.6237316e+12]
