Name,Riskiness R
FDTS,[0.40138414]
ROGS,[0.56670077]
DZK,[1.05586859]
FLM,[1.2078297]
EFO,[1.87747059]
