Name,Riskiness R
EMIF,[1.47446148e+12]
FUTY,[7.27252517e+11]
FXU,[2.9155341e+11]
GHII,[4.33429374e+11]
GII,[6.04097703e+11]
IDU,[3.32325112e+11]
IGF,[9.07209488e+11]
INXX,[3.19419479e+11]
JXI,[1.17386743e+12]
PSCU,[0.24330215]
PUI,[5.14734684e+11]
PXR,[1.48075126e+12]
RYU,[6.56915564e+11]
SDP,[2.66084444e+12]
TOLZ,[6.54392434e+12]
UPW,[0.56415707]
VPU,[4.29789651e+11]
WBIC,[1.701991e+12]
XLU,[8.61548101e+11]
