Name,Riskiness R
PSCU,[0.24330215]
UPW,[0.56415707]
FXU,[2.9155341e+11]
INXX,[3.19419479e+11]
IDU,[3.32325112e+11]
