Name,Riskiness R
DFJ,[0.05918617]
FNDC,[0.06072177]
DLS,[0.06189034]
SCJ,[0.0639452]
PDN,[0.07322294]
