Name,Riskiness R
DFJ,[0.1420313]
SCJ,[0.18276674]
DLS,[0.26666143]
FNDC,[0.28306524]
DXJS,[0.37425615]
