Name,Riskiness R
DBO,[2.22179627e+13]
DTO,[0.33270636]
OLEM,[8.18867655e+12]
OLO,[5.74135491e+12]
SCO,[0.45585948]
SZO,[0.23841813]
UCO,[1.83716455e+11]
USL,[3.97291509e+12]
USO,[1.01191113e+13]
