Name,Riskiness R
CARZ,[4.66416291e+11]
CROP,[0.76050402]
DPK,[5.56906584e+12]
DZK,[1.76990126]
EFO,[4.91118456]
EFU,[9.84215572e+12]
FDTS,[0.40457234]
FLM,[1.03134768]
FPXI,[1.2413115e+12]
FTAG,[1.46838365e+13]
FTRI,[3.83957688e+12]
GDXS,[2.43966712e+13]
HGI,[1.01609561e+12]
IDMO,[1.07382375e+12]
IPO,[5.80903047e+11]
PAGG,[6.06066757e+11]
PEX,[1.01487321e+12]
ROGS,[0.56926382]
SOIL,[1.20733467e+12]
