Name,Riskiness R
AAXJ,1164903247111.6006
ACWX,1969455744076.036
ADRA,0.00017214282030146065
AIA,2124012224872.8518
AXJL,1477420598955.8464
CHIQ,6019086073601.485
CWI,0.00016661214191429353
DBAP,2376423095128.7935
DNL,4247599864028.7627
EEMA,669283846182.8512
EMCG,2255833753912.5713
FPA,3100735820508.452
IEMG,3999859082428.6274
IQDE,0.00018292605257102666
IQDY,1114639762527.7097
PAF,1936345982548.7124
REMX,5644960270468.707
VEU,946968798271.1864
VXUS,0.00016686569577386705
