Name,Riskiness R
ALTS,[9.2619095e+10]
BTAL,[1.65804076e+11]
CHEP,[5.73193623e+11]
CPI,[0.02664702]
DIVA,[0.28423748]
DIVY,[0.03260316]
FLAG,[0.1120478]
FMF,[1.09499721e+12]
FTLS,[0.0570338]
HDG,[0.06916384]
MCRO,[0.04703218]
MNA,[0.02238475]
MOM,[0.68075949]
MRGR,[1.2876551e+11]
QAI,[0.23350319]
QMN,[0.07788293]
RALS,[2.33707129e+11]
RLY,[1.04153951e+11]
SIZ,[1.88094616e+12]
WTMF,[4.31272162e+11]
