Name,Riskiness R
MNA,[0.02238475]
CPI,[0.02664702]
DIVY,[0.03260316]
MCRO,[0.04703218]
FTLS,[0.0570338]
