Name,Riskiness R
IHI,[0.05357736]
XHE,[0.08004898]
PSCH,[0.09264036]
XLV,[0.10319409]
RYH,[0.10669049]
