Name,Riskiness R
LQDH,[0.11100774]
SPLB,[0.19913757]
VCLT,[0.25418981]
SKOR,[3.01213074]
CBND,[3.25650449]
