Name,Riskiness R
ROGS,[0.0698004]
CROP,[0.0779192]
FDTS,[0.09221494]
FPXI,[0.0936866]
IPO,[0.11657542]
