Name,Riskiness R
DBO,[3.63491827e+12]
DTO,[0.70166488]
OLEM,[3.46168819e+12]
OLO,[2.69407467e+13]
SCO,[1.61451258]
SZO,[0.52632306]
UCO,[8.62311356e+12]
USL,[4.22412666e+12]
USO,[4.80657856e+12]
