Name,Riskiness R
ARKQ,[0.18252318]
CIL,[0.3818867]
GRID,[0.39496089]
PZD,[0.39672793]
IPKW,[0.42797763]
