Name,Riskiness R
PFXF,[4.0328223e+11]
PGX,[4.77069573e+11]
IPFF,[5.23838353e+11]
FPE,[6.99541627e+11]
PGF,[2.05710824e+12]
