Name,Riskiness R
TAO,[0.38136769]
MORL,[0.41829427]
DRW,[1.25984195]
REM,[1.73422762]
SRET,[1.97224216]
