Name,Riskiness R
ITM,[0.01157733]
MLN,[0.01354199]
MUB,[0.01027141]
MUNI,[0.00931984]
PRB,[0.31005341]
PVI,[6.70968886e+10]
PZA,[0.0076925]
RVNU,[0.01584126]
SHM,[0.00765574]
SMB,[0.01022777]
SMMU,[0.00801732]
SUB,[0.00777731]
TFI,[0.012244]
