Name,Riskiness R
BSCJ,[2.03290564e+12]
BSCK,[1.53262807e+12]
BSCL,[1.62754659e+12]
BSCM,[1.13824639e+12]
BSCN,[2.79746662e+12]
BSCO,[1.24920049e+12]
IBCD,[3.04570688e+11]
IBCE,[9.91846797e+11]
IBDC,[1.52979441e+12]
IBDD,[3.40807919e+11]
IBDL,[2.35772843e+12]
IBDM,[2.85345821e+12]
IBDN,[25124.37925222]
