Name,Riskiness R
ACWI,0.0001704425154014451
ACWV,0.00026494153140892406
ACWX,1847914829292.5942
CGW,0.0001999105412321406
CWI,0.00016661214191429353
DBEF,478411901418.3621
DIM,0.00017777533961486512
DLS,0.00018431264394697317
DOL,0.00016611993963795967
DTH,0.0001663647763642793
DWM,0.00017009828164643158
DWX,1481673108131.3306
EFA,0.0001703985936846905
EFAV,0.00023397801304222724
EFG,0.00017249310837003117
EFV,1708478354591.977
EWS,1943986684101.0518
EZU,2626490764375.525
FDT,1548103955676.5747
FGD,0.00017836707304100792
FNDC,0.00017627052970601036
FNDF,2116394946398.608
GDX,4988647626917.252
GDXJ,3639390150379.073
GII,0.00019854139319878651
GNR,4818429678165.701
GUNR,1451693872462.9434
GWX,1555163817561.4749
HEFA,585351286219.5007
IDLV,0.00019714355126671456
IDOG,1735702849822.771
IDV,3486436560981.811
IEFA,0.00017126012393373828
IGF,0.0002467496467413094
IOO,617435136590.7456
IQDF,0.00017346585713612893
IXC,6010662246693.241
IXG,2779167286055.1025
IXJ,0.00020125568288268994
IXP,1881298716966.343
IXUS,1774502755677.8074
JNUG,0.002050907761469348
JXI,0.0002213349189903066
KXI,0.0002026766998155199
LIT,8657623173306.075
MOO,0.0001797537164827927
MXI,11695719463103.113
NFRA,0.00022688063412421245
NUGT,0.002614613335392365
PDN,0.00017944106185883199
PICK,2404672313219.4062
PID,1430095488655.6372
PPH,0.0001744656639335168
PSP,4635153414478.289
PXF,2709200075932.579
ROBO,1844572887467.4697
RXI,0.00016650269764277969
SCHC,0.0001831044318670907
SCHF,0.00016948617667025126
SCZ,0.00018040598490751694
SDIV,0.0002148134616973569
SIL,3569973825575.1133
SMH,0.20533593994970997
SPDW,0.00016874383984368627
TAN,8519038101435.917
TLTD,0.00017371829352769502
URA,14569762138697.646
URTH,1879860937373.938
VEA,0.0001678996170484833
VEU,1866715477975.3232
VSS,0.00016751637595760862
VT,0.00016994315028386045
VXUS,0.00016686569577386705
WDIV,0.00019351289629109181
WOOD,4956827095072.733
