Name,Riskiness R
BZF,0.00018788358871595784
CEW,0.0004540180939912789
CNY,0.00019273297463677665
CROC,2435726438524.82
CYB,0.00026203865081170897
DBV,4543969268439.934
DRR,1408952156077.4277
EUFX,0.0005593506155369197
EUO,0.00018470987145309176
FXA,0.00024859515018369946
FXB,0.00020949001757439826
FXC,0.0008044905811369292
FXCH,0.00020421340577072924
FXE,0.0007019823441433167
FXF,0.0014299813740731454
FXS,0.0004044539548618356
FXSG,243695.76850646434
FXY,0.00022117285157717488
INR,0.00021754235577885772
UDN,0.004491014127803578
ULE,0.00017652319144529992
URR,451485396816.8684
USDU,0.00017022711638712453
UUP,0.00206009515352358
YCL,90597165331.98083
YCS,8901803492445.625
