Name,Riskiness R
CYB,[0.08276688]
FXY,[0.10224877]
CEW,[0.10311401]
FXE,[0.1332275]
BZF,[0.13749121]
