Name,Riskiness R
ERUS,[0.27905457]
WBIF,[0.48964438]
XTL,[0.57391324]
FONE,[1.10705969]
FCOM,[1.15581842]
