Name,Riskiness R
KBWP,[0.036979]
KIE,[0.06760253]
RYF,[0.07941619]
VFH,[0.09743445]
IAK,[0.09816924]
