Name,Riskiness R
CARZ,[3.13545446]
CROP,[0.10122121]
DPK,[1.08861057e+12]
DZK,[3.84946629e+12]
EFO,[2.7360432]
EFU,[3.67213088e+11]
FDTS,[1.06079904]
FLM,[0.63575196]
FTAG,[1.7550293e+13]
FTRI,[1.67148107e+12]
HGI,[5.07795995e+11]
IDMO,[1.32672982e+12]
IPO,[0.45258282]
PAGG,[1.57369242e+12]
PEX,[0.22712187]
SOIL,[1.16004854e+12]
