Name,Riskiness R
XLY,[0.08340256]
IYC,[0.09053651]
FDIS,[0.09234411]
VCR,[0.09634904]
RXI,[0.11129141]
