Name,Riskiness R
SHV,[0.00178789]
BIL,[0.00286692]
ITE,[0.06215415]
SCHO,[0.07009496]
SCHR,[0.080523]
