Name,Riskiness R
CBND,[0.0299102]
CORP,[0.0264152]
GSY,[0.00158749]
ICSH,[0.00663112]
IGHG,[0.05300741]
IGIB,[0.01556241]
IGSB,[0.00385873]
LDRI,[0.02808717]
LQD,[0.03711522]
LQDH,[0.04118944]
PFIG,[0.02115044]
QLTA,[0.0296203]
SKOR,[0.02018195]
SLQD,[0.00903452]
SPIB,[0.09872662]
SPLB,[0.07267393]
USIG,[0.02913794]
VCIT,[0.02474664]
VCLT,[0.06654572]
VCSH,[0.00820831]
