Name,Riskiness R
CBND,[9.75875825e+11]
CORP,[2.68566404e+10]
GSY,[1.14818956e+12]
ICSH,[1.22359288e+12]
IGHG,[9.82281271e+11]
IGIB,[2.58142181e+12]
IGIH,[3.5284553e+12]
IGSB,[7.18353951e+11]
LDRI,[3.03299039e+12]
LQD,[1.13277133e+12]
LQDH,[9.28113637e+11]
PFIG,[2.5017255e+12]
QLTA,[1.32406976e+12]
SKOR,[2.48103336e+12]
SLQD,[7.8576145e+11]
SPIB,[2.51667889e+12]
SPLB,[1.2107604e+12]
USIG,[3.32472543e+12]
VCIT,[3.274961e+12]
VCLT,[2.85444162e+12]
VCSH,[3.2808174e+12]
