Name,Riskiness R
AUSE,1.2739215195158273
DBJP,2780299074680.7505
DBKO,0.00017518060018511944
DFJ,0.23494174844776455
DIM,0.00017777533961486512
DLS,0.0001843266786716893
DOL,0.00016611993963795967
DOO,0.00017831831969513854
DTH,0.0001663647763642793
DVYA,345602616674.26245
DWM,0.00017009828164643158
DXJ,1057545001261.697
DXJF,1278400456146.5186
DXJS,1.040017792312335
ENZL,0.1724259239569358
EPP,3.538545147325982
EWA,5.739538710547872
EWH,2.199797022640435
EWJ,313489832240.4455
EWS,10.735284333843563
EWT,0.48279146218644964
EWV,4703271598441.025
EWY,0.25991216305802406
EZJ,1.2387762876775934
FAUS,0.6031761799819734
FDT,1.1639000900708962
FDTS,2.3122366878611915
FHK,1.6313601521356311
FJP,399956295935.19775
FKO,0.00020485694858017627
FNDC,0.00017627052970601036
FNDF,197394547817.52527
FPA,53732314492.02322
GWX,0.00017490648039013775
HAUD,343488449861.40076
HEWJ,603052506740.7427
HEWY,0.23858960562842588
HFXJ,376669790142.5017
IDHQ,0.0001790125225280442
IDOG,1496297711482.2153
IPAC,112493514520.92822
ISCF,0.4281489314120482
IVAL,0.00017413016796612304
IVLU,551736353835.4214
JHDG,269164333065.0158
JPIN,0.0001967721691042028
JPMV,0.00017827607158277332
JPN,159874252890.38837
JPNL,0.993941646497132
JPXN,0.00017201413538553482
KORU,0.4582496389620018
PAF,0.46654744824318317
PDN,0.00017944106185883199
PXF,573298795423.3394
SCIJ,0.9602410539486347
SCIX,1.8675189673747006
SCJ,0.29386616584349373
VPL,2.2948554325009125
