Name,Riskiness R
HEWY,[0.06973791]
ENZL,[0.07261974]
DBKO,[0.0739019]
FNDC,[0.07586139]
ISCF,[0.07643288]
