Name,Riskiness R
GSY,[0.00202245]
IGSB,[0.00545578]
ICSH,[0.01137515]
VCSH,[0.01165127]
SLQD,[0.01393088]
