Name,Riskiness R
FPE,[0.02489392]
PGF,[0.03570092]
PFXF,[0.04316636]
PFF,[0.04725457]
PSK,[0.0676226]
