Name,Riskiness R
CPI,[0.01716835]
MNA,[0.01733246]
QMN,[0.02319631]
DIVY,[0.02379192]
QED,[0.03105925]
