Name,Riskiness R
HDG,[0.21993418]
FLAG,[0.31206343]
WTMF,[3829853.52701297]
HTUS,[3.14050055e+11]
DIVA,[3.2703649e+11]
