Name,Riskiness R
WOOD,[0.15583707]
LIT,[0.19266629]
SLX,[0.28300527]
XME,[0.2831481]
FXZ,[0.33958972]
