Name,Riskiness R
HAP,0.00016610993731704918
MOO,0.0001797537164827927
GRES,0.000269295382409486
GDXX,0.0018433631169587966
JNUG,0.0024067337245112547
