Name,Riskiness R
UVXY,0.0030357288885927737
TVIX,0.0035477181783191494
ZIV,0.2685936957101663
SVXY,0.9251444049369382
XVZ,7452739904962.668
