Name,Riskiness R
GOEX,[0.90088036]
IPKW,[1.038162]
PZD,[1.11674909]
CIL,[1.14516664]
SILJ,[1.50139873]
