Name,Riskiness R
ACWV,[0.0564141]
KXI,[0.08547737]
SMH,[0.10295488]
EFAV,[0.12307444]
JXI,[0.14536661]
