Name,Riskiness R
IHI,[0.0633932]
XHE,[0.067155]
PSCH,[0.08671481]
IHF,[0.11229799]
IYH,[0.18419505]
