Name,Riskiness R
USL,[0.26950435]
UCO,[0.70621245]
OLEM,[1.64108278]
DBO,[4.5886988]
OLO,[5.02600885]
