Name,Riskiness R
ENZL,[0.27344508]
DFJ,[0.28882102]
DXJS,[0.31627805]
PAF,[0.43523199]
EWH,[0.44494284]
