Name,Riskiness R
IBDC,[0.01077296]
IBCD,[0.01213392]
BSCJ,[0.01585076]
BSCK,[0.01970251]
IBDD,[0.02036074]
