Name,Riskiness R
AIRR,[0.35562598]
CGW,[2.94228897e+11]
CHII,[5.21248639e+11]
EXI,[0.8888291]
FIDU,[0.30618821]
FIW,[0.15495515]
FXR,[1.16468369]
IEV,[8.26872457e+11]
ITA,[0.15449795]
IYJ,[0.26483549]
IYT,[1.08194485e+11]
PHO,[3.33905067e+11]
PIO,[2.63575102e+11]
PPA,[0.16201884]
PSCI,[0.54645881]
RGI,[0.36733177]
SEA,[3.63153665e+12]
SIJ,[1.13200834e+13]
UXI,[0.21525853]
VIS,[0.34709425]
XAR,[0.25382907]
XLI,[0.2537211]
XTN,[4.71071686e+10]
_PRN,[8.42318135e+10]
