Name,Riskiness R
ITA,[0.15449795]
FIW,[0.15495515]
PPA,[0.16201884]
UXI,[0.21525853]
XLI,[0.2537211]
