Name,Riskiness R
DBO,[6.991937e+12]
DTO,[1.57195031]
OLEM,[1.36852643e+13]
OLO,[1.88408626e+12]
SCO,[9297.09847061]
SZO,[1.2341369]
UCO,[1.28962293e+13]
USL,[1.37024584e+12]
USO,[1.95277464e+12]
