Name,Riskiness R
EMQQ,[0.28863816]
FEMS,[0.57232775]
FEM,[0.68683139]
EET,[1.16105236]
EDC,[1.17200883]
