Name,Riskiness R
EMIF,970848834474.6991
FUTY,0.10529169268516915
FXU,0.09621954966987714
GII,0.00017120967554770132
IDU,0.11135437217682514
IGF,0.00018482409437774246
INXX,0.48123411501176844
JXI,8275967600859.3125
PSCU,0.07709156773862268
PUI,0.1026501203979348
PXR,818484740818.3738
UPW,0.001711190014128313
VPU,0.000175084540240656
XLU,0.0001767105792853351
