Name,Riskiness R
EFO,[19436908.96827193]
CROP,[7.81212301e+10]
IPO,[7.74628619e+11]
SOIL,[1.02513743e+12]
FLM,[1.03558748e+12]
