Name,Riskiness R
IBDQ,[6.24185027e+08]
BSCO,[1.04939768e+09]
IBDD,[6.18481279e+11]
IBDK,[6.90877158e+11]
IBCD,[7.24810596e+11]
