Name,Riskiness R
ITA,[0.13295961]
PPA,[0.14444158]
XAR,[0.18449764]
UXI,[0.26148694]
FIW,[0.27420999]
