Name,Riskiness R
DGL,[3.08291317e+12]
DGLD,[4.07619361e+12]
DGP,[2.34164844e+12]
DGZ,[4.10060286e+12]
DZZ,[2.80114549e+12]
GLD,[4.16237281e+11]
GLL,[3.05632074e+12]
IAU,[1.381194e+12]
OUNZ,[1.18197371e+12]
SGOL,[1.09460452e+12]
UBG,[1.72536154e+12]
UGL,[6.73383869e+11]
UGLD,[1.21375129e+12]
