Name,Riskiness R
MOM,0.00018841972045106355
FLAG,0.0001933834829717394
VAMO,0.0002298872759535666
FTLS,0.00023026342311409563
CHEP,0.00023154187704523856
