Name,Riskiness R
SMH,[0.12985723]
ROBO,[0.1601053]
LIT,[0.17543405]
DLS,[0.47728508]
FNDC,[0.71260358]
