Name,Riskiness R
UVXY,0.0030357288885932672
TVIX,0.003547718190923521
ZIV,1.1796766364954194
SVXY,3.86160132382067
VIIX,5184198676275.658
