Name,Riskiness R
IFV,[0.38719132]
SOCL,[0.86540097]
GDXJ,[5.90071316]
SLVP,[6.5416185]
EDC,[5.13794254e+09]
