Name,Riskiness R
AIRR,[0.41974222]
CGW,[1.42182546e+11]
CHII,[7.16680645e+11]
EXI,[1.41073747]
FIDU,[0.50422549]
FIW,[0.17210363]
FXR,[1.08643169]
IEV,[1.02165665e+12]
ITA,[0.13900059]
IYJ,[0.40933741]
IYT,[8.29080171e+10]
JETS,[1.36700765]
PHO,[3.21312838e+10]
PIO,[9.67514821e+11]
PPA,[0.14438949]
PSCI,[0.56119331]
RGI,[0.5876412]
SEA,[6.12787934e+12]
SIJ,[3.76536693e+12]
UXI,[0.29369795]
VIS,[0.56392094]
XAR,[0.19315782]
XLI,[0.38505382]
XTN,[1.07510227e+10]
_PRN,[3.5044682e+11]
