Name,Riskiness R
ITA,[0.13900059]
PPA,[0.14438949]
FIW,[0.17210363]
XAR,[0.19315782]
UXI,[0.29369795]
