Name,Riskiness R
FEMS,[0.21686342]
TLTE,[0.23367823]
DBEM,[0.23939478]
DGS,[0.24323914]
HEEM,[0.24738631]
