Name,Riskiness R
UUP,[0.22560688]
DRR,[0.24176938]
EUFX,[0.24893729]
EUO,[0.28025024]
CROC,[1.12691271]
