Name,Riskiness R
FMB,[1.63847263e+12]
ITM,[2.58618966]
MEAR,[2.4758872e+12]
MLN,[2.08277233e+12]
MUB,[4.29451975e+12]
MUNI,[9.52045395e+11]
PRB,[2.15159643e+12]
PVI,[1.50546343e+12]
PZA,[11.73461498]
RVNU,[9.25631199e+11]
SHM,[1.90401319e+12]
SHYD,[2.62667698e+12]
SMB,[1.31055024e+12]
SMMU,[1.34959685e+12]
SUB,[1.21379192e+12]
TFI,[1.03560994e+12]
VTEB,[3.25601707e+12]
