Name,Riskiness R
CROP,[0.05797857]
LIT,[0.08642032]
PKB,[0.09227027]
FXZ,[0.09466529]
FLM,[0.09710596]
