Name,Riskiness R
DRN,0.365245330599407
DRV,25202474194174.59
DRW,1712175662487.0205
FFR,0.0002235725628419973
FRI,0.00019488665536166727
GQRE,0.00022223042698847693
GRI,0.0001998049063374273
ICF,0.00019187719233599708
IFEU,1887909020280.205
IFGL,0.00020830143426683943
IYR,0.00022308400590296407
KBWY,0.00017003935244256767
MORL,0.9363062270986334
MORT,556392671685.1752
PSR,0.00017888087886997592
REK,0.00019744499735976882
REM,201215369121.05896
REZ,0.00017576216562192315
ROOF,0.00019620391922510903
RWO,0.00020315554730732148
RWR,0.00019955965422135242
RWX,0.00020043469578553947
SCHH,0.00019923588199497684
SRS,12755718023752.906
TAO,180448642676.59985
URE,0.32454606320018947
USRT,0.00021566703549897
VNQ,0.00020043574544416137
VNQI,0.00018399560744253798
WPS,0.00020578264141317068
WREI,0.00019437674137200698
