Name,Riskiness R
CRAK,[0.0606162]
PZD,[0.07875292]
GRID,[0.0824149]
NLR,[0.09784983]
KOL,[0.11534527]
