Name,Riskiness R
ACWV,[0.06544037]
SMH,[0.10489622]
KXI,[0.11718546]
RXI,[0.15687021]
NFRA,[0.18600279]
