Name,Riskiness R
BIL,170696.08550492724
DFVL,0.00016703224788419132
DFVS,7075920217939.801
DLBL,0.9525355980493044
DLBS,8307462887115.107
DTUL,0.0004966353426585725
DTUS,0.11485921868097969
DTYL,0.00020982841702695692
DTYS,10318145846377.43
EDV,0.2162187816172028
FLAT,0.019071003179338245
GOVT,2017466636622.9253
IEF,10.231179728974801
IEI,2035769018852.522
ITE,2196124181375.822
PLW,0.0008785865154230575
PST,0.0003728140808568158
SCHO,1.8529620596019027e-05
SCHR,2411921058737.928
SHV,72800.29252146067
SHY,1.807515083309732e-05
SPTL,0.0002230558851655214
SPTS,0.00019137279780744764
STPP,0.0002511800964815061
TBF,0.0002761122847082264
TBT,8369945623701.637
TBX,2063473569092.2017
TLH,0.001526446304606094
TLT,0.0002003533365428713
TMF,0.2654857818915818
TMV,11689418652448.771
TTT,11622583938142.826
TUZ,2116218714622.683
TYBS,0.000354490583928497
TYD,0.4074770351872618
TYNS,0.00027620022642244654
TYO,0.0002207866012567697
UBT,0.22437565804295206
UST,0.00023776105559176209
VGIT,2033731316210.4255
VGLT,0.00024555852973337435
VGSH,1.9528736557775143e-05
ZROZ,0.2111878934274017
