Name,Riskiness R
AUSE,0.5221234841361496
DBJP,70911460104.21783
DBKO,0.00017723347836655064
DFJ,0.1456065617694268
DIM,0.00018200170975636617
DLS,0.0001843266786716893
DOL,0.00016611993963795967
DOO,0.00017910352585446588
DTH,0.0001663647763642793
DVYA,3.4858847660707246
DWM,0.00017009828164643158
DXJ,298685037485.1499
DXJF,356774552757.3796
DXJS,0.33637968540566643
ENZL,0.125947377924912
EPP,0.7911526058914755
EWA,0.7432918624461312
EWH,0.7071792418851323
EWJ,0.00017031154080604443
EWS,579927092560.6356
EWT,0.5430433714168492
EWV,14209184834376.693
EWY,0.0001729900884241411
EZJ,0.4363179147960882
FAUS,0.3379468583512017
FDT,0.00017739121536543742
FDTS,1.0672496425200517
FHK,0.8308216747467436
FJP,65044167273.17045
FKO,0.00020485694858017627
FNDC,0.00017627052970532392
FNDF,33.949419202198506
FPA,0.00017416510350453027
GWX,0.00018397310896504723
HAUD,151731007980.5304
HEWJ,268069587127.50604
HEWY,0.2858017015776829
HFXJ,22815503278.173405
IDHQ,0.00018863907499194624
IDOG,150972959703.84933
IPAC,0.0001709752967352643
ISCF,0.39434785293616115
IVAL,0.0001870515680186411
IVLU,964189805048.6637
JHDG,4.367030494197441
JPIN,0.0001967721656188141
JPMV,0.0001859776436958729
JPN,0.8268081925992852
JPNL,0.4440997722963752
JPXN,0.00017201119004811377
KORU,0.5845830643630116
PAF,0.5181772160593502
PDN,0.00017944106185883199
PXF,112233167989.98743
SCIJ,0.4844051682022615
SCIX,0.4828988351081834
SCJ,0.00016950970812003543
VPL,0.00016958076354625293
