Name,Riskiness R
JPMV,[0.05527716]
DFJ,[0.05805299]
SCJ,[0.05834007]
FNDC,[0.0588016]
ENZL,[0.06109101]
