Name,Riskiness R
AAXJ,[1.22673137e+12]
ACWX,[3.48356832e+12]
ADRA,[6.63973535e+11]
AIA,[1.56605747e+12]
AXJL,[9.44057755e+11]
AXJV,[4.14504697e+12]
CHIQ,[1.61544252e+13]
CWI,[1.49166891e+12]
DBAP,[1.14115397e+12]
DNL,[1.7359323e+12]
EEMA,[1.83971891e+12]
EMCG,[4.46349618e+12]
FPA,[2.09519536e+12]
IEMG,[1.14450456e+12]
IHDG,[4.7752868e+11]
IQDE,[1.71028944e+12]
IQDY,[1.34110902e+12]
PAF,[2.65591228e+12]
QEMM,[2.01092973e+12]
REMX,[6.1963469e+12]
VEU,[5.35503328e+12]
VXUS,[1.82601331e+12]
