Name,Riskiness R
IHDG,[4.7752868e+11]
ADRA,[6.63973535e+11]
AXJL,[9.44057755e+11]
DBAP,[1.14115397e+12]
IEMG,[1.14450456e+12]
