Name,Riskiness R
HOLD,[6.91747288e+11]
LDUR,[7.08252627e+11]
FBND,[7.31954083e+11]
KCNY,[9.78193753e+11]
FWDB,[1.08119198e+12]
