Name,Riskiness R
IHI,[0.14121478]
XHE,[0.18406542]
PSCH,[0.27827831]
RXL,[0.65867946]
CURE,[0.67324145]
