Name,Riskiness R
UUP,[0.05035548]
EUFX,[0.06114171]
INR,[0.08365143]
USDU,[0.10849534]
DRR,[0.11132445]
