Name,Riskiness R
KBWP,[0.06676143]
VQT,[0.07424058]
PHDG,[0.07614691]
RYF,[0.08170116]
KIE,[0.08255617]
