Name,Riskiness R
RYF,[0.15120509]
XLF,[0.17489829]
KBWP,[0.2814765]
IAI,[0.36363134]
VFH,[0.46538603]
