Name,Riskiness R
ITA,[0.38366048]
PPA,[0.46673122]
XAR,[0.5250998]
UXI,[0.52683853]
CHII,[1.59494626]
