Name,Riskiness R
ITB,[0.16601399]
LIT,[0.20667102]
PKB,[0.22293464]
FXZ,[0.24941528]
WOOD,[0.31385982]
