Name,Riskiness R
ACIM,0.00016705103289624268
DGT,0.00016801443562975858
FYLD,0.0001703027979018447
LOWC,0.00017051296979034685
GHII,0.00017126702208916102
