Name,Riskiness R
ECON,[0.37135285]
EMCG,[0.25673785]
FSTA,[0.08338176]
FXG,[0.14244655]
IYK,[0.07776778]
KXI,[0.09651854]
PBJ,[0.2784925]
PSCC,[0.1003495]
PSL,[0.06452312]
RHS,[0.06504432]
SZK,[2.18173596e+13]
UGE,[0.15683003]
VDC,[0.08368928]
WBID,[0.5291121]
WBIE,[0.17189557]
WBIL,[0.06806524]
XLP,[0.0799054]
