Name,Riskiness R
DGL,0.00020741484216950875
DGLD,2008113629366.327
DGP,1498135728330.9001
DGZ,0.0001785353757965786
DZZ,1400558396771.4092
GLD,0.00022193633648746628
GLL,1449026156245.9673
IAU,0.00022330403148747977
SGOL,0.00022143075049224008
UBG,5266307306058.268
UGL,2666247365470.11
UGLD,1298407380381.9175
