Name,Riskiness R
IAU,[1.04962674e+12]
UGLD,[1.41816565e+12]
GLL,[1.52674357e+12]
DGP,[1.54133571e+12]
DGL,[1.7403131e+12]
