Name,Riskiness R
CEW,[0.07833654]
BZF,[0.08848571]
INR,[0.13793107]
FXA,[0.16980482]
FXY,[0.20142343]
