Name,Riskiness R
GUSH,0.0017800978792581275
DRIP,0.003083876686296011
GASL,0.0037295156408405175
PZD,0.32543547283700347
KOL,0.34207299961499954
