Name,Riskiness R
REM,[0.04495715]
SRET,[0.05165412]
MORT,[0.05945628]
IYR,[0.0976791]
PSR,[0.10216201]
