Name,Riskiness R
AAXJ,0.37294377105884124
ACWX,1680339638916.8337
ADRA,0.40774816696986366
AIA,0.22261637316557228
AXJL,2.2568181206027775
CHIQ,1.5906324787888846
CWI,662550803939.2051
DBAP,0.3805955185197846
DNL,35791374124.8739
EEMA,0.32521193816645366
FPA,0.36487528350629556
IEMG,2.5537081308495733
IQDE,26202877297402.297
IQDY,7.56217343903332
PAF,2.707735797694506
REMX,33963764600271.633
VEU,208227966977.3388
VXUS,0.00019326091465903282
