Name,Riskiness R
DGL,[5.86950042e+11]
DGLD,[2.91458801e+12]
DGP,[6.36595287]
DGZ,[9.43001664e+12]
DZZ,[6.04143769e+12]
GLD,[4.27360308]
GLL,[1.25818959e+13]
IAU,[2.26717214]
OUNZ,[1.1417154e+11]
SGOL,[2.07491594e+11]
UBG,[1.72052214e+12]
UGLD,[1.05450456]
