Name,Riskiness R
DGL,1080162543272.398
DGLD,0.013178375137064787
DGP,6.365952870614792
DGZ,5839604882934.926
DZZ,4399452059277.355
GLD,4.273603078532858
GLL,72325152385390.55
IAU,2.267172141633939
OUNZ,261184789829.63306
SGOL,234731608015.1528
UBG,1525854957906.505
UGLD,1.0545045635969719
