Name,Riskiness R
FXSG,[230609.55832175]
BZF,[6.48448303e+11]
CNY,[6.86811968e+11]
YCL,[7.07036126e+11]
ULE,[1.00628047e+12]
