Name,Riskiness R
PALL,[0.37748383]
BDD,[0.48745182]
DBB,[0.58648881]
LD,[0.95712148]
KOLD,[1.00206458]
