Name,Riskiness R
ENZL,[0.10196435]
DFJ,[0.14264203]
SCJ,[0.1482657]
FNDC,[0.20123854]
IDHQ,[0.21208802]
