Name,Riskiness R
PPA,[0.10437581]
ITA,[0.12334978]
CGW,[0.13132044]
XLI,[0.15103135]
IYJ,[0.15799293]
