Name,Riskiness R
BSCJ,[0.01377214]
BSCK,[0.01917212]
BSCL,[0.02373297]
BSCM,[0.03180098]
BSCN,[0.0325012]
BSCO,[0.04572813]
IBCD,[0.0141162]
IBCE,[0.02725915]
IBDC,[0.01183094]
IBDD,[0.02451099]
IBDL,[0.01790932]
