Name,Riskiness R
RCD,0.0001707125766935532
PBS,0.00018365073702879253
IYC,0.07160166975128675
FDIS,0.08030995138913559
RTH,0.08738440083486297
