Name,Riskiness R
IAU,[0.58645015]
SGOL,[0.63517761]
GLD,[0.64342437]
OUNZ,[0.64463779]
UBG,[0.72743259]
