Name,Riskiness R
PHDG,[0.04273514]
VQT,[0.04292682]
KBWP,[0.0714833]
RYF,[0.07356225]
BDCZ,[0.07456071]
