Name,Riskiness R
FPE,[1.28982647e+12]
IPFF,[1.35859098e+12]
PFF,[1.33879071e+12]
PFXF,[4.18199993e+12]
PGF,[2.00438101e+12]
PGX,[3.47123937e+12]
PSK,[4.1397439e+12]
SPFF,[1.24008163e+12]
