Name,Riskiness R
CORP,[2.58451776e+10]
SPLB,[4.22640178e+11]
IGSB,[6.75419637e+11]
LQD,[7.75999841e+11]
SLQD,[7.86481248e+11]
