Name,Riskiness R
IBDC,[0.01068233]
IBCD,[0.01250354]
BSCJ,[0.01404589]
BSCK,[0.01690713]
BSCL,[0.01999735]
