Name,Riskiness R
MINT,[0.00138427]
NEAR,[0.00224319]
ULST,[0.00348715]
RAVI,[0.00351412]
HOLD,[0.0046208]
