Name,Riskiness R
Alternatives ETF List (35),0.014281837610266997
Broad Asia ETF List (44),0.0001808272486881869
Commodity ETF List (125),0.00027365629742248486
Consumer Discretionary Equity ETF List (31),0.00020218134876285183
Consumer Staples Equity ETF List (26),0.00022851856572647685
Crude Oil ETF List (22),0.29527564100016207
Currency ETF List (36),1445297034438.481
Developed Asia Pacific ETF List (108),0.00018150685660175053
Developed Markets ETF List 1 (100),0.00020070984975466947
Developed Markets ETF List 2 (100),0.00018390675349612653
Developed Markets ETF List 3 (93),0.0002169043456186183
Emerging Asia Pacific ETF List (114),0.00018411437812155954
Emerging Markets ETF List (79),0.0001895357171627602
Energy Equity ETF List (80),0.00026362060574642
Financials Equity ETF List (51),0.00018613348396072328
Global ETF List (72),0.00019695543345083064
Gold ETF List (17),0.000394734627226504
Healthcare Equity ETF List (49),0.00017404656110782608
Industrials Equity ETF List (37),0.00017330111180525746
Investment Grade Corporate ETF List (50),2523923192482.67
Junk ETF List (43),926748339925.1132
Materials Equity ETF List (62),0.00019624905514198458
Municipal Bond ETF List (29),1643709446905.7769
Preferred Stock ETF List (12),0.00036866882114415446
Real Estate ETF List (48),0.00019459196616397373
Target Maturity Date Corporate Bond ETF List (24),1047916158511.5201
Technology Equity ETF List (75),0.00018281657423995738
Telecom Equity ETF List (10),0.00019584354448306716
Total Bond Market ETF List (82),4.11316184077382e-05
Treasuries ETF List (51),2.7100576407049937e-05
Utilities Equity ETF List (24),0.00025364408139666764
Volatility ETF List (18),7263170841165.756
