Name,Riskiness R
FEMS,0.3570708790564819
FEM,0.6355805982790443
BKF,0.678842573449574
DGS,0.8376672306304219
SPEM,0.8625367418148816
