Name,Riskiness R
CBND,[1.06581444e+12]
CORP,[2.58309506e+10]
GSY,[1.36252029e+12]
ICSH,[1.70150675e+12]
IGHG,[2.03696592e+12]
IGIB,[4.6591418e+12]
IGIH,[1.78652608e+12]
IGSB,[7.5044932e+11]
LDRI,[1.09805029e+12]
LKOR,[7.58664283e+11]
LQD,[2.09755295e+12]
LQDH,[2.09346197e+12]
PFIG,[8.7208456e+11]
QLTA,[3.71982054e+12]
SKOR,[2.0306471e+12]
SLQD,[7.55832217e+11]
SPIB,[2.4798056e+12]
SPLB,[1.28182647e+12]
USIG,[1.56805568e+12]
VCIT,[2.05757776e+12]
VCLT,[1.10297062e+12]
VCSH,[3.55455436e+12]
