Name,Riskiness R
AADR,0.00016950160276436405
COPX,976530761371.4609
DBAW,1525014431778.8213
ECON,3500915062966.978
EDC,6679525665.182459
EEM,3573688108646.7773
EEMS,1060385684795.3894
EMCG,2259650180359.083
EMFM,2599262033080.9443
FAN,717769790268.6504
FIEG,1310447684927.587
FLN,1235221783110.0305
FM,2274832581170.8174
FNDE,1660381372813.9875
FONE,1418656937733.9175
FPA,514722245050.6024
FWDI,9917650011531.508
GDXJ,868370195462.4565
HGI,11162982905933.105
HILO,1286040943642.322
ICLN,8215724334335.107
IEMG,12444611034768.29
IFV,0.38689465431643205
IQDF,0.00017346585713612893
JDST,0.002883650289504314
KOL,3370801506591.365
LIT,1541777140820.5923
PBD,10795570948889.986
PICK,6457428744744.096
QEMM,2423589759952.568
SIL,1430851170545.9531
SLVP,596238182172.4164
SLX,6853850592734.341
SOCL,1.9663752515541095
SOIL,1174024818703.6504
TLTE,1694168691523.9824
VIDI,0.00018090233367181193
