Name,Riskiness R
DBO,[1.43680963e+12]
DTO,[5.05336604]
OLEM,[5.98845083e+12]
OLO,[1.55444244e+13]
SCO,[41884.05566581]
SZO,[3.18284701]
UCO,[2.35731538e+12]
USL,[1.44140831e+12]
USO,[6.39585577e+12]
