Name,Riskiness R
BSCJ,[2.62354946e+12]
BSCK,[1.57005869e+12]
BSCL,[3.06983827e+12]
BSCM,[2.85497755e+12]
BSCN,[5.12358892e+11]
BSCO,[7.89481666e+11]
IBCD,[2.35613241e+11]
IBCE,[3.10739546e+11]
IBDC,[4.97267314e+11]
IBDD,[6.30838498e+11]
