Name,Riskiness R
DGL,0.0001733118366664595
DGLD,12198697157625.15
DGP,1719322861386.6753
DGZ,0.0001785353757965786
DZZ,9485043083502.812
GLD,0.00018321940545114543
GLL,12731108126876.408
IAU,0.00018445291841975901
OUNZ,0.00018080639983367207
SGOL,0.00018235798610584088
UBG,738993258413.7328
UGL,580197065273.7358
UGLD,34.78741217505901
