Name,Riskiness R
ECON,[1.18948816e+12]
EMCG,[1.16004869e+12]
FSTA,[0.06082028]
FXG,[0.0720736]
IYK,[0.06352931]
KXI,[0.12174191]
PBJ,[0.07303495]
PSCC,[0.06749629]
PSL,[0.05040356]
RHS,[0.05191993]
SZK,[3.10356761e+13]
UGE,[0.7945874]
VDC,[0.05974698]
XLP,[0.09189981]
