Name,Riskiness R
ARKW,0.14256082513296456
CQQQ,0.4715373713157687
FDN,0.16828235384408619
FTEC,0.18684177571672173
FXL,0.2976239946424582
IEUS,0.47407160850116575
IGM,0.15451865240107124
IGN,0.45852978285452367
IGV,0.1536961412946387
ISRA,0.00017952583945826076
IXN,0.17228909560367286
IYW,0.23799419299213667
KWEB,0.39988284229549026
PNQI,0.17438348293598271
PSCT,0.1361479862156616
PSI,0.12561717743796239
PSJ,0.00016805567422121886
PTF,0.36612765092736993
PXQ,0.4501745965520943
QQQ,0.22953720118107154
QTEC,0.16314004167967244
REW,12354592558713.365
ROBO,0.3279130846514901
ROM,0.26681551929613395
RYT,0.15698239650240778
SKYY,0.00016603806118389576
SMH,0.14843877139627878
SOCL,0.26739691787509073
SOXL,0.32462385427853396
SOXS,20697383875815.062
SOXX,0.1606268031140675
SSG,16607016326713.71
TDIV,0.0001728801618209353
TECL,0.2808545825128459
TECS,16883920667652.2
USD,0.2802836864080022
VGT,0.19026336771250413
XLK,0.18967675770125483
XNTK,0.14896260686411286
XSD,0.15089913694352827
XSW,0.23402072794931272
