Name,Riskiness R
PSCT,[0.06990427]
RYT,[0.07009954]
SKYY,[0.07086157]
IGM,[0.07145733]
XLK,[0.07197965]
