Name,Riskiness R
IHI,[0.14617612]
XHE,[0.20290371]
PSCH,[0.2310746]
BBP,[0.93770481]
CURE,[1.15625539]
