Name,Riskiness R
KXI,0.00017051474032862704
PSCC,0.00017892183844936134
XLP,0.0001807290394022909
FSTA,0.00018909252620746025
VDC,0.00019112484897938805
