Name,Riskiness R
ERUS,0.46511823197439434
FCOM,0.00021163627587554557
FONE,0.5951156570204407
IXP,0.0003054487952305159
IYZ,0.00016777454265645488
LTL,41486758247.131454
VOX,0.00020601736606685797
WBIF,0.00023118027700517172
XTL,255587353186.8057
