Name,Riskiness R
ERUS,[0.46511823]
FCOM,[1.23000886]
FONE,[0.59511566]
IXP,[2.53879095e+12]
IYZ,[3.02197534e+12]
LTL,[8.5527339e+10]
VOX,[8.78525629e+11]
WBIF,[2.4026339e+12]
XTL,[1.0509786e+11]
