Name,Riskiness R
CRAK,[0.10337113]
ARKQ,[0.10540378]
PZD,[0.16611587]
DGT,[0.17550592]
TOK,[0.19519571]
