Name,Riskiness R
ACWV,[0.04586193]
XT,[0.05776066]
MOO,[0.06307865]
JPGE,[0.06460564]
FNDC,[0.0672168]
