Name,Riskiness R
DGLD,0.013178375137074264
UGLD,1.2856302980931642
IAU,2.202229929079364
DGP,2.9172254027549727
OUNZ,3.441386417851175
