Name,Riskiness R
AAXJ,[0.71199598]
ACWX,[1.81201297e+11]
ADRA,[0.39723509]
AIA,[0.29017794]
AXJL,[2.28625771]
AXJV,[4.63599857]
CHIQ,[0.90422112]
CWI,[4.09715736e+10]
DBAP,[0.41562279]
DNL,[1.16916323e+11]
EEMA,[0.67657008]
EMCG,[2.95890548e+11]
FPA,[0.3836106]
IEMG,[7.03738695e+10]
IHDG,[0.16077471]
IQDE,[5.48743316e+11]
IQDY,[5.42453735e+10]
PAF,[1.46857513]
QEMM,[1.83423514e+11]
REMX,[4.28603446e+12]
VEU,[1.47519983e+11]
VXUS,[8.61327589e+10]
