Name,Riskiness R
ROGS,[0.09261795]
CROP,[0.10506813]
FPXI,[0.12191214]
FDTS,[0.12252451]
FLM,[0.13322455]
