Name,Riskiness R
REM,[0.10150268]
MORT,[0.11916337]
TAO,[0.13017319]
DRW,[0.13102533]
VNQI,[0.14210501]
