Name,Riskiness R
KBWY,0.00017003935244256767
PSR,0.00017888087886997592
VNQI,0.00018399560744253798
REZ,0.00018631420428822965
WREI,0.00019437674137200698
