Name,Riskiness R
Alternatives ETF List (35),15664.678817182821
Broad Asia ETF List (44),1356130182549.8093
Commodity ETF List (125),0.002469589934207718
Consumer Discretionary Equity ETF List (31),0.00017262003747134274
Consumer Staples Equity ETF List (26),0.0001997235472556618
Crude Oil ETF List (22),0.00020149291345532207
Currency ETF List (36),0.0004437973124271394
Developed Asia Pacific ETF List (108),0.00017872587570385434
Developed Markets ETF List 1 (100),0.0001664921217305795
Developed Markets ETF List 2 (100),0.00017237413265336644
Developed Markets ETF List 3 (93),258898410221.87256
Emerging Asia Pacific ETF List (114),925748861284.5994
Emerging Markets ETF List (79),0.00032468225895793026
Energy Equity ETF List (80),14024284903490.234
Financials Equity ETF List (51),0.00018447206707427265
Global ETF List (72),3228489614854.5947
Gold ETF List (17),0.00039473462899841677
Healthcare Equity ETF List (49),0.00018135309795132255
Industrials Equity ETF List (37),0.00018608510327473496
Investment Grade Corporate ETF List (50),2970667449098.2754
Junk ETF List (43),0.0007783360542815853
Materials Equity ETF List (62),0.00020855503715957698
Municipal Bond ETF List (29),1297416961677.293
Preferred Stock ETF List (12),0.00036866882114415446
Real Estate ETF List (48),0.00021484455475178756
Target Maturity Date Corporate Bond ETF List (24),1969442408802.8555
Technology Equity ETF List (75),0.23046159997015156
Telecom Equity ETF List (10),0.00022352088341417675
Total Bond Market ETF List (82),9.740206271147021e-05
Treasuries ETF List (51),2.7097486661812552e-05
Utilities Equity ETF List (24),0.00036079750703938183
Volatility ETF List (18),9090702701249.2
