Name,Riskiness R
PZD,[0.13969752]
NLR,[0.19482763]
GRID,[0.1992718]
FAN,[0.2162603]
DDG,[0.25766079]
