Name,Riskiness R
EDZ,[1.45414668e+08]
EDC,[5.14043523e+09]
SCHE,[2.6447372e+11]
PXH,[5.93112348e+11]
SPEM,[7.409244e+11]
