Name,Riskiness R
BKF,[0.58324334]
FEMS,[0.62988932]
PXH,[0.65269025]
DBEM,[0.65345502]
FEM,[0.65388676]
