Name,Riskiness R
BICK,0.00016670454919961276
EDZ,145413573.261461
EDC,5135466484.848943
SCHE,617854662900.6577
BKF,996861724993.289
