Name,Riskiness R
LQD,[34956337.87214119]
CORP,[2.40646686e+10]
SPLB,[4.74546558e+11]
USIG,[7.05705918e+11]
VCLT,[1.33187079e+12]
