Name,Riskiness R
GSY,[0.00146605]
IGSB,[0.00414043]
ICSH,[0.00635841]
VCSH,[0.00864377]
SLQD,[0.0096719]
