Name,Riskiness R
FPE,0.00033425575375445663
IPFF,617567247413.5778
PFF,0.0006714213996451193
PFXF,0.0007726075665356198
PGF,0.00025440140593366913
PGX,0.00030636265361693235
PSK,0.000266815146280237
SPFF,0.0005322646969696873
