Name,Riskiness R
BJK,[0.18370481]
CARZ,[2.10568826e+11]
CHIQ,[0.17541083]
FDIS,[0.1768381]
FXD,[3.74906595e+11]
INCO,[0.30746382]
IYC,[0.23699271]
PBS,[0.52495064]
PEJ,[2.03485336]
PEZ,[7.45620865e+11]
PMR,[1.37696414e+12]
PSCD,[0.53982679]
RCD,[3.08638148e+11]
RETL,[0.87724647]
RTH,[0.31041103]
RXI,[0.31748123]
SCC,[9.44335109e+12]
UCC,[0.21783751]
VCR,[0.18227424]
WBIA,[5.34680229e+12]
XLY,[0.14996203]
XRT,[2.84064687e+12]
