Name,Riskiness R
IXN,[0.08023472]
IGV,[0.08084563]
XLK,[0.08121004]
IGM,[0.08137196]
SKYY,[0.08217326]
