Name,Riskiness R
DBB,[0.11197788]
RJZ,[0.11522424]
IAU,[0.1303878]
GLD,[0.13388733]
SGOL,[0.13434976]
