Name,Riskiness R
NLR,0.00019994251642924344
GASL,0.002128725045018365
ERX,0.03423210530390866
ERY,1236.6380170298414
PZD,732331045166.7291
