Name,Riskiness R
ERY,[1236.63801697]
PZD,[7.67501924e+11]
DDG,[8.50035263e+11]
EMLP,[1.00144473e+12]
ENFR,[1.24178796e+12]
