Name,Riskiness R
PGF,[3.7911069e+11]
PSK,[4.36003778e+11]
PGX,[8.92330577e+11]
PFF,[1.50807371e+12]
FPE,[2.79432766e+12]
