Name,Riskiness R
FPE,[0.02106554]
PGX,[0.03325319]
PGF,[0.03447147]
PFF,[0.04204259]
PSK,[0.05081595]
