Name,Riskiness R
SMMU,1.8281447857882548e-05
SUB,1.90298750781815e-05
PVI,4.0344192932189e-05
RVNU,10041461651.617071
MLN,528823606871.73926
