Name,Riskiness R
CARZ,[1.04686037e+12]
CROP,[0.11821582]
DZK,[0.8641724]
EFO,[0.61692183]
EFU,[6.16760762e+13]
FDTS,[0.16895864]
FLM,[0.24645016]
FPXI,[0.34743667]
FTAG,[1.44227432]
FTRI,[3.61353367e+12]
GDXS,[5.66941861e+13]
HGI,[1.10781534]
IDMO,[1.26140499e+12]
IPO,[0.23055555]
PAGG,[8.56575302e+12]
PEX,[0.24364811]
ROGS,[0.08153874]
SCID,[0.20216097]
SMCP,[3.04317913]
SOIL,[3.90500718e+12]
YLCO,[4.59155371e+13]
