Name,Riskiness R
ERUS,0.9192155138980848
FCOM,0.00021163627588649157
FONE,0.5535133799739581
IXP,0.00030544879523048795
IYZ,0.00016777454266206712
LTL,772377264652.1536
VOX,0.00020601736626134327
WBIF,0.00023118027700517172
XTL,1056989487090.1693
