Name,Riskiness R
WBIF,[0.04697856]
FONE,[0.10396549]
FCOM,[0.12202107]
XTL,[0.13617978]
VOX,[0.1892222]
