Name,Riskiness R
CBND,[2.21798424e+12]
CORP,[2.58704341e+10]
GSY,[3.32184435e+12]
ICSH,[1.45004709e+12]
IGHG,[4.22727258e+12]
IGIB,[1.75848054e+12]
IGSB,[1.18365622e+12]
LQD,[35988526.10746276]
PFIG,[3.42838773e+12]
QLTA,[2.72634218e+12]
SLQD,[1.63741303e+12]
SPIB,[3.87922858e+12]
SPLB,[1.05633415e+12]
USIG,[2.10962064e+12]
VCIT,[2.6376507e+12]
VCLT,[5.71895276e+11]
VCSH,[2.51970317e+12]
