Name,Riskiness R
PPA,[0.10075208]
ITA,[0.10216011]
FIW,[0.11288952]
XAR,[0.13018963]
IYJ,[0.15799103]
