Name,Riskiness R
BBH,565555542172.2802
BIB,2.343575517387858
BIS,462.14446956599727
CURE,0.5677684126200777
FBT,1.1006534899474594
FHLC,0.0001709392906900413
FXH,1286526125697.5972
IBB,281623892154.3733
IHE,7.088353682651576
IHF,0.00019821152863802317
IHI,0.00019100806967515524
IXJ,0.00020125568288268994
IYH,55475654303.76349
PBE,2535881952843.879
PJP,1545428879276.8044
PPH,0.0001744656639335168
PSCH,1.0111609318553778
PTH,1064384802758.6271
RXD,9739580871304.422
RXL,0.5215013944807617
RYH,0.00017911209123699017
VHT,27188483418.69864
XBI,0.9431534058702257
XHE,0.00017169258956896167
XHS,489681935129.2803
XLV,0.00019128741560055863
XPH,678262315485.6139
