Name,Riskiness R
BTAL,[2.51834611]
CHEP,[2.50571622e+11]
CPI,[0.03788733]
FLAG,[0.0935025]
FMF,[3.09993167e+11]
HDG,[0.09750884]
MCRO,[1.27491413e+11]
MNA,[0.03016513]
MOM,[2.60694099e+11]
MRGR,[3.73264515e+11]
QAI,[10.90405593]
QMN,[9.07743924e+09]
RALS,[5.47335493e+11]
RLY,[1.06884144e+12]
SIZ,[1.02038686e+12]
WTMF,[4.83450499e+11]
