Name,Riskiness R
PZA,[8.90383358]
ITM,[90.26192056]
RVNU,[6.78047487e+11]
PRB,[8.93171791e+11]
SUB,[1.23751211e+12]
