Name,Riskiness R
BIL,0.00015674909651653237
DFVL,0.000183994015713075
DFVS,3523178790189.0337
DLBL,0.0001959367247822403
DLBS,2817742032792.966
DTUL,0.00019790844564609254
DTUS,0.00025499661056203556
DTYL,1518789757466.166
DTYS,1564051352912.3525
EDV,1494459029425.6948
FLAT,0.000247203060612897
GOVT,2288721214932.5264
IEF,0.000791768167882166
IEI,2698185391876.417
ITE,2249922910299.0107
PLW,0.0002776695772228968
PST,0.0005301152031350258
RISE,2851607982934.8154
SCHO,2.1204188115004933e-05
SCHR,3203565795045.8677
SHV,0.00013852712622322653
SHY,1.9702147232296835e-05
SPTL,1533458827578.7961
SPTS,3033886761117.926
STPP,0.0001663463496748195
TAPR,10287189348999.473
TBF,0.00033506923977944946
TBT,6056839199538.385
TBX,2949932603350.465
TLH,0.00033856500927250457
TLT,1201557795026.92
TMF,380156009407.1551
TMV,1875033528960.962
TTT,8481374351848.082
TUZ,1670785662713.864
TYBS,0.0003544905764057422
TYD,909722628677.8479
TYNS,0.00027620022642244654
TYO,0.00022078595346536835
UBT,396928680238.7542
UST,0.00017989629580503663
VGIT,3690301020535.4688
VGLT,0.0001687736549817321
VGSH,1.8517745335165388e-05
ZROZ,2016421537949.6255
