Name,Riskiness R
AGF,3051677653078.2656
AGQ,10245895125772.617
BCM,0.00023030842015484237
BDD,0.007717068664526585
BNO,9250585262186.613
BOIL,340.66857475479605
BOM,0.011787468086399164
BOS,0.005986723367133037
CANE,0.00019382522395774691
CORN,3904710249322.7817
CPER,2576404028436.2
DAG,13160593993005.229
DBA,0.00021202569229400017
DBB,0.00023803496143992375
DBC,0.00017824353393518477
DBE,20010954070753.625
DBO,3373155454402.801
DBP,0.00017934861139438644
DBS,1526649714474.2239
DDP,0.5488120283241332
DGAZ,0.003713814505326177
DGL,0.0001733118366664595
DGLD,2018706262312.6338
DGP,6895465049012.072
DGZ,0.0001785353757965786
DJCI,0.0002514014317014817
DJP,0.0002229691071365004
DSLV,0.017652011160262517
DTO,0.38457034038501764
DYY,2.698583064352509
DZZ,516978948056.18866
FTGC,0.0002728004649969852
FUD,970252466200.69
FUE,0.012221464506533365
GCC,0.0003849135362466199
GLD,0.00018321940545114543
GLL,1842259705183.7021
GLTR,0.00017405320760807656
GRU,5799602441206.785
GSC,32142243325580.992
GSG,20423052689412.297
GSP,18128563080470.523
IAU,0.00018445291841975901
KOLD,0.6110062597131322
LD,0.0026632736859301827
NIB,3069522652551.971
OLEM,17068455809490.477
OLO,14584235717457.982
PALL,1500570922583.5723
PPLT,5551044257729.601
RJA,0.00021204772116969247
RJI,0.00021348024838398221
RJN,27427475064683.93
RJZ,0.00022255611782743797
SCO,0.5581494302595081
SGOL,0.00018235798610584088
SIVR,1105884760402.3704
SLV,1722642122135.9353
SOYB,0.0001716708657463971
SZO,0.2828076407227619
TAGS,8397430805319.615
UAG,711379.0785074658
UBG,3762793168189.6553
UCI,11150221758182.82
UCO,169924173462.8855
UGA,7040554634478.395
UGAZ,0.0034243332892432885
UGL,4457210903315.369
UGLD,3557423776154.118
UNG,10810456909001.35
UNL,2429265803291.7603
USCI,0.00027371516210386864
USL,13438123927210.375
USLV,2572.203852127328
USO,3193863983634.051
USV,914355020812.1794
WEAT,13901751743724.2
ZSL,1050555713762.0295
