Name,Riskiness R
INDA,0.00017001542606068438
YANG,0.010511975528854293
YINN,0.01869670450972473
SMIN,0.5287522653919496
INCO,0.8473395089639143
