Name,Riskiness R
AADR,0.00016950160276436405
COPX,0.9139194982464177
DBAW,260606344339.96585
ECON,930120993111.081
EDC,1.5558799974247866
EEM,1426285010318.8892
EEMS,896695967527.5535
EMCG,1331853759551.2048
EMFM,972811081899.4628
FAN,0.39982802265574025
FIEG,0.8142272083534134
FLN,3.1261029098284645
FM,0.00020614374660068413
FNDE,17.228168358925142
FONE,0.747866376806941
FPA,189465768564.79358
FPXI,0.0001780705958312933
FWDI,653556575289.699
GDXJ,1.5271610789276702
HEEM,1105392190956.9502
HGI,920499650004.8007
HILO,1610295230997.8179
ICLN,907164406047.8398
IEMG,254421350815.70715
IFV,458456389176.0416
IQDF,0.00017346585713612893
JDST,0.002883650289504314
KOL,140025246027.93112
LIT,0.16592441249775153
PBD,499077625429.9812
PICK,8.922295962401035
QEMM,1448812992332.4836
SIL,26569209081.23516
SLVP,8.309503692203585
SLX,0.6977455189317522
SOCL,0.17204759288554575
SOIL,2143980518401.3945
TLTE,608338098692.7925
VIDI,0.00018090233367181193
