Name,Riskiness R
BZF,0.00018788358871595784
CEW,0.00045401809399127894
CNY,0.00019273297463677665
CROC,13893928755072.057
CYB,0.00026203865081170897
DBV,1216464542568.9883
DRR,466236463582.2899
EUFX,0.0005593506155369197
EUO,0.00018470987145309176
FXA,0.00024859515018369946
FXB,0.00020949001757439826
FXC,0.0008044835729915026
FXCH,0.00020421340577072924
FXE,0.0007017990293321357
FXF,0.0014286687877676713
FXS,0.0004044819693290915
FXSG,235783.96718509865
FXY,0.00022117285157717488
INR,0.00019910721262906587
UDN,0.0044450598904145705
ULE,0.00017652319144529992
URR,488228165734.80914
USDU,0.00017022711638712453
UUP,0.002060090799741884
YCL,754551387997.9578
YCS,8458477118761.571
