Name,Riskiness R
CEW,[0.07778834]
CYB,[0.0895286]
BZF,[0.11573871]
FXY,[0.1284172]
FXE,[0.13063445]
