Name,Riskiness R
DBO,[6.78728657e+12]
DTO,[2.05690245]
OLEM,[1.93966186e+12]
OLO,[1.47578528e+13]
SCO,[11028.12937935]
SZO,[1.82155958]
UCO,[6.59363844e+12]
USL,[1.46039714e+12]
USO,[6.33063691e+12]
