Name,Riskiness R
DBO,6716588284969.334
DTO,2.0569024511420837
OLEM,2036389227722.1946
OLO,14966257125247.807
SCO,11028.129250990856
SZO,1.8215595775667568
UCO,18141320805671.785
USL,1355964079327.3052
USO,13982262059811.678
