Name,Riskiness R
CBND,0.0029109348747425844
CORP,27184794356.835365
GSY,2.4549251923964587e-05
ICSH,1.8889867226122476e-05
IGHG,3765294733702.3115
IGIB,3697332739265.3716
IGSB,1.9830867548141112e-05
LQD,37329804.98832977
PFIG,1332643548076.9897
QLTA,1942435590866.877
SLQD,2349076285504.082
SPIB,4031059080696.004
SPLB,0.00038872475858771
USIG,3632347414609.786
VCIT,2082017305651.4902
VCLT,0.00033893471481034773
VCSH,2379751707291.6895
