Name,Riskiness R
IHI,[0.14798752]
XHE,[0.17932146]
PSCH,[0.30407028]
XBI,[0.39357909]
RXL,[0.43600561]
