Name,Riskiness R
PGHY,[0.0181344]
RIGS,[0.0199854]
SHYG,[0.02620581]
HYLS,[0.02847753]
ANGL,[0.03078334]
