Name,Riskiness R
AGF,7591700858203.079
AGQ,6298855904282.203
BCM,16778901717737.557
BDD,0.2922463617314133
BNO,8588266331506.155
BOIL,0.002376278331524992
BOM,5235348182.820837
BOS,84.0028287618102
CANE,31739995937528.805
CORN,66900925724166.83
CPER,0.6361106676679056
DAG,0.1551814785702771
DBA,5619880781939.309
DBB,0.20483169042385527
DBC,6776797471010.475
DBE,7283741430652.748
DBO,4182885523716.7305
DBP,648979354228.1848
DBS,3062229753623.2715
DDP,0.6767436519381282
DGAZ,1.4709263566172828
DGL,7.851057374847758
DGLD,0.013178375580136185
DGP,1.3580313460157858
DGZ,3761885971509.966
DJCI,5386717010517.42
DJP,20876482754982.273
DSLV,0.0031185472502129664
DTO,0.0026724881182149107
DYY,0.005713823114680981
DZZ,28209375185867.137
FTGC,19549406380770.17
FUD,16845101639636.586
FUE,7576525665749.18
GCC,13140897489474.352
GLD,1.0148303471257711
GLL,30202161960046.145
GLTR,16.27114271623367
GRU,12408224581050.586
GSC,3745587007351.6553
GSG,9213112228207.064
GSP,13894876110068.076
IAU,0.8755268910620682
KOLD,0.004016236740621639
LD,0.003924481186334337
NIB,5819977260231.643
OLEM,23302570948079.812
OLO,33600515147914.46
OUNZ,1.0685487651467607
PALL,0.4936227376458594
PDBC,6026144633868.995
PPLT,11154090841547.523
RJA,4606343080426.75
RJI,13377608428861.55
RJN,38137743699158.38
RJZ,0.3932118886564272
SCO,0.003388473829002951
SGOL,1.0468682495349868
SIVR,662043513601.9409
SLV,1685974506093.6123
SZO,0.8654304014113816
TAGS,58297627369226.234
UAG,23977174952633.453
UBG,1.8355411744218681
UCI,2638457977043.538
UCO,0.0018137521549184393
UGA,14095852146040.217
UGL,3.996455113915671
UGLD,1.283020841173223
UNG,1.0533572483800935
UNL,15940560879824.889
USCI,10099493588410.293
USL,4349717433436.908
USLV,1.4327676861718468
USO,12442745467628.188
USV,917235552968.2426
ZSL,0.015516547713444719
