Name,Riskiness R
AIRR,[7.51022936]
CGW,[2.6547879e+12]
CHII,[1.28567489]
EXI,[3.99273749e+11]
FIDU,[3.87622396e+11]
FIW,[6.17071213e+11]
FXR,[5.13138177e+11]
IEV,[7.27663314e+11]
ITA,[0.37812204]
IYJ,[1.93386632e+11]
IYT,[6.25876866e+11]
PHO,[1.69477486e+12]
PIO,[4.84503082e+12]
PPA,[0.39655141]
PSCI,[32.640721]
RGI,[2.01219279e+11]
SEA,[4.60742472e+12]
SIJ,[3.44402034e+12]
UXI,[0.48687688]
VIS,[1.0974141e+11]
XAR,[0.4966836]
XLI,[8.55326112e+10]
XTN,[6.43091591e+11]
_PRN,[8.14861962e+11]
