Name,Riskiness R
PSCC,[0.19211575]
PSL,[2.14944188e+11]
UGE,[2.39583253e+11]
RHS,[4.00854412e+11]
WBIL,[4.53642398e+11]
