Name,Riskiness R
DGL,0.0001733118366664595
DGLD,16349712607625.777
DGP,525915485708.18176
DGZ,0.0001785353757965786
DZZ,8877942656120.14
GLD,0.00018321940545114543
GLL,10860671827165.281
IAU,0.00018445291841975901
OUNZ,0.00018080639983367207
SGOL,0.00018235798610584088
UBG,513415155268.99457
UGL,1570354308332.858
UGLD,403353241981.9657
