Name,Riskiness R
CRAK,[0.0847945]
KOL,[0.11199809]
PZD,[0.14722182]
GRID,[0.1958386]
TPYP,[0.22248973]
