Name,Riskiness R
AGF,3160015161827.9824
AGQ,3400052723937.0273
BCM,0.00023030842015484237
BDD,0.007717068664526585
BNO,12307046220849.541
BOIL,349.02823141867077
BOM,0.01178746808640147
BOS,0.005986723367069979
CANE,0.00019382522395774691
CORN,5824162422137.232
CPER,2163688956533.115
DAG,11458598686447.043
DBA,0.00021202569229400017
DBB,0.00023803496143992375
DBC,0.00017824353393518477
DBE,6882107641127.235
DBO,3249319930691.2256
DBP,0.00017934861139438644
DBS,5531476583370.8125
DDP,0.5416630381565175
DGAZ,0.003713814505326177
DGL,0.0001733118366664595
DGLD,5023643206202.982
DGP,5155896301558.145
DGZ,0.0001785353757965786
DJCI,0.0002514014317014817
DJP,0.0002229691071365004
DSLV,0.017652005726350884
DTO,0.3871231685891094
DYY,2.8791763229337133
DZZ,709020714230.4674
FTGC,0.0002728004649969852
FUD,6999979523809.662
FUE,0.012221464496854554
GCC,0.0003849135362466199
GLD,0.00018321940545114543
GLL,492072067995.69403
GLTR,0.00017405320760807656
GRU,13502170591616.805
GSC,6331656458184.258
GSG,14275519860009.48
GSP,6178067842634.037
IAU,0.00018445291841975901
KOLD,0.5851611666608735
LD,0.0026632736859301827
NIB,2947685456791.45
OLEM,17093312102956.3
OLO,17423686803024.451
PALL,1799819561777.5774
PPLT,4223754379943.6416
RJA,0.00021204772116969247
RJI,0.00021348024838398221
RJN,6632458469220.869
RJZ,0.00022255611782743797
SCO,0.562310591462198
SGOL,0.00018235798610584088
SIVR,1999628576748.6577
SLV,1713954837706.2056
SOYB,0.0001716708657463971
SZO,0.2843708425453054
TAGS,8477053065961.9
UAG,723520.9768368083
UBG,7119345900456.35
UCI,10332744002465.387
UCO,169218053735.53537
UGA,7325580261129.042
UGAZ,0.0034243332892432885
UGL,5102315152637.064
UGLD,2229705587154.8057
UNG,3972883014373.742
UNL,2516313732347.576
USCI,0.00027371516210386864
USL,20942578838301.438
USLV,3018.524311752665
USO,17723636944954.19
USV,5692635883456.583
WEAT,12668671309555.516
ZSL,3206953022455.509
