Name,Riskiness R
SZO,[0.19463911]
DTO,[0.32303069]
DDP,[0.34264475]
SCO,[0.44945443]
KOLD,[0.48684606]
