Name,Riskiness R
LTL,[3.93588581]
XTL,[2.52373569e+11]
VOX,[3.84746065e+11]
FONE,[6.5899256e+11]
FCOM,[8.37504497e+11]
