Name,Riskiness R
ACIM,0.00019400278483227063
ARKQ,0.17833812680263242
BJK,205010106406.5532
CIL,0.00018475403266998046
CIZ,0.0001749832667392476
CUT,5.607716635039294
DBAW,251687661316.0765
DBEZ,12.516705734618075
DEW,0.0001760793729951054
DGT,0.00016971752933764555
DNL,490829861338.80444
DOO,0.00017831831969513854
DUST,0.002407414510679608
EFAD,0.0001927829091121006
EFZ,0.00025518712517244677
EUMV,0.0001931253923781098
EXI,0.00017349502955457704
FAN,0.4911306794265863
FILL,1114292299966.642
FPA,90248953417.05371
FYLD,0.0001855509777701394
GEX,392807759882.65936
GOEX,0.8062704293883834
GRES,0.00018657335716784084
GRID,0.2563560660200295
HAP,0.00016610993727711443
IDHQ,0.0001790125225280442
IMTM,0.0001671832546871739
IPKW,0.1833169411690482
IQDE,0.00018292605257102666
IQDY,120602195311.64099
ISRA,3006376526554.919
IVAL,0.00017413016796612304
JDST,0.002883650289504314
LOWC,0.0001886662085070315
LVL,1262090252555.7114
NLR,0.00019994251642924344
PBD,419357583579.1058
PIO,738079555363.4014
PIZ,0.000167500994616444
PSAU,487295936005.6806
PZD,0.17277781129426473
QWLD,0.00020063139209779854
RING,450410231377.59973
SEA,3174115550270.743
SILJ,0.9964549336898462
TOK,0.00019828337331466645
TOLZ,0.00019996244203376084
VEGI,605088129796.9454
YMLP,21652968486813.92
