Name,Riskiness R
XMPT,[5.17608174e+11]
ILTB,[6.36323962e+11]
SPAB,[7.0422877e+11]
ISTB,[8.66543136e+11]
BSV,[9.33517952e+11]
