Name,Riskiness R
BJK,[3.05070864e+12]
CARZ,[7.73708341e+12]
CHIQ,[2.15069642e+12]
FDIS,[1.81899776]
FXD,[7.42789923e+11]
INCO,[0.71666516]
IYC,[1.24364041]
PBS,[9.60381885e+11]
PEJ,[2.03538884e+11]
PEZ,[2.72277654e+12]
PMR,[9.1602913e+11]
PSCD,[1.24318451e+12]
RCD,[3.68696582e+11]
RETL,[0.44168748]
RTH,[0.43577659]
RXI,[4.89261818e+11]
SCC,[1.1652544e+13]
UCC,[0.31146365]
VCR,[1.666285]
XLY,[0.61906783]
XRT,[1.65717714e+12]
