Name,Riskiness R
SVXY,[0.6698237]
TVIX,[3.61656081e+13]
UVXY,[3.84629028e+13]
VIIX,[2.342497e+13]
VIXM,[1.06312527e+13]
VIXY,[2.05089952e+13]
XVZ,[2.65810876e+12]
ZIV,[0.76669143]
