Name,Riskiness R
AAXJ,[1.19444974e+12]
ACWX,[2.09095255e+12]
ADRA,[9.76961302e+11]
AIA,[9.65222298e+11]
AXJL,[2.81565889e+12]
CHIQ,[2.31257787e+12]
CWI,[3.72802293e+12]
DBAP,[1.30795309e+12]
DNL,[7.82150777e+11]
EEMA,[7.66711851e+11]
EMCG,[2.73722337e+12]
FPA,[4.62507703e+12]
IEMG,[3.60026772e+12]
IHDG,[1.92366347e+12]
IQDE,[7.90619796e+12]
IQDY,[2.36745712e+12]
PAF,[1.53018827e+12]
REMX,[5.91520532e+12]
VEU,[2.47939617e+12]
VXUS,[5.79497341e+12]
