Name,Riskiness R
IHDG,[0.16120171]
AIA,[0.28276779]
ADRA,[0.2964383]
FPA,[0.37383415]
DBAP,[0.42428742]
