Name,Riskiness R
FEMS,[0.15549995]
EMQQ,[0.15992123]
DGS,[0.19923791]
TLTE,[0.2064879]
EWX,[0.21028029]
