Name,Riskiness R
BJK,[0.34631567]
CARZ,[3.09189327e+11]
CHIQ,[0.34676377]
FDIS,[0.66552691]
FXD,[7.8481817e+11]
INCO,[1.96991895]
IYC,[3.12504432e+10]
PBS,[6.29895309e+11]
PEJ,[2.19662668e+11]
PEZ,[7.89464194e+11]
PMR,[9.68928982e+12]
PSCD,[9.53042444e+11]
RCD,[1.16426496e+12]
RETL,[4.36865851]
RTH,[9.19706205e+09]
RXI,[5.01696381e+10]
SCC,[1.04243853e+13]
UCC,[0.39204887]
VCR,[0.691341]
WBIA,[6.47561864e+12]
XLY,[0.40727486]
XRT,[2.50007566e+12]
