Name,Riskiness R
CBND,[1.64271947e+12]
CORP,[2.73578853e+10]
GSY,[1.77685663e+12]
ICSH,[1.52893603e+12]
IGHG,[2.04325497e+12]
IGIB,[1.45440581e+12]
IGIH,[1.90995713e+12]
IGSB,[7.38368995e+11]
LDRI,[2.04189437e+12]
LKOR,[1.5098552e+12]
LQD,[5.14744238e+12]
LQDH,[2.26765462e+12]
PFIG,[2.6529328e+12]
QLTA,[2.54269728e+12]
SKOR,[2.46256816e+12]
SLQD,[9.54441301e+11]
SPIB,[1.02846058e+12]
SPLB,[3.08766178e+12]
USIG,[1.10900808e+12]
VCIT,[1.27457259e+12]
VCLT,[1.00789891e+12]
VCSH,[9.89778775e+11]
