Name,Riskiness R
AIA,[0.12055791]
IHDG,[0.13206627]
DBAP,[0.14108505]
VEU,[0.14253473]
FPA,[0.1434052]
