Name,Riskiness R
ERUS,[0.36811249]
FCOM,[0.57538584]
FONE,[0.38354376]
IXP,[9.80578555e+11]
IYZ,[2.08652006e+12]
LTL,[6.48482039e+11]
VOX,[1.70569487e+12]
WBIF,[0.24410172]
XTL,[0.29547785]
