Name,Riskiness R
ANGL,0.00027182573882946723
CJNK,2040816717682.647
GHYG,0.006608839774449425
HYG,0.0004458436493917118
HYHG,0.0002076739746784446
HYLD,1147476555974.9316
HYLS,0.0005356956035948038
HYND,0.00021449286552151223
HYS,0.0009096082501771271
HYZD,0.0004571453630769725
JNK,0.0004075112294018746
PGHY,3535.8776979926133
PHB,0.0004902209780639629
RIGS,1198639533810.1782
SHYG,2.108629420929374
SJB,0.0003610527318759036
SJNK,3001157280781.2827
UJB,357346396086.5552
