Name,Riskiness R
DGL,0.0001733118366664595
DGLD,3803058433557.3027
DGP,275156134551.0633
DGZ,0.0001785353757965786
DZZ,11078568270922.484
GLD,0.00018321940545114543
GLL,3282126045212.3247
IAU,0.00018445291841975901
OUNZ,0.00018080639983367207
SGOL,0.00018235798610584088
UBG,410734542196.0601
UGL,226634844721.63156
UGLD,3.003774368893464
