Name,Riskiness R
DGL,[1.23285307e+12]
DGLD,[1.78949799e+13]
DGP,[6.24114843e+11]
DGZ,[4.72311861e+12]
DZZ,[1.37109534e+13]
GLD,[1.39359144e+12]
GLL,[8.09132503e+12]
IAU,[1.26469609e+12]
OUNZ,[1.22209647e+12]
SGOL,[1.36710025e+12]
UBG,[5.02149905e+11]
UGL,[1.85426854e+11]
UGLD,[5.69966821]
