Name,Riskiness R
UVXY,0.0030357288885922698
TVIX,0.0035477181089535025
SVXY,1.2802060745998323
ZIV,227939462292.99072
VIIX,3185957088849.859
