Name,Riskiness R
SZO,0.26350260876761983
DTO,0.37565291019842123
SCO,0.5464398433182821
UCO,174137357296.4222
OLO,5875674799343.594
