Name,Riskiness R
DGP,[3.864993e+11]
UBG,[5.00218923e+11]
UGL,[6.26518014e+11]
UGLD,[6.55085837e+11]
IAU,[1.27146352e+12]
