Name,Riskiness R
CARZ,435729924320.55884
CROP,0.0001899245216670194
DPK,6204400997173.348
DZK,1.316704501649582
EFO,6.257221417450801
EFU,3949502929796.811
FDTS,0.3875273273581746
FLM,0.00016843651789822682
FPXI,0.0001780705958312933
FTAG,14004868457433.016
FTRI,1266918597356.6138
GDXS,0.011036201235165771
HGI,1003624977603.0299
IDMO,1578925518574.3953
IPO,1306391164411.0928
PAGG,6811426694669.502
PEX,0.00018944531430422447
SOIL,2444216997488.21
