Name,Riskiness R
KBWP,[0.05318285]
RYF,[0.08794211]
KIE,[0.09378927]
XLF,[0.10841787]
FXO,[0.13462347]
