Name,Riskiness R
CHIQ,[0.50651958]
AIA,[0.70042713]
IHDG,[12.94714097]
FPA,[2.32578439e+10]
AAXJ,[1.29631893e+11]
