Name,Riskiness R
SZO,[0.45822893]
DTO,[0.71777722]
SCO,[1.58304257]
DBO,[2.60394081e+12]
OLEM,[3.27216124e+12]
