Name,Riskiness R
EMIF,[6.24057413e+12]
FUTY,[0.11073286]
FXU,[0.19468276]
GHII,[0.25221756]
GII,[1.17111895e+12]
IDU,[0.12294217]
IGF,[0.89115751]
INXX,[0.4052287]
JXI,[4.0400262]
PSCU,[0.08326182]
PUI,[0.1177266]
PXR,[7.69128193e+11]
UPW,[0.82681784]
VPU,[0.10251917]
WBIC,[4.14472702e+12]
XLU,[0.11317469]
