Name,Riskiness R
PSCU,[0.08326182]
VPU,[0.10251917]
FUTY,[0.11073286]
XLU,[0.11317469]
PUI,[0.1177266]
