Name,Riskiness R
FPE,[6.71039298e+11]
IPFF,[4.72616374e+11]
PFF,[2.40066442e+12]
PFXF,[3.78464706e+12]
PGF,[3.81369832e+12]
PGX,[4.2046018e+12]
PSK,[7.2674137e+11]
SPFF,[3.13496251e+12]
