Name,Riskiness R
AAXJ,6654846857767.217
ACWX,1976892364813.3704
ADRA,0.00017214282030146065
AIA,1003430275057.0635
AXJL,1763053096262.3887
CHIQ,1278031653707.3486
CWI,0.00016661214191429353
DBAP,661589374798.239
DNL,1554389402098.0652
EEMA,584215469314.0437
EMCG,1766656853556.2485
FPA,1903045919490.706
IEMG,957466141458.3539
IQDE,0.00018292605257102666
IQDY,2212099182912.4883
PAF,2091986877948.8796
REMX,5794214286570.066
VEU,1888727304004.1606
VXUS,0.00016686569577386705
