Name,Riskiness R
AAXJ,0.00018433175806375866
ADRE,0.00017841825820483006
AFTY,3.7592383570663337
AIA,0.00017172582063529408
ASEA,0.00018109629935386378
ASHR,1219723880530.1084
ASHS,5264557672976.678
ASHX,6784965351302.951
AXJV,0.0034034213042037605
CHAD,2165102928406.277
CHAU,160571693157.0564
CHIE,0.43206632611537843
CHII,2.580900964327652
CHIM,0.361899956701971
CHIQ,0.00017383954875722706
CHIX,0.6960999895903179
CN,60008579201.336945
CNHX,2343267628810.8174
CNXT,3554214662767.5874
CQQQ,2.494123680232477
CXSE,0.34847182168205243
DBEM,0.00018985776382007054
DEM,0.00019177861365064737
DGRE,0.0002597143408749841
DGS,0.00022976727045610274
ECNS,442691786711.47144
EDC,0.554735146162877
EDIV,0.00020625863600195
EDZ,10044841432388.248
EEM,0.00018430144016422679
EEMA,0.00017496537512054703
EEMV,0.00026330691147725087
EET,0.4489707622804636
EEV,32379669259194.348
EIDO,1844489705490.8892
EMQQ,1.6480949779565701
EPHE,1555450045126.7036
EPI,500119059156.0586
EUM,6504677747175.996
EWM,751718905049.1243
EWX,0.000222986864244676
FCA,0.4283233793861913
FEM,0.2836198249728163
FEMS,0.4357347209779972
FNI,0.00017330228248764912
FXI,1.2669400442670646
FXP,15339292473171.441
GMF,0.00018717689849751543
GXC,0.6277503910602127
HAO,1024318286893.3271
IDX,899411443072.294
INCO,1.7754443591286055
INDA,486540315698.54614
INDL,1.7988396383829994
INDY,200362050051.47406
INXX,186491618104.69223
KBA,2718764089127.3066
KFYP,0.6171840752554834
KWEB,117830650448.94577
MCHI,0.5796033736305796
PEK,3393762437076.206
PGJ,1680070791681.1465
PIE,0.00018535947859403898
PIN,542690956412.4364
SCIF,1552884744797.1965
SCIN,1118849113554.7375
SMIN,169795489834.18652
SPEM,0.00020365972416008134
THD,0.19876498906294096
VNM,192854615282.01135
VWO,0.0001956594749595949
XCEM,0.00019236117067690685
XINA,1697074038926.2256
XPP,0.5860298122872646
YANG,31055493131521.07
YAO,0.7237684395168721
YINN,0.031051888244933927
YXI,7960888610978.175
