Name,Riskiness R
CGW,[0.21708045]
CHII,[0.4617842]
EXI,[0.13703406]
FIDU,[0.10480456]
FIW,[0.16817912]
FXR,[0.18811374]
IEV,[3.15884989e+12]
ITA,[0.07725296]
IYJ,[0.09274504]
IYT,[0.14423515]
PHO,[1.10552153e+12]
PIO,[1.91531006e+12]
PPA,[0.07185618]
PSCI,[0.19462103]
RGI,[0.09356555]
SEA,[1.03040619e+13]
SIJ,[2.11926924e+13]
UXI,[0.18931302]
VIS,[0.09901708]
XAR,[0.099869]
XTN,[0.15045396]
_PRN,[0.47721321]
