Name,Riskiness R
EDZ,[1.56281014e+08]
EDC,[4.70857272e+09]
SCHE,[7.07934816e+11]
ADRE,[8.39065701e+11]
BBRC,[9.04001496e+11]
