Name,Riskiness R
IHI,[0.14421662]
XHE,[0.17327395]
PSCH,[0.19254347]
UBIO,[1.25779075]
PTH,[1.30319803]
