Name,Riskiness R
CBND,0.1273935743912208
CORP,0.0006237309844579419
GSY,2.2085412990267943e-05
ICSH,2.0345461570404394e-05
IGIB,279954123904.43164
IGSB,1.7569809623393908e-05
LQD,0.0005358122715140351
LQDH,0.000515016721969837
PFIG,1108.683519199345
QLTA,0.002706538166485605
SLQD,3238169738961.714
SPLB,0.0001898649091285543
USIG,0.0011335489243093568
VCLT,0.0002175770729010191
VCSH,606924024298.7516
