Name,Riskiness R
AAXJ,0.27238791264937523
ACWX,72111497450.85399
ADRA,1.304172638519133
AIA,0.1736360719995484
AXJL,0.9594939099275502
AXJV,0.0034034213042037605
CHIQ,0.18953923202268602
CWI,0.00016661214189046483
DBAP,0.44477066435049195
DNL,0.8647909168862525
EEMA,0.24760502192473335
EMCG,3.062041703477136
FPA,0.00017416505307274327
FPXI,0.00016707484948093857
HEEM,0.00020461063787417485
IEMG,0.36922057791963
IHDG,0.0001795010353263153
IPOS,294487368789.04834
IQDE,0.00020246205327244715
IQDY,9445865327.325949
PAF,0.33332208176572947
QEMM,0.00016668883807297532
REMX,0.37103574955977914
VEU,66347597280.104744
VXUS,0.00016686569527938613
XSOE,0.22813785243922746
