Name,Riskiness R
ERUS,0.8550510307130142
FCOM,1707401441952.2622
FONE,232121514691.09943
IXP,2461778094676.1914
IYZ,13403116682919.477
LTL,1461416986497.2695
VOX,4889040387482.587
WBIF,0.0002453474477020929
XTL,491309941490.5306
