Name,Riskiness R
FNDE,0.35929281924289885
FEMS,0.36701615798724607
EMQQ,0.36816317343829663
DGS,0.4714221680126883
FEM,0.4882477981317526
