Name,Riskiness R
DRN,1.2899126252401725
DRV,6300349972328.186
DRW,1.0688854407069073
EWRE,492625563803.63947
FFR,0.00021850891548513495
FREL,0.00019703667765474773
FRI,0.00019488664861875627
GQRE,0.0002222673427173152
GRI,0.00019980490633583116
ICF,0.00020052941356791726
IFEU,951317039734.9021
IFGL,0.00019321287555806524
IYR,0.00022905142536676574
KBWY,0.00017003935244256767
LRET,1.5287163711435894
MORL,0.29955121937478113
MORT,0.49377675150763645
MRRL,0.36087687939219754
PSR,0.00017888087886997592
REET,0.0002558023026958039
REK,0.0002534205015068534
REM,0.4435584149303877
REZ,0.00018631420428822965
ROOF,0.00019620391922510903
RWO,0.00020315554642116822
RWR,0.0002020413010004883
RWX,3040056858201.635
SCHH,0.00020553822040010684
SRET,0.00018484165709000612
SRS,5186953130053.599
TAO,0.3146439712123434
URE,0.847421183538261
USRT,0.000196857974074764
VNQ,0.00020042347242073234
VNQI,0.00017748377697352912
WPS,0.0002057803206794465
WREI,0.00019437674137200698
XLRE,0.0001925399317968983
