Name,Riskiness R
MNA,[0.02045524]
CPI,[0.02202211]
DIVY,[0.02480349]
MCRO,[0.02884695]
FTLS,[0.04171896]
