Name,Riskiness R
AIRR,[2.14040248]
CGW,[3.8910381e+12]
CHII,[1.53868285]
EXI,[4.194295e+11]
FIDU,[1.00159618e+11]
FIW,[2.04956171e+11]
FXR,[3.73540364e+11]
IEV,[7.54679078e+11]
ITA,[0.36021232]
IYJ,[3.60922196e+10]
IYT,[2.78565196e+11]
PHO,[1.4051589e+12]
PIO,[7.53103826e+12]
PPA,[0.38110424]
PSCI,[2.67569481]
RGI,[3.18033239e+10]
SEA,[1.26302411e+13]
SIJ,[3.44317005e+12]
UXI,[0.43816113]
VIS,[2.37425668e+11]
XAR,[0.39272946]
XLI,[3.75056941e+09]
XTN,[1.78778946e+11]
_PRN,[1.84244586e+11]
