Name,Riskiness R
LTL,[1.74674364]
XTL,[1.8159096e+11]
VOX,[2.41941718e+11]
FCOM,[2.65906112e+11]
FONE,[3.53793218e+11]
