Name,Riskiness R
BZF,[0.15864192]
CEW,[0.12084886]
CNY,[0.71307679]
CROC,[2.16214e+11]
CYB,[0.19394643]
DBV,[0.49739418]
DRR,[4.94074212e+11]
EUFX,[2.45248755e+11]
EUO,[1.28045793e+12]
FXA,[0.36760779]
FXB,[1.19407889e+12]
FXC,[0.37648557]
FXCH,[4.5696848e+11]
FXE,[0.10959054]
FXF,[0.28284854]
FXS,[7.52631113e+11]
FXSG,[0.17098528]
FXY,[0.16133029]
INR,[0.31507606]
UDN,[0.28317266]
ULE,[0.3688221]
URR,[0.62737769]
USDU,[6.41908691e+11]
UUP,[0.4687935]
YCL,[0.45465155]
YCS,[2.3899893e+12]
