Name,Riskiness R
BSCJ,[0.0117175]
IBDC,[0.01209659]
IBCD,[0.01377004]
BSCK,[0.01771222]
IBDL,[0.01969666]
