Name,Riskiness R
ECON,0.00018401530156197192
EMCG,0.0001829498619091603
FSTA,2855531819973.6606
FXG,3271496962597.801
IYK,2635027489373.4
KXI,0.00017252509579787243
PBJ,1419066494058.35
PSCC,455938854745.89087
PSL,944773083236.8394
RHS,844154793437.0056
SZK,826086998575.3958
UGE,1930101616044.6729
VDC,0.00017167816475276794
WBID,0.00018844581930533235
WBIE,0.00019759924205597814
WBIL,0.00021857714723934243
XLP,1436932686982.8413
