Name,Riskiness R
CHIM,0.46100533626053675
COPX,0.42575323656093406
CROP,1182578027979.0354
CUT,0.6352059340953066
DUST,0.0036441197069704504
FLM,178329299834.02567
FMAT,0.00016631706308800276
FTAG,113745715717.65721
FTRI,0.00016676955109355682
FXZ,0.4479171062484292
GDX,621942481644.7228
GDXJ,14.488649916046306
GDXS,8.1441266514025
GDXX,0.007754313084954287
GNR,0.0001863737965471948
GOEX,1.5836445178675005
GRES,0.00039697854411996456
GUNR,0.0002014750148182402
HAP,0.00017062838496965357
HOML,0.4114130036152509
IGE,726377668026.267
ITB,1.3408819337149422
IYM,0.00017684187231872762
JDST,0.002883650195678204
JNUG,0.0024067337245112547
LIT,0.1887883275503118
MOO,0.0002194757124157243
MXI,0.0001964622504597786
NAIL,0.5811362135435987
NUGT,0.0026141499540090233
PAGG,0.00021935327876468583
PICK,0.2474422582191582
PKB,0.00017187263502702667
PSAU,718476960742.6377
PSCM,0.19609733586411207
PYZ,0.7233624795225243
REMX,0.49566545402761586
RING,2735423884109.842
RTM,0.30121436514949174
SBM,0.0002489222985151584
SGDJ,3960225083389.452
SGDM,3155158287001.8975
SIL,5566781087553.499
SILJ,3.0749654334810086
SLVP,1730363552393.024
SLX,0.20703416445920297
SMN,5125828763663.911
SOIL,893595474818.5654
URA,361796337966.15015
UYM,0.3356546007364728
VAW,0.4176416520411187
VEGI,0.00018192541982729106
WOOD,0.00016914960081430494
XHB,1258895673754.6362
XLB,0.0001659265430070452
XME,0.2575048619446164
