Name,Riskiness R
SZO,[0.20246228]
IAU,[0.3282003]
SGOL,[0.34378909]
GLD,[0.34818553]
OUNZ,[0.35231937]
