Name,Riskiness R
IYZ,0.0001911291739908868
VOX,0.00021903494043415037
FCOM,0.00023217455411605323
LTL,15.186277457805328
XTL,277315484812.17505
