Name,Riskiness R
PGHY,[0.02209751]
RIGS,[0.02470941]
WBII,[0.03383103]
SHYG,[0.03588006]
HYLS,[0.03778872]
