Name,Riskiness R
RYF,[0.14325005]
XLF,[0.1691261]
IAI,[0.23120761]
VFH,[0.33716033]
KRE,[0.35256705]
