Name,Riskiness R
FXR,0.00016887057381919239
IEV,0.00017144659888703243
CGW,0.00017898696033362074
VIS,0.0001813658208504614
_PRN,0.00018246826545124337
