Name,Riskiness R
SMH,[0.1395887]
ROBO,[0.17422867]
XT,[0.24600558]
LIT,[0.31568703]
WOOD,[0.32445797]
