Name,Riskiness R
ALTS,[2.02638307e+12]
BTAL,[5.82530641e+12]
CHEP,[1.54119984e+13]
CPI,[1.04898409e+12]
DIVA,[5.60642865e+11]
FLAG,[0.11973722]
FTLS,[0.05986187]
HDG,[0.05747868]
MCRO,[7.44959689e+11]
MNA,[0.68025205]
MOM,[2.33537047e+12]
MRGR,[9.53368511e+10]
QAI,[3.22158492e+12]
QED,[0.07363697]
QLS,[0.12256834]
RALS,[3.60208276e+12]
RLY,[2.41973789e+11]
SIZ,[2.70860282e+13]
WTMF,[9.48139088e+12]
