Name,Riskiness R
BSCJ,2093948983273.3337
BSCK,2118719492480.6536
BSCL,2927440801589.739
BSCM,1571808044692.8608
BSCN,2673889980806.6733
BSCO,0.004748916964911381
IBCD,285161782753.5698
IBCE,0.0009953868171055753
IBDC,1529490694824.6443
IBDD,0.001096356587445756
IBDL,2091043827867.9607
IBDM,1271024116780.306
IBDN,23854.473884725718
