Name,Riskiness R
IBCE,0.0009953868171055753
IBDD,0.001096356587445756
BSCO,0.004748916964911381
IBDN,23854.473884725718
IBCD,285161782753.5698
