Name,Riskiness R
DFJ,[0.05452041]
SCJ,[0.06057024]
JPMV,[0.07829054]
FNDC,[0.10714198]
DXJS,[0.11848524]
