Name,Riskiness R
DGL,0.0001733118366664595
DGLD,4959649209232.887
DGP,821790906707.6272
DGZ,0.0001785353757965786
DZZ,9431375909043.824
GLD,0.00018321940545114543
GLL,10214325620707.098
IAU,0.00018445291841975901
OUNZ,0.00018080639983367207
SGOL,0.00018235798610584088
UBG,1533862090478.5596
UGL,1609957910771.9297
UGLD,922558758110.5015
