Name,Riskiness R
DGL,[1.07692526e+12]
DGLD,[3.74230561e+12]
DGP,[1.84932268e+12]
DGZ,[7.61306734e+12]
DZZ,[1.24051066e+13]
GLD,[9.21056118e+12]
GLL,[3.13719164e+12]
IAU,[4.59907741e+11]
OUNZ,[2.34447344e+12]
SGOL,[1.02311774e+12]
UBG,[1.50099913e+12]
UGL,[2.40573555e+12]
UGLD,[5.87676549e+11]
