Name,Riskiness R
DGL,[0.58978361]
DGLD,[1.30723785e+12]
DGP,[0.83843926]
DGZ,[6.1653221e+11]
DZZ,[5.66574597e+11]
GLD,[0.37221432]
GLL,[1.36915094e+12]
IAU,[0.34921715]
OUNZ,[0.37122122]
SGOL,[0.36874282]
UBG,[0.68526299]
UGL,[1.01141068]
UGLD,[1.501254]
