Name,Riskiness R
CBND,[0.0523882]
CORP,[0.03475478]
GSY,[0.00125969]
ICSH,[0.00624752]
IGHG,[0.02596517]
IGIB,[0.02128774]
IGSB,[0.00464701]
LDRI,[0.03409226]
LQD,[0.05311049]
LQDH,[0.02300078]
PFIG,[0.03009813]
QLTA,[0.0424645]
SKOR,[0.02419714]
SLQD,[0.01156698]
SPIB,[4.75654896e+10]
SPLB,[0.10890671]
USIG,[0.04389588]
VCIT,[0.03259788]
VCLT,[0.10416692]
VCSH,[0.00936495]
