Name,Riskiness R
BSCJ,[1.8923755e+12]
BSCK,[7.66746418e+11]
BSCL,[4.00899052e+12]
BSCM,[1.71779495e+12]
BSCN,[1.01047347e+12]
BSCO,[9.47851375e+08]
IBCD,[1.20120491e+12]
IBCE,[9.51487558e+11]
IBDC,[1.46460854e+12]
IBDD,[9.29143916e+11]
IBDL,[1.52271008e+12]
IBDM,[9.52175511e+11]
IBDN,[24068.06654623]
