Name,Riskiness R
IBDD,0.00109615076157217
IBDN,24068.06655823567
BSCO,947902933.4175105
IBDM,952181107671.8049
IBCE,1003717179575.4602
