Name,Riskiness R
IBDN,[24068.06654623]
BSCO,[9.47851375e+08]
BSCK,[7.66746418e+11]
IBDD,[9.29143916e+11]
IBCE,[9.51487558e+11]
