Name,Riskiness R
EMQQ,[0.2471768]
EEB,[0.316489]
ADRE,[0.36252013]
FEMS,[0.38870243]
FNDE,[0.4220798]
