Name,Riskiness R
PPA,[0.05411912]
ITA,[0.05891739]
XAR,[0.07879037]
XLI,[0.08293803]
FIW,[0.08432102]
