Name,Riskiness R
CBND,[0.04714188]
CORP,[0.03530678]
GSY,[0.00206577]
ICSH,[0.01563807]
IGHG,[0.39040066]
IGIB,[0.02273732]
IGSB,[0.00569683]
LQD,[0.056063]
PFIG,[0.03202114]
QLTA,[0.04605975]
SLQD,[0.01373484]
SPIB,[7.01625611e+10]
SPLB,[0.11523298]
USIG,[0.04364845]
VCIT,[0.03434471]
VCLT,[0.10285762]
VCSH,[0.01158158]
