Name,Riskiness R
ENZL,[0.45553971]
DFJ,[1.71809334e+11]
DXJS,[4.58348124e+11]
JPNL,[4.62692362e+11]
EWT,[4.746986e+11]
