Name,Riskiness R
KBWP,[0.0431847]
KIE,[0.07054301]
RYF,[0.07514587]
XLF,[0.08748951]
IAK,[0.09909007]
