Name,Riskiness R
BJK,[2.56860256e+11]
CARZ,[2.77321304e+11]
CHIQ,[1.08182932]
FDIS,[0.08723773]
FXD,[0.19059361]
INCO,[0.15601595]
IYC,[0.07808927]
PBS,[0.27543042]
PEJ,[0.1418338]
PEZ,[0.47425979]
PMR,[0.30450988]
PSCD,[0.21827941]
RCD,[0.15434587]
RETL,[0.31451448]
RTH,[0.0748932]
RXI,[0.13285898]
SCC,[3.27243978e+12]
UCC,[0.16188222]
VCR,[0.09041818]
XLY,[0.07953371]
XRT,[0.52328441]
