Name,Riskiness R
RYF,[0.13551424]
XLF,[0.14039895]
VFH,[0.25564513]
KIE,[0.26163102]
UYG,[0.26224069]
