Name,Riskiness R
ZIV,[0.60829056]
SVXY,[2.61222063]
XVZ,[4.08932641e+12]
VIXM,[4.418021e+12]
VIIX,[6.61012641e+12]
