Name,Riskiness R
ARKK,0.1558663505791713
ARKW,0.10379339142160815
CQQQ,0.5130862267114371
EMQQ,0.3275105283236978
FDN,0.1310607564414978
FTEC,0.13889182228119715
FXL,0.21905326905438427
HACK,797265137354.878
IEUS,0.5826060434980871
IGM,0.11394552402312115
IGN,1.1387314591114608
IGV,0.13535999938960777
ISRA,1219307126341.2607
IXN,0.13362383767266234
IYW,0.1656554568755337
KWEB,0.3510766086188695
PNQI,0.15160627924109968
PSCT,0.288819278409622
PSI,0.15757749145905803
PSJ,0.00016805567422121886
PTF,0.9554485823106506
PXQ,2.585865840595139
QQQ,0.17689419410950896
QTEC,0.13204269290410386
REW,6470980192292.527
ROBO,0.13773156460272923
ROM,0.20684268808034428
RYT,0.1226092836546733
SKYY,0.00016603806118389576
SMH,0.13816271877694553
SOCL,0.16890994101503645
SOXL,0.3017327638402624
SOXS,8509304574223.783
SOXX,0.14393710047845587
SSG,21123566640683.445
TDIV,0.0001728801618209353
TECL,0.22518704142365056
TECS,33512907954242.97
USD,0.23706310336579145
VGT,0.14220559295015167
XLK,0.13215913171525165
XNTK,0.11566956884504365
XSD,0.24464957150536198
XSW,0.2424366516420031
XT,0.00016731214753625912
