Name,Riskiness R
ARKW,[0.10379339]
IGM,[0.11394552]
XNTK,[0.11566957]
RYT,[0.12260928]
FDN,[0.13106076]
