Name,Riskiness R
AMJ,960427047327.1256
AMLP,1021953682207.668
AMU,5266876919338.986
AMZA,892468554974.6602
ATMP,83082549680.18633
CHIE,284420124076.4238
CRAK,0.00018076190725892775
DDG,0.0001722322007489988
DIG,6.598396816141096
DRIP,0.003083876686208084
DUG,4140707414468.66
EMLP,1651294157503.2827
ENFR,357546266568.94617
ENY,879014732820.0391
ERX,2.1295687895469992
ERY,8785944992584.743
FAN,0.0001974620094115037
FCG,2160730582087.1655
FENY,1618280357363.9268
FILL,0.8671053499404816
FRAK,1858477597984.0742
FXN,1571343489297.393
GASL,0.0037295156407710574
GEX,635792341924.2809
GREK,1143441883475.591
GRID,0.00016725459720774033
GUSH,0.0017800978792581275
ICLN,3439100402303.909
IEO,38162926135.67516
IEZ,1007660617456.5691
IXC,376.7699791871631
IYE,235649673654.93497
KOL,0.1662635629609662
MLPA,499651992986.2625
MLPB,196023313323.8401
MLPC,2507092413676.0884
MLPG,11.083237511657684
MLPI,3754212129147.586
MLPX,1348134027542.9343
MLPY,1836037931327.8962
NLR,2648164367101.1733
OIH,4376136468355.8423
PBD,889747691347.6914
PBW,729192397698.5745
PSCE,2240067142802.778
PUW,128743181558.902
PXE,743399192851.9567
PXI,492080838129.8556
PXJ,6340673378720.328
PZD,0.2037083494511706
QCLN,0.6668687722109095
RYE,1203963487919.248
TAN,1457385741557.7185
TPYP,115.30614675665383
VDE,232886285387.3594
XES,5385937988689.604
XLE,392697250889.7032
XOP,41525227723.50591
YLCO,296510024558.1908
YMLI,496248384931.03125
YMLP,7417519701378.021
ZMLP,1642815691473.279
