Name,Riskiness R
IHI,[0.05020155]
XHE,[0.06915162]
PSCH,[0.07920182]
IHF,[0.09422351]
XLV,[0.11848032]
