Name,Riskiness R
SVXY,[0.95847225]
TVIX,[3.78463014e+13]
UVXY,[2.57979172e+13]
VIIX,[1.42293118e+13]
VIXM,[9.55561171e+12]
VIXY,[1.40196348e+13]
XVZ,[3.71576496e+12]
ZIV,[0.22491917]
