Name,Riskiness R
CARZ,[3.10131478e+11]
CROP,[1.537133e+12]
DPK,[1.17551935e+13]
DZK,[0.98284835]
EFO,[1.77034821]
EFU,[8.21992539e+12]
FDTS,[2.39632016e+09]
FLM,[1.23425048e+11]
FPXI,[0.65435515]
FTAG,[1.90736301e+13]
FTRI,[1.494641e+13]
GDXS,[7.4122265e+12]
HGI,[3.9454884e+11]
IDMO,[1.09049753e+12]
IPO,[0.31866345]
PAGG,[2.70975494e+12]
PEX,[0.9051535]
ROGS,[0.33571358]
SCID,[1.31828595e+11]
SMCP,[1.4084713e+12]
SOIL,[4.77613007e+11]
YLCO,[1.13230817e+12]
