Name,Riskiness R
Total Bond Market ETF List (82),5.9787722097846756e-05
Real Estate ETF List (48),0.00016676912558365227
Developed Asia Pacific ETF List (108),0.00017819103768099232
Telecom Equity ETF List (10),0.00018243352900852274
Developed Markets ETF List 1 (100),0.00018413812365039497
