Name,Riskiness R
AAXJ,[1.0906609e+12]
ACWX,[2.63661764e+12]
ADRA,[7.09278789e+11]
AIA,[2.15553362e+11]
AXJL,[1.75057156e+12]
AXJV,[3.73292434e+12]
CHIQ,[6.23883338e+12]
CWI,[1.90341603e+13]
DBAP,[9.53295412e+11]
DNL,[2.12101233e+12]
EEMA,[2.38501965e+12]
EMCG,[2.54270828e+12]
FPA,[2.26300631e+12]
IEMG,[3.57763077e+12]
IHDG,[4.65003685]
IQDE,[1.90304944e+12]
IQDY,[8.84931594e+11]
PAF,[3.98353904e+12]
QEMM,[1.45084391e+12]
REMX,[4.41669559e+12]
VEU,[3.6595152e+12]
VXUS,[3.67057919e+12]
