Name,Riskiness R
PZA,[9.41907109]
ITM,[87.86287173]
PVI,[7.06279102e+11]
SUB,[9.29802124e+11]
PRB,[1.02966132e+12]
