Name,Riskiness R
XLY,0.00016922054288087668
RXI,0.0001716475180266616
FDIS,0.00017367192837059966
PSCD,0.00017368193353751302
VCR,0.00018181879479059397
