Name,Riskiness R
IFV,[0.44071453]
GDXJ,[26.52068339]
EDC,[7.29001288e+09]
SOCL,[1.94525589e+11]
FIEG,[4.31598444e+11]
