Name,Riskiness R
DGL,[0.38715097]
DGLD,[1.81169843e+12]
DGP,[0.67693182]
DGZ,[6.70376636e+11]
DZZ,[1.34003736e+12]
GLD,[0.27492543]
GLL,[1.06725641e+12]
IAU,[0.26284403]
OUNZ,[0.27881351]
SGOL,[0.27199866]
UBG,[0.44188133]
UGL,[0.66268684]
UGLD,[1.0271774]
