Name,Riskiness R
EMIF,[2.42372878e+12]
FUTY,[0.29256871]
FXU,[0.37169175]
GHII,[0.24450178]
GII,[1.12794684]
IDU,[0.40461637]
IGF,[1.18655448]
INXX,[1.37423071e+12]
JXI,[1.06806555e+11]
PSCU,[0.16622879]
PUI,[0.24180022]
PXR,[0.3591298]
RYU,[0.36410322]
SDP,[5.49175102e+12]
TOLZ,[0.45844654]
UPW,[0.25780558]
UTES,[0.28764404]
VPU,[0.29173955]
WBIC,[2.01243971e+12]
XLU,[0.46371988]
