Name,Riskiness R
EMIF,0.0001797873155289006
PXR,0.00018599537605282513
TOLZ,0.0001999624420337609
UTES,0.00021424138226805735
PSCU,0.0002170552748871611
