Name,Riskiness R
INR,[105.59113132]
FXSG,[272421.5692338]
YCL,[9.37868201e+11]
BZF,[1.01879397e+12]
FXB,[1.38353403e+12]
