Name,Riskiness R
IBDN,[24711.6531826]
IBDC,[4.94310394e+11]
IBCE,[8.48915157e+11]
IBDM,[8.94740193e+11]
IBCD,[9.47786566e+11]
