Name,Riskiness R
IBCE,0.0009947351470399497
IBDD,0.0010963565527866946
BSCO,0.004701639509180951
IBDN,24711.653205017763
IBDC,480869253367.82935
