Name,Riskiness R
ANGL,[2.25069706e+11]
CJNK,[3.97818065e+11]
GHYG,[1.07440143e+12]
HYG,[5.89683511e+12]
HYGH,[1.84358031e+12]
HYHG,[5.23522575e+12]
HYLD,[1.6617591e+13]
HYLS,[2.19347289e+12]
HYND,[4.87702332e+12]
HYS,[4.40959459e+12]
HYZD,[2.7393422e+12]
JNK,[5.67378506e+12]
PGHY,[3435.39668918]
PHB,[9.83015006e+11]
RIGS,[2.96425548e+12]
SHYG,[2.0905338]
SJB,[4.05140739e+12]
SJNK,[1.73254849e+12]
UJB,[1.22188936e+12]
