Name,Riskiness R
PPA,[0.09175524]
ITA,[0.09667597]
XAR,[0.11432838]
XLI,[0.11861935]
IYJ,[0.11885728]
