Name,Riskiness R
IXJ,0.00017046595775735985
LABU,0.003423161390801851
ZBIO,0.003719495875580358
UBIO,0.00970675949128745
IHI,0.16745810223702381
