Name,Riskiness R
TLEH,0.00017524504590022932
JDST,0.00165651617706374
GDXS,0.0021073316266166844
FNDE,0.11487718086262647
KOL,0.11831991586402468
