Name,Riskiness R
VQT,[0.04138893]
PHDG,[0.04163681]
RYF,[0.07251212]
KBWP,[0.07370857]
FXO,[0.07531182]
