Name,Riskiness R
CRAK,[0.08122816]
LIT,[0.11935676]
SOCL,[0.12325012]
FNDE,[0.14906866]
KOL,[0.15479081]
