Name,Riskiness R
AADR,0.0001726425552858304
FONE,0.11538344699553808
SOCL,0.11682782982054625
GDXJ,0.14594675363697338
IFV,0.18939800334607418
