Name,Riskiness R
LIT,[0.15489574]
SOCL,[0.17687317]
AADR,[0.1854542]
FONE,[0.57879338]
FIEG,[0.75495563]
