Name,Riskiness R
BDCL,0.9678001468074937
BDCS,713459407097.8478
BIZD,121010855267.04117
CHIX,1.0591623655503908
DXJF,2.472432958460656
EUFN,1381038104939.55
FAS,0.397660275515945
FAZ,15865306772212.328
FINU,0.35839728646385915
FINZ,0.07592516086561799
FNCL,0.38315734818977043
FXO,0.00017896033972198156
IAI,0.3615915331753025
IAK,0.6450341876089141
IAT,0.34782635182716626
IXG,1500409017194.587
IYF,0.7773973909966508
IYG,0.4964355709450188
KBE,0.42378897084513223
KBWB,0.45722661806195336
KBWD,1441303040014.5571
KBWP,0.00019227393014477985
KBWR,0.2748168134773569
KCE,1134210441253.477
KIE,0.0001815620462889897
KRE,0.31950365275438086
PEX,0.00018944531430422447
PFI,0.00017849105452327857
PHDG,0.0003199276205892181
PSCF,0.00017644144053100298
PSP,7273614046504.268
QABA,0.24450515295498151
RWW,0.7280460437221145
RYF,0.13638549926585244
SEF,6134956546536.977
SKF,11959130281095.02
UYG,0.3388216296496596
VFH,0.32726653033063835
VQT,0.0003911468496066982
XLF,0.15310765258825854
