Name,Riskiness R
ITM,[2.63294866]
PZA,[11.81016554]
SMB,[9.63380106e+11]
RVNU,[9.97498209e+11]
MUB,[1.05106581e+12]
