Name,Riskiness R
IBCE,0.000995391221011845
IBDD,0.0010963566080176206
BSCO,0.0049391977041380025
IBCD,232159988868.6269
BSCN,555891348411.049
