Name,Riskiness R
FLM,0.00017386558809765818
CROP,0.00022390179259633374
JDST,0.00165651617706374
DUST,0.0016602564850168868
GDXS,0.0021073316266166844
