Name,Riskiness R
ITA,[0.07631964]
XAR,[0.0779837]
PPA,[0.08071569]
FIW,[0.09871566]
FXR,[0.12363502]
