Name,Riskiness R
ITA,[0.25126394]
PPA,[0.27900636]
UXI,[0.34658587]
XAR,[0.43390552]
XLI,[0.88435104]
