Name,Riskiness R
AAXJ,[0.16835825]
ACWX,[0.13388254]
ADRA,[0.13859801]
AIA,[0.11993557]
AXJL,[0.24914234]
AXJV,[1.06591697]
CHIQ,[0.18907433]
CWI,[0.12880664]
DBAP,[0.19044925]
DNL,[0.14949429]
EEMA,[0.17427069]
EMCG,[0.39947466]
FPA,[0.156208]
FPXI,[0.11172481]
HEEM,[0.21673803]
IEMG,[0.18401827]
IHDG,[0.12353141]
IPOS,[0.1850504]
IQDE,[0.148596]
IQDY,[0.15445208]
PAF,[0.19262643]
QEMM,[0.17318682]
REMX,[0.30306947]
VEU,[0.11979009]
VXUS,[0.12237337]
XSOE,[0.14383737]
