Name,Riskiness R
FEMS,[0.16786238]
EMQQ,[0.17952613]
DGS,[0.20980682]
EWX,[0.21727226]
TLTE,[0.22399834]
