Name,Riskiness R
ANGL,[0.0339166]
CJNK,[0.03323767]
GHYG,[0.03869611]
HYG,[0.04628835]
HYGH,[0.05361892]
HYHG,[0.08818336]
HYIH,[0.06822409]
HYLD,[0.05405282]
HYLS,[0.03492287]
HYND,[0.07784256]
HYS,[0.02805212]
HYZD,[0.03192754]
JNK,[0.05046428]
PGHY,[0.01812572]
PHB,[0.03381175]
RIGS,[0.02498548]
SHYG,[0.02325205]
SJB,[2.41067063e+12]
SJNK,[0.02540051]
UJB,[0.27479411]
WBII,[0.29685037]
