Name,Riskiness R
CXSE,[0.09855627]
THD,[0.10089851]
AIA,[0.1101335]
DGS,[0.1174459]
ASEA,[0.11949518]
