Name,Riskiness R
PGHY,[0.02871437]
RIGS,[0.03057024]
ANGL,[0.04336001]
CJNK,[0.04517214]
PHB,[0.05556958]
