Name,Riskiness R
BIL,6.416532015223069e-05
DFVL,0.000183994015713075
DFVS,69826236165.54506
DLBL,0.0001959367247822403
DLBS,1709528331444.975
DTUL,0.00017561426379270574
DTUS,0.00025499661056203833
DTYL,1443279219105.0383
DTYS,1.7468754797125863
EDV,1294191016344.635
FLAT,0.00022476510266864104
GOVT,1684411718506.3647
IEF,0.0007917540626858145
IEI,3033143008745.8506
ITE,2639558382351.3726
PLW,0.0002776695772228968
PST,0.0007317776051073889
RISE,1621161389299.2534
SCHO,2.1204188114769844e-05
SCHR,3443884098137.973
SHV,8.01625469231371e-05
SHY,1.9702147232296835e-05
SPTL,1783871631870.8083
SPTS,2954524729301.702
STPP,0.0001663463496748195
TAPR,1811017395115.2124
TBF,0.0003356624761781786
TBT,6371032408715.699
TBX,2853611628216.788
TLH,0.0003385650092725037
TLT,1922408426366.1118
TMF,6883958243287.555
TMV,3327639372471.8525
TTT,3892847920564.288
TUZ,1810909100940.3616
TYBS,0.0003544905764172745
TYD,6422725939192.985
TYNS,0.00027620022642244654
TYO,0.00022078559318678028
UBT,1588405323448.5254
UST,0.00017989629580503663
VGIT,3252378960450.1807
VGLT,0.0001687736549817321
VGSH,1.8517745335165388e-05
ZROZ,1092088130622.971
