Name,Riskiness R
ECON,[1.43614965]
EMCG,[0.98280356]
FSTA,[0.05582887]
FXG,[0.06956638]
IYK,[0.07371249]
KXI,[0.08277328]
PBJ,[0.08507564]
PSCC,[0.08520438]
PSL,[0.07817771]
RHS,[0.04924365]
SZK,[1.70777947e+12]
UGE,[0.13864585]
VDC,[0.05621646]
XLP,[0.05466392]
