Name,Riskiness R
BJK,[0.52045157]
CARZ,[0.29608579]
CHIQ,[0.25124862]
FDIS,[0.066836]
FXD,[0.12167953]
INCO,[0.13365838]
IYC,[0.06322906]
PBS,[0.12858827]
PEJ,[0.10508186]
PEZ,[0.1585247]
PMR,[0.34903509]
PSCD,[0.15733872]
RCD,[0.11750848]
RETL,[0.38658177]
RTH,[0.07424042]
RXI,[0.0792484]
SCC,[1.58574344e+13]
UCC,[0.13035525]
VCR,[0.06962561]
WBIA,[0.81433305]
XLY,[0.06209353]
XRT,[0.81009052]
