Name,Riskiness R
ZIV,[0.39048831]
SVXY,[0.59782745]
XVZ,[4.68942641e+11]
VIXM,[6.00570471e+12]
VIXY,[9.19619731e+12]
