Name,Riskiness R
ARKK,0.12516178160057526
ARKW,0.09012749562544349
CIBR,0.15216221547163156
CQQQ,0.6661651237212346
EMQQ,0.6122051504038405
FDN,0.10780758913171498
FTEC,0.09027034989291273
FXL,0.09111233959564502
HACK,0.20759927648419885
IEUS,1.3550351421782865
IGM,0.08635615433585059
IGN,0.21111562156436461
IGV,0.08638885415567539
IPAY,0.00016590505441568029
ISRA,362605143101.31506
ITEQ,0.0001902578435048997
IXN,0.09588706743770706
IYW,0.10184403879016027
JHMT,0.10397826504037809
KWEB,1.342676201594079
PNQI,0.17313308776715874
PSCT,0.15780623718830847
PSI,0.13456851353464558
PSJ,0.0001680543882650958
PTF,0.17492283823753166
PXQ,0.14078954837988683
QQQ,0.11601949291040244
QTEC,0.10596278582997272
REW,15004211410124.193
ROBO,0.12208805797915588
ROM,0.15124740206328066
RYT,0.08434809228315102
SCID,695195187637.2024
SKYY,0.00016603806118389576
SMH,0.11111030133945161
SOCL,0.2199527450011511
SOXL,0.25931532951454245
SOXS,15811908650244.322
SOXX,0.11328745903307016
SSG,19248200308701.062
TDIV,0.13088504636521792
TECL,0.1810906626955709
TECS,17905453188070.586
USD,0.21256241679165325
VGT,0.08537355140284104
XLK,0.08582173019567453
XNTK,0.1159214118386268
XSD,0.17522629361578354
XSW,0.09019263173774072
XT,0.00016731214753625912
