Name,Riskiness R
DGL,0.0001733118366664595
DGZ,0.0001785353757965786
SGOL,0.00018235798610584088
GLD,0.00018321940545114543
IAU,0.00018445291841975901
