Name,Riskiness R
DZZ,[7.6222501e+11]
UGL,[9.91730816e+11]
IAU,[1.01005434e+12]
UGLD,[1.16790363e+12]
GLD,[1.69591049e+12]
