Name,Riskiness R
IXN,[0.08055081]
RYT,[0.08113752]
IGM,[0.08164451]
XLK,[0.0819051]
XNTK,[0.08307005]
