Name,Riskiness R
EMIF,[2.77353911e+12]
FUTY,[1.76904274]
FXU,[4.32199272]
GII,[9.44593702e+11]
IDU,[1.45544606]
IGF,[1.43198923e+12]
INXX,[2.69786833e+12]
JXI,[1.00689285e+13]
PSCU,[0.19834264]
PUI,[1.96317786]
PXR,[1.49963657e+12]
RYU,[9.90801983e+10]
SDP,[8.41002189e+12]
TOLZ,[1.08108652e+12]
UPW,[0.30407204]
VPU,[1.10449073]
XLU,[1.77252875]
