Name,Riskiness R
IHI,[0.0745162]
RYH,[0.10141106]
XHE,[0.10804124]
IHF,[0.10978701]
XLV,[0.10990714]
