Name,Riskiness R
BJK,[1.82370602e+12]
CARZ,[1.13046267e+12]
CHIQ,[1.07265952e+13]
FDIS,[3.21491659e+11]
FXD,[5.3720945e+11]
INCO,[0.2249686]
IYC,[1.10890853e+12]
PBS,[1.48215666e+12]
PEJ,[1.17076572e+12]
PEZ,[3.19266016e+12]
PMR,[8.45888608e+12]
PSCD,[1.38008613e+12]
RCD,[3.53956702e+12]
RETL,[0.37805395]
RTH,[1.24424217]
RXI,[3.97741869e+12]
SCC,[8.68860922e+12]
UCC,[0.5063219]
VCR,[4.0859946e+11]
XLY,[2.18294759e+11]
XRT,[3.29353781e+12]
