Name,Riskiness R
BJK,[2.11025628e+12]
CARZ,[5.45862353e+11]
CHIQ,[5.00064064e+11]
FDIS,[0.11574334]
FXD,[0.18228734]
INCO,[0.11195283]
IYC,[0.09566017]
PBS,[0.68593253]
PEJ,[0.32330423]
PEZ,[0.38564399]
PMR,[0.33732032]
PSCD,[0.52083134]
RCD,[0.17595591]
RETL,[0.27588927]
RTH,[0.08233486]
RXI,[0.18686495]
SCC,[2.70068487e+12]
UCC,[0.20815915]
VCR,[0.11782726]
XLY,[0.10277331]
XRT,[0.38576751]
