Name,Riskiness R
ACIM,0.00019177696666505172
ACWF,0.00016973771688098282
ARKQ,0.17406319890950678
BJK,0.40505634563584353
CIL,0.00018475403327830432
CIZ,0.0001749832667392476
CUT,1.053930754378164
DBAW,574019189488.3751
DBEZ,1433275161888.3062
DEW,0.0001760793729951054
DGT,0.00016801553254446988
DNL,175957065193.3846
DOO,0.00017831831969513854
DUST,0.002407414510679608
EFAD,0.0001927829091121006
EFZ,0.0002551870896955155
EUMV,0.00019312539237811103
EXI,0.00017349502955457704
FAN,69720273319.96046
FILL,1299576159541.3645
FPA,583721879986.5321
FYLD,0.0001703027979018447
GEX,4307822835192.291
GHII,1051329295979.0737
GOEX,0.6762928106571947
GRES,0.00018657335716784084
GRID,0.370372708116804
HAP,0.00016610993731704918
IDHQ,0.0001790125225280442
IMTM,0.0001671832546871739
IPKW,0.3432142333826139
IQDE,0.00018292605257102666
IQDY,650718932603.5933
ISCF,0.5271457428271593
ISRA,5528984227196.217
IVAL,0.00017413016796612304
JDST,0.002883650289504314
LOWC,0.00018866620850722235
LVL,470614126682.5525
NLR,2699206653132.4746
PBD,940523147128.0308
PIO,853112421431.9858
PIZ,0.000167500994616444
PSAU,4.429244713205841
PZD,0.3195533602122379
QWLD,0.00018322714087003238
RING,2.762016439856824
SEA,11175812270227.562
SGDJ,2.692868495837392
SILJ,0.7558750719876715
TOK,0.00019839328245915486
TOLZ,0.0001999624420337609
VEGI,1416339061004.6333
YMLP,17776490116019.03
