Name,Riskiness R
DFJ,[0.06035619]
SCJ,[0.06544964]
DLS,[0.06652663]
FNDC,[0.06674799]
JPMV,[0.07712671]
