Name,Riskiness R
FXF,[21.05643866]
BZF,[38.89962094]
UDN,[142.22704393]
EUFX,[355.19389679]
FXSG,[239850.53673127]
