Name,Riskiness R
CARZ,[1.10743076e+12]
CROP,[5.66980421e+11]
DPK,[8.35701197e+11]
DZK,[4.232996e+12]
EFO,[19889878.24228752]
EFU,[4.60101898e+12]
FDTS,[2.4798239e+12]
FLM,[2.06513758e+12]
FTAG,[1.66041147e+13]
FTRI,[1.91807775e+13]
HGI,[2.06884523e+12]
IDMO,[5.91229258e+12]
IPO,[5.23896723e+11]
PAGG,[1.40241774e+13]
PEX,[2.78079872e+12]
SOIL,[1.48493423e+13]
