Name,Riskiness R
CARZ,1088251844832.4355
CROP,0.0001899245216670194
DPK,1938662529824.1448
DZK,3379372511045.9834
EFO,19889806.53360349
EFU,1562369313822.0332
FDTS,2521046114137.244
FLM,0.00016843651789822682
FTAG,17020424265044.152
FTRI,2924410119665.316
HGI,2075722619702.329
IDMO,1904155559440.6746
IPO,14257885722587.88
PAGG,12069123112591.496
PEX,0.00018944531430422447
SOIL,16945386332637.758
