Name,Riskiness R
BZF,0.00020578254461896676
CEW,0.0004540180940188563
CNY,723018774633.7761
CROC,7609412020430.466
CYB,0.012671673797589537
DBV,2246215126031.896
DRR,12478117869022.488
EUFX,0.000559349746471601
EUO,0.00018470987145309162
FXA,0.00024859515018369946
FXB,0.00020949001757439826
FXC,0.0008039403187900101
FXCH,0.00020421340577072924
FXE,0.0022223143748576523
FXF,19.078371893454186
FXS,0.0004918094671628031
FXSG,236261.186363793
FXY,0.00022117285157717488
INR,2902697947639.8945
UDN,125.7679040765764
ULE,0.00018986195009956607
URR,1471498720336.146
USDU,0.00017022711638712453
UUP,0.002058006526946084
YCL,536411933350.589
YCS,5756916469999.38
