Name,Riskiness R
ALTS,[630349.78154301]
BTAL,[3.53247215e+12]
CHEP,[6.40978009e+12]
CPI,[1.13433069e+12]
DIVA,[9.39097691e+11]
DIVY,[4.38382305e+11]
FLAG,[5.79522124e+11]
FMF,[3.70231174e+12]
FTLS,[1.91091512e+11]
HDG,[0.22945933]
MCRO,[4.61884947e+12]
MNA,[1.83153563e+12]
MOM,[3.94596205e+12]
MRGR,[2.03892736e+12]
QAI,[3.938771e+12]
QMN,[3.61953426e+12]
RALS,[2.96639319e+12]
RLY,[2.15600953e+12]
SIZ,[2.07983078e+12]
WTMF,[4.09308533e+12]
