Name,Riskiness R
HDG,[0.22945933]
ALTS,[630349.78154301]
FTLS,[1.91091512e+11]
DIVY,[4.38382305e+11]
FLAG,[5.79522124e+11]
