Name,Riskiness R
SVXY,1.0840956234191255
TVIX,3.043375941495333
UVXY,2.605870250102775
VIIX,6.105087299048104
VIXM,72207256321907.53
VIXY,2.751215960896413
XVZ,23741851101685.18
ZIV,0.2593538463244461
