Name,Riskiness R
NFLT,[60.54864977]
FCOR,[3.49461064e+11]
MINT,[5.89680143e+11]
LDUR,[7.53579428e+11]
FLTB,[9.50236008e+11]
