Name,Riskiness R
CARZ,0.31046876628967074
CROP,0.0733131995903605
DZK,0.6148351167638535
EFO,0.4268223626226657
EFU,74822436791599.78
FDTS,0.10442643845350623
FLM,0.00017828048310128145
FTAG,1.6594858718447734
FTRI,109354462960728.0
HGI,1.8088866244165904
IDMO,1.9474954720244857
IPO,0.23551326536011044
PAGG,4609086710203.269
PEX,0.1207665098617309
SOIL,4.270469460411532
