Name,Riskiness R
FLM,0.00017828048310128145
CROP,0.07331319959036044
FDTS,0.10442643845350659
PEX,0.1207665098617309
IPO,0.23551326536011044
