Name,Riskiness R
CROP,[0.0733132]
FDTS,[0.10442644]
PEX,[0.12076651]
FLM,[0.13308498]
IPO,[0.23551327]
