Name,Riskiness R
Treasuries ETF List (51),2.7097486661812552e-05
Total Bond Market ETF List (82),9.740182588372577e-05
Developed Markets ETF List 1 (100),0.0001664921217305795
Developed Markets ETF List 2 (100),0.00017237413265336644
Consumer Discretionary Equity ETF List (31),0.000173983132577717
