Name,Riskiness R
DGS,[0.10648654]
EWX,[0.10725718]
FNDE,[0.1144966]
EEB,[0.11754455]
FEMS,[0.11766022]
