Name,Riskiness R
CORP,[2.65032857e+10]
SPLB,[1.69690136e+11]
SLQD,[7.25832934e+11]
VCSH,[8.53367174e+11]
SKOR,[8.85267631e+11]
