Name,Riskiness R
CBND,0.0028816383577454103
CORP,1083357049532.7775
GSY,2.4549251923964587e-05
IGHG,2496927758826.698
IGIB,2385198492353.2046
IGSB,1.9830867548141058e-05
LQD,27478765.959538188
PFIG,1886779020105.4492
QLTA,932340045610.0994
SLQD,2228559280061.1396
SPIB,5010968309348.703
SPLB,0.0003886894818319058
USIG,3676326631264.362
VCIT,2472609131517.965
VCLT,0.00042929883614742235
VCSH,2565878216016.1226
