Name,Riskiness R
SHYG,[2.04041555]
PGHY,[3375.23384865]
UJB,[3.17838851e+11]
ANGL,[4.26405668e+11]
PHB,[9.62856926e+11]
