Name,Riskiness R
FPE,[0.01811202]
IPFF,[1.73097169e+12]
PFF,[0.02996467]
PFXF,[0.04106781]
PGF,[0.02318865]
PGX,[0.0212422]
PSK,[0.01751411]
SPFF,[0.11677529]
