Name,Riskiness R
PGF,[2.49310642e+11]
PGX,[3.28871569e+11]
FPE,[4.39884728e+11]
PFF,[6.62351982e+11]
PFXF,[7.72472455e+11]
