Name,Riskiness R
HDG,[0.23381961]
FLAG,[1.39824778e+11]
QMN,[9.94574558e+11]
RLY,[1.02858493e+12]
QAI,[1.26331617e+12]
