Name,Riskiness R
ERUS,595123576730.4725
FCOM,0.00023217455411605323
FONE,714116267829.5398
IXP,3796525513244.7715
IYZ,0.00017940081008841564
LTL,1.1006330972685232
VOX,0.00021903494043415037
XTL,90808540119.46326
