Name,Riskiness R
IYZ,0.00017940081008841564
VOX,0.00021903494043415037
FCOM,0.00023217455411605323
LTL,1.1006330972685232
XTL,90808540119.46326
