Name,Riskiness R
FCOM,[0.94820531]
LTL,[1.1006331]
VOX,[15.02149036]
XTL,[8.14540951e+10]
IYZ,[2.84725143e+11]
