Name,Riskiness R
ACIM,0.00019400314040326813
BJK,7783972713253.861
CIL,0.0019424510751772255
CUT,4974185729394.252
DEW,0.0001760793729951054
DGT,0.00016971752933764555
DNL,3899838633880.645
DOO,0.00017831831969513854
DUST,0.002407414510679608
EFZ,0.00025518712517244677
EXI,0.00017349502955457704
FAN,158314697548.10004
FILL,5522861076805.672
FPA,460528012740.4278
FYLD,0.0001855509777701394
GEX,2449798719485.321
GOEX,0.8247938528928099
GRES,0.00018657335716784084
GRID,1566954174005.841
HAP,0.00016610993727711443
IDHQ,0.0001790125225280442
IQDE,0.00018292605257102666
IQDY,15319495151121.957
ISRA,0.00017952583945826138
JDST,0.002883650462445285
LVL,12433638688723.004
NLR,0.00019994251642924344
PBD,5853644447684.663
PIO,3121393419680.9253
PIZ,0.000167500994616444
PSAU,1018838771112.2878
PZD,2778969804824.236
RING,643774986732.3824
SEA,1391715900246.9849
SILJ,1.5584539549238527
TOK,0.00019828337331466645
VEGI,1707522766634.377
YMLP,11323680167036.387
