Name,Riskiness R
TAO,[0.8475289]
MORL,[1.60019024]
DRW,[3.07358492e+11]
KBWY,[3.40001451e+11]
URE,[3.84685867e+11]
