Name,Riskiness R
ITM,[2.6647704]
PZA,[11.68985217]
MUNI,[9.23933746e+11]
TFI,[1.03406908e+12]
VTEB,[1.10171224e+12]
