Name,Riskiness R
SRET,[0.10823815]
DRW,[0.11979886]
TAO,[0.13135608]
REM,[0.14196643]
MORT,[0.14544664]
