Name,Riskiness R
DGL,[6.2577709e+12]
DGLD,[3.75721092e+12]
DGP,[2.15197212e+12]
DGZ,[8.27909657e+12]
DZZ,[3.54294057e+12]
GLD,[1.14381353e+12]
GLL,[2.97784541e+12]
IAU,[4.35003091e+12]
OUNZ,[9.42383248e+11]
SGOL,[3.21386791e+12]
UBG,[1.36240464e+12]
UGL,[2.46053058e+12]
UGLD,[1.03272869e+12]
