Name,Riskiness R
LTL,[7.6175466]
FONE,[1.13703306e+11]
VOX,[1.24047241e+11]
FCOM,[2.02209605e+11]
XTL,[2.60528659e+11]
