Name,Riskiness R
GUNR,0.00017619276822861357
GRES,0.0002561151803269947
JDST,0.00165651617706374
DUST,0.0016602564850168868
GDXS,0.0021073316266166844
