Name,Riskiness R
QWLD,[0.11428324]
IPKW,[0.13754591]
EXI,[0.19545663]
TOK,[0.19858279]
ACIM,[0.20802976]
