Name,Riskiness R
SVXY,[0.51419034]
TVIX,[1.89378665e+13]
UVXY,[1.91840038e+13]
VIIX,[3.34310739e+12]
VIXM,[3.87884289e+12]
VIXY,[1.15314195e+13]
XVZ,[1.84076382e+12]
ZIV,[0.31658337]
