Name,Riskiness R
CBND,[5.23749352e+12]
CORP,[2.53603152e+10]
GSY,[1.04900971e+12]
ICSH,[1.31143507e+12]
IGHG,[4.65396237e+12]
IGIB,[3.81868564e+12]
IGSB,[1.73730968e+12]
LDRI,[3.45824515e+12]
LQD,[35595907.9815423]
LQDH,[1.59587965e+12]
PFIG,[4.92149418e+12]
QLTA,[4.00716388e+12]
SLQD,[3.34544231e+12]
SPIB,[2.69940108e+12]
SPLB,[5.04538208e+11]
USIG,[6.21255054e+11]
VCIT,[8.4326006e+11]
VCLT,[5.41824461e+11]
VCSH,[9.14607024e+11]
