Name,Riskiness R
DGL,[3.15747653e+12]
DGLD,[3.01669907e+12]
DGP,[1.98462571e+12]
DGZ,[8.30919747e+11]
DZZ,[1.41028732e+12]
GLD,[2.60998335e+12]
GLL,[2.93023179e+12]
IAU,[5.11472066e+12]
OUNZ,[2.77733294e+12]
SGOL,[2.93306707e+12]
UBG,[5.42739721e+12]
UGL,[4.61634672e+12]
UGLD,[2.21563427e+12]
