Name,Riskiness R
DGZ,[8.30919747e+11]
DZZ,[1.41028732e+12]
DGP,[1.98462571e+12]
UGLD,[2.21563427e+12]
GLD,[2.60998335e+12]
