Name,Riskiness R
EMIF,[2.43157602]
FUTY,[0.06408472]
FXU,[0.07434335]
GHII,[0.07571016]
GII,[0.44615933]
IDU,[0.07042971]
IGF,[0.14508679]
INXX,[0.26505717]
JXI,[0.29930003]
PSCU,[0.06057568]
PUI,[0.06662927]
PXR,[0.30473172]
UPW,[5.1179384e+12]
VPU,[0.06450701]
WBIC,[0.59082557]
XLU,[0.08116422]
