Name,Riskiness R
GII,0.0001685913549392992
JXI,0.00016991976222362987
FXU,0.0001849512813456931
VPU,0.00018781595451276137
IDU,0.00019104746976283637
