Name,Riskiness R
CRAK,[0.10411956]
SOCL,[0.11129488]
LIT,[0.1580074]
AADR,[0.18186113]
KOL,[0.19958672]
