Name,Riskiness R
INDA,0.00017001542606068438
AXJV,0.0034034213042037605
YANG,0.010511975452540442
YINN,0.01869669468767507
SMIN,0.36532895633579004
