Name,Riskiness R
SMIN,[0.36532896]
INCO,[0.49173315]
SCIF,[0.82883248]
CN,[1.13403258]
ASHR,[1.29359176]
