Name,Riskiness R
INCO,[0.14363162]
SMIN,[0.15273226]
AIA,[0.22432287]
SCIF,[0.2557729]
CQQQ,[0.27581798]
