Name,Riskiness R
ANGL,[0.04656631]
CJNK,[0.05702198]
GHYG,[0.12945697]
HYGH,[5.38092828e+12]
HYHG,[1.70798902e+12]
HYLD,[2.95912128e+13]
HYLS,[0.04815885]
HYND,[1.0398014e+12]
HYS,[0.0584085]
HYZD,[3.57432149e+12]
JNK,[0.13062354]
PGHY,[0.02331446]
PHB,[0.04724843]
RIGS,[0.0196715]
SHYG,[0.04567492]
SJB,[2.10837312e+13]
SJNK,[0.11279729]
UJB,[0.21680956]
WBII,[1.00536699e+10]
