Name,Riskiness R
FXCH,0.00019680101673283626
FXS,0.00021073595654518983
FXA,0.00022149516919602906
CEW,0.0002292076708832626
DBV,0.0002494447770693832
