Name,Riskiness R
MNA,[0.03069871]
CPI,[0.05395594]
HDG,[0.11215307]
FLAG,[0.11452574]
BTAL,[0.41727784]
