Name,Riskiness R
CRAK,[0.05826884]
PZD,[0.06922605]
GRID,[0.07672322]
NLR,[0.11080947]
FAN,[0.12171607]
