Name,Riskiness R
XLY,[0.07398645]
FDIS,[0.0801618]
VCR,[0.08337254]
IYC,[0.08435891]
RXI,[0.09719784]
