Name,Riskiness R
AGF,1741704234725.287
AGQ,6314085517286.859
BCM,0.00023030842015484237
BDD,0.007717068664526654
BNO,6119921823970.586
BOIL,299.4101466642896
BOM,0.02058287719984984
BOS,0.005986723367142706
CANE,4411544019036.936
CORN,3073785492819.448
CPER,248975009564.26044
DAG,3460577469587.6533
DBA,0.0002120256922897571
DBB,0.00023803496143992375
DBC,0.00018736246915359127
DBE,5310949430131.163
DBO,7853766403284.563
DBP,0.00017934861139438644
DBS,2328440442341.583
DDP,5.372873177949441
DGAZ,0.0037138141022270686
DGL,0.0001733118366664595
DGLD,5543528006125.289
DGP,520446769428.843
DGZ,0.0001785353757965786
DJCI,0.00025140143170008703
DJP,0.00022296721055580776
DSLV,0.017621164367976835
DTO,10.380715054405798
DYY,0.010118962453586504
DZZ,2876657941407.9116
FTGC,0.00033541662856243415
FUD,5632489985871.762
FUE,503423305653.3429
GCC,0.0003849104170167836
GLD,0.00018321940545114543
GLL,8786927056491.625
GLTR,0.00017405320760807656
GRU,8662092179949.537
GSC,3291751623616.4795
GSG,3206893319929.3975
GSP,4348834642189.964
IAU,0.00018445291841975901
KOLD,0.6909090843329856
LD,0.016938685540501975
NIB,4386503678767.372
OLEM,5918036700112.542
OLO,9545952658464.129
OUNZ,0.00018080639983367207
PALL,1.1896458374611032
PDBC,0.0001791307623757233
PPLT,1935638668592.4944
RJA,0.00023960364601256583
RJI,0.00021347998572501106
RJN,3457426677448.8853
RJZ,0.00022255611782743797
SCO,53468.202015825715
SGOL,0.00018235798610584088
SIVR,1891264875248.1865
SLV,1325270052603.2544
SOYB,0.00018429197413006576
SZO,331119818249.5326
TAGS,0.00020426472402284714
UAG,1612372589582.0845
UBG,1347867144965.6355
UCI,0.00020181389887000093
UCO,2492724191432.4517
UGA,8448980416156.121
UGAZ,0.0034243287114192125
UGL,1602633099443.53
UGLD,526098681759.13416
UNG,13406152761424.514
UNL,5368500094833.173
USCI,0.00027371516210020284
USL,1428231934723.3074
USLV,2142.925084828209
USO,2054219100242.6636
USV,2534052837586.049
WEAT,6474278001274.509
ZSL,4149979261459.521
