Name,Riskiness R
DXJS,[0.3642947]
DFJ,[0.47511523]
SCJ,[1.21092009]
JPNL,[1.24118371]
DXJ,[1.25318995]
