Name,Riskiness R
DGL,[1.17522186e+11]
DGLD,[2.96337396e+11]
DGP,[1.26468635e+11]
DGZ,[1.26129375e+11]
DZZ,[1.12692861e+11]
GLD,[2.45605132]
GLL,[2.85747935e+11]
IAU,[1.7443431]
OUNZ,[2.12303988]
SGOL,[2.27458017]
UBG,[2.65309983]
UGL,[4.94605848e+10]
UGLD,[1.10522054e+11]
