Name,Riskiness R
IPFF,[5.11738169e+11]
FPE,[6.1022809e+11]
PSK,[6.47985145e+11]
SPFF,[1.41275114e+12]
PGX,[1.63354371e+12]
