Name,Riskiness R
BBH,[0.26660943]
BIB,[0.90493991]
BIS,[1305.6594248]
CURE,[0.38513544]
FBT,[0.28579997]
FHLC,[0.11610388]
FXH,[0.17604027]
IBB,[0.41433694]
IHE,[0.29870081]
IHF,[0.10902103]
IHI,[0.05944497]
IXJ,[0.15952405]
IYH,[0.11846718]
PBE,[1.28004359]
PJP,[1.04831667]
PPH,[2.83473525e+11]
PSCH,[0.11909345]
PTH,[0.48210459]
RXD,[4.61386082e+12]
RXL,[0.25670858]
RYH,[0.09699909]
VHT,[0.11821617]
XBI,[0.32708037]
XHE,[0.08581184]
XHS,[0.18485498]
XLV,[0.10967834]
XPH,[1.69648248]
