Name,Riskiness R
CBND,0.0029108002473935404
CORP,26696394099.88588
GSY,2.4549251923964587e-05
ICSH,1.8889867226122476e-05
IGHG,3413365976331.9883
IGIB,4087411302372.7534
IGSB,1.983086754814114e-05
LQD,36708529.256844
LQDH,1132217119989.3625
PFIG,2057531084130.7705
QLTA,3579115507901.1655
SLQD,2905919360436.3716
SPIB,1426263505150.5469
SPLB,0.00038872475858771
USIG,2349128784078.9424
VCIT,2018569285367.246
VCLT,0.00033893471481034773
VCSH,3171456449254.0938
