Name,Riskiness R
BJK,[1.36571658e+12]
CARZ,[4.63679956e+12]
CHIQ,[3.35254469e+11]
FDIS,[2.96326367e+11]
FXD,[3.63174188e+12]
INCO,[0.35216083]
IYC,[3.38812803e+11]
JHMC,[9.62911623e+11]
PBS,[4.00597063e+12]
PEJ,[1.04899617e+12]
PEZ,[1.07479818e+12]
PMR,[1.78869033e+12]
PSCD,[5.15006654e+11]
RCD,[3.55784983e+12]
RETL,[2.66716133e+12]
RTH,[4.82832414e+11]
RXI,[2.97320376e+12]
SCC,[1.26967455e+13]
UCC,[0.9253428]
VCR,[4.22309472e+11]
WBIA,[2.14478235e+12]
XLY,[2.28286301e+11]
XRT,[8.11300372e+12]
