Name,Riskiness R
ECON,9701588981471.691
EMCG,4871213409161.906
FSTA,0.00022497160850672347
FXG,0.00019101650422739168
IYK,0.00021410041234598754
KXI,0.0002026766998155199
PBJ,0.00018112274606448624
PSCC,0.00026318193157833213
PSL,0.00021985668291152035
RHS,0.00023260500470211718
SZK,0.008231685959206002
UGE,0.3306374960304596
VDC,0.00022114722193524613
XLP,0.00022309258147216394
