Name,Riskiness R
AGG,1102688507244.6191
AGGY,1749487653984.21
AGND,1522995383500.9673
AGZD,2128713091500.4336
BIV,1346372830844.2898
BLV,0.00020585671325152734
BND,3689379487256.0645
BNDX,2792948063784.298
BOND,2369827817151.6367
BSV,2184697611234.1099
BYLD,1709165716567.8325
FBND,2898033866073.381
FCOR,1032226591095.5652
FLTB,945021072894.8639
FTSD,1207429168195.1316
FWDB,3710588093732.3945
GBF,1165147751757.7534
GVI,2833762874200.377
HOLD,2.1008851279176175e-05
ILTB,0.00023120582482986143
ISTB,2334910270437.459
IUSB,2385779599411.0293
KCNY,0.23108702427254357
LDUR,1397206911306.7915
MINC,2728464386819.6265
MINT,3.32729222767229e-05
NEAR,3.1305364940568344e-05
RAVI,2.7728687748445602e-05
SAGG,3903297251190.3394
SCHZ,1187038164751.1008
SPAB,1233651902698.0178
TOTL,2396461068092.211
ULST,2.0925975198065554e-05
VBND,3287723741996.718
WYDE,0.000716612490520947
XMPT,0.0005508324044996817
