Name,Riskiness R
KCNY,[0.23108702]
MINC,[8.02382497e+11]
BSV,[9.18087366e+11]
IUSB,[9.38100048e+11]
ILTB,[1.00192354e+12]
