Name,Riskiness R
FMB,[2.78240714e+12]
ITM,[84.69335141]
MLN,[2.20085666e+12]
MUB,[2.36226101e+12]
MUNI,[2.21706187e+12]
PRB,[1.79231075e+12]
PVI,[1.36058522e+12]
PZA,[9.21380011]
RVNU,[5.55495603e+12]
SHM,[4.71603901e+11]
SHYD,[1.64128789e+12]
SMB,[2.36063604e+12]
SMMU,[1.87335635e+12]
SUB,[3.41897466e+12]
TFI,[3.27823959e+12]
