Name,Riskiness R
DRN,0.6853066688630174
DRV,7082242609539.16
DRW,1212631352510.707
FFR,0.0002235725628419973
FRI,0.00019488665536166727
GQRE,0.00022223042698847693
GRI,0.0001998049063374273
ICF,0.00019187719233599708
IFEU,2425308359881.419
IFGL,0.00020830143426683943
IYR,0.00022308400590296407
KBWY,0.00017003935244256767
MORL,0.8134400431385551
MORT,427020007599.07275
PSR,0.00017888087886997592
REK,0.00019744499735976882
REM,756914306018.824
REZ,0.00017576216562192315
ROOF,0.00019620391922510903
RWO,0.00020315554730732148
RWR,0.00019955965422135242
RWX,1369714429933.3677
SCHH,0.00019923588199497684
SRS,11262146526218.121
TAO,120674656986.73016
URE,0.7294917014338758
USRT,0.00021566703549897
VNQ,0.00020043574544416137
VNQI,0.00018399560744253798
WPS,0.00020578264141317068
WREI,0.00019437674137200698
