Name,Riskiness R
FMB,[0.01462311]
ITM,[0.03279727]
MLN,[0.04582516]
MUB,[0.0248088]
MUNI,[0.02350825]
PRB,[0.26227648]
PVI,[2.17104848e+09]
PZA,[0.02611892]
RVNU,[0.04953343]
SHM,[0.015737]
SHYD,[0.05780154]
SMB,[0.01882831]
SMMU,[0.01939169]
SUB,[0.0104573]
TFI,[0.03469316]
