Name,Riskiness R
USL,[0.30425827]
OLEM,[0.38831961]
DBO,[0.44687466]
OLO,[0.58651851]
USO,[0.76762369]
