Name,Riskiness R
SHYG,[1.89678669]
PGHY,[2917.5182965]
UJB,[1.03285134e+11]
ANGL,[2.14595955e+11]
SJNK,[5.67922729e+11]
