Name,Riskiness R
BTAL,0.00023419660592851775
CHEP,0.00023154187704523856
CPI,2459492453054.6973
FLAG,0.00016923835226366225
FMF,0.00036801094686508135
HDG,0.24990460772418163
MCRO,2468018535538.002
MNA,871884975213.636
MOM,0.00017345212725961346
MRGR,0.00022718927634847222
QAI,1312907542309.1997
QMN,2266994072015.0605
RALS,3335590826966.4854
RLY,0.0003118208457941711
SIZ,4525968060836.162
WTMF,2763685834100.6772
