Name,Riskiness R
HDG,[0.24990461]
FLAG,[1.85863642e+11]
MNA,[8.76125209e+11]
QAI,[1.3679478e+12]
BTAL,[1.49123819e+12]
