Name,Riskiness R
PPA,[0.12964561]
ITA,[0.1303166]
FIW,[0.21368394]
XAR,[0.21402049]
UXI,[0.28077671]
