Name,Riskiness R
EMIF,[6.57109306e+11]
FUTY,[2.28774415]
FXU,[3.21267932e+11]
GII,[7.20477062e+11]
IDU,[2.72881057]
IGF,[6.5698964e+11]
INXX,[2.20849748e+10]
JXI,[5.09351385e+11]
PSCU,[0.17452594]
PUI,[0.44516781]
PXR,[8.44079744e+11]
RYU,[1.9187466e+11]
SDP,[8.1071213e+12]
TOLZ,[6.9793222e+11]
UPW,[0.34136419]
VPU,[1.16864793]
WBIC,[1.95823023e+12]
XLU,[10.44319796]
