Name,Riskiness R
PSCU,[0.17452594]
UPW,[0.34136419]
PUI,[0.44516781]
VPU,[1.16864793]
FUTY,[2.28774415]
