Name,Riskiness R
MORL,[1.80041335]
TAO,[22.14527922]
URE,[3.95641804e+11]
DRW,[5.56346195e+11]
WPS,[6.64492792e+11]
