Name,Riskiness R
DBO,24704757284097.66
DTO,0.0026724881182149107
OLEM,108376072970112.98
OLO,93100686117976.78
SCO,0.003076120444133623
SZO,0.18648682168481073
UCO,0.0018137521549184393
USL,23535325906001.004
USO,119763774499206.94
