Name,Riskiness R
IBDC,[0.01086833]
IBCD,[0.0122549]
BSCJ,[0.01691897]
IBDD,[0.01918108]
IBCE,[0.01968519]
