Name,Riskiness R
FMB,[7.76687044e+11]
ITM,[1.97480616]
MEAR,[1.53850713e+12]
MLN,[1.22008329e+12]
MUB,[1.39602638e+12]
MUNI,[1.88710324e+12]
PRB,[1.01041768e+12]
PVI,[1.48340859e+12]
PZA,[9.45990985]
RVNU,[1.43065991e+12]
SHM,[1.47342283e+12]
SHYD,[1.04499794e+12]
SMB,[2.41667178e+12]
SMMU,[1.45581901e+12]
SUB,[1.61396509e+12]
TFI,[2.93630311e+12]
