Name,Riskiness R
AIRR,[0.41538172]
CGW,[1.50069594e+12]
CHII,[5.27262856e+11]
EXI,[1.86832774]
FIDU,[0.38910991]
FIW,[0.2244523]
FXR,[3.85658623]
IEV,[1.77883682e+12]
ITA,[0.1240404]
IYJ,[0.31531094]
IYT,[1.92548802e+11]
JETS,[1.49511091]
PHO,[3.35654845e+11]
PIO,[1.39164712e+12]
PPA,[0.12197725]
PSCI,[0.59657714]
RGI,[0.4614969]
SEA,[8.06872151e+12]
SIJ,[1.04462125e+13]
UXI,[0.24498762]
VIS,[0.45035035]
XAR,[0.2061085]
XLI,[0.29883765]
XTN,[1.78069984e+11]
_PRN,[2.28354324]
