Name,Riskiness R
RTH,[0.19405198]
XLY,[0.19852244]
UCC,[0.21320826]
FDIS,[0.21584076]
VCR,[0.21939695]
