Name,Riskiness R
BSCJ,[2.75987264e+12]
BSCK,[1.59747166e+12]
BSCL,[3.80134219e+12]
BSCM,[3.32162664e+12]
BSCN,[5.50573173e+11]
BSCO,[4.51527646e+12]
IBCD,[2.30856637e+11]
IBCE,[2.86283513e+11]
IBDC,[5.37758145e+11]
IBDD,[1.62281301e+11]
