Name,Riskiness R
IBCE,0.0009953912210118564
IBDD,0.0010963566079903626
BSCO,0.004935488534992251
IBCD,232161057819.95102
IBDC,539491721335.599
