Name,Riskiness R
PPA,[0.08376585]
ITA,[0.08738291]
XAR,[0.10021278]
XLI,[0.10680764]
IYJ,[0.10763671]
