Name,Riskiness R
SMH,[0.23640745]
GDXJ,[0.63735363]
SIL,[0.82526793]
GDX,[1.14040059]
JNUG,[2.75189061]
