Name,Riskiness R
AIRR,[0.19357583]
CGW,[8.34424314e+10]
CHII,[5.6849315e+11]
EDOM,[5.64152212e+11]
EXI,[0.54730546]
FIDU,[0.23202995]
FIW,[0.12270044]
FXR,[0.22000893]
IEV,[7.18722518e+11]
ITA,[0.09998399]
IYJ,[0.21126108]
IYT,[0.46027833]
JETS,[2.35981905e+11]
PHO,[0.41092551]
PIO,[3.52968932e+11]
PPA,[0.10299676]
PSCI,[0.19936164]
RGI,[0.23113318]
SEA,[8.31787495e+12]
SIJ,[1.32810957e+13]
UXI,[0.20189261]
VIS,[0.25770598]
XAR,[0.10812424]
XLI,[0.22450805]
XTN,[0.38744457]
_PRN,[0.41195926]
