Name,Riskiness R
ITA,[0.09998399]
PPA,[0.10299676]
XAR,[0.10812424]
FIW,[0.12270044]
AIRR,[0.19357583]
