Name,Riskiness R
BSCJ,[6.0446207e+11]
BSCK,[7.5454879e+11]
BSCL,[7.44944668e+11]
BSCM,[1.73382183e+12]
BSCN,[1.03301816e+12]
BSCO,[9.19718685e+08]
IBCD,[1.63013199e+12]
IBCE,[9.35839374e+11]
IBDC,[2.9376932e+12]
IBDD,[8.58474447e+11]
IBDL,[1.98506944e+12]
IBDM,[9.82889269e+11]
IBDN,[23614.22525153]
