Name,Riskiness R
IBDN,[23614.22525153]
BSCO,[9.19718685e+08]
BSCJ,[6.0446207e+11]
BSCL,[7.44944668e+11]
BSCK,[7.5454879e+11]
