Name,Riskiness R
SZO,[0.27229412]
DTO,[0.37463075]
SCO,[0.54831137]
UCO,[1.72663221e+11]
OLO,[5.91602053e+12]
