Name,Riskiness R
PXH,[0.84334124]
FNDE,[1.24320362]
EEB,[1.43636113]
BKF,[1.61928745]
ADRE,[2.03967566]
