Name,Riskiness R
IHI,[0.13988079]
XHE,[0.18316368]
PSCH,[0.35018088]
RXL,[0.42908318]
XBI,[0.43073341]
