Name,Riskiness R
FPXI,0.00016707484948093857
GDXS,0.01103620114080843
DZK,6.894411760269232
ROGS,83.1598343415192
FDTS,229063022021.2315
