Name,Riskiness R
ITA,[0.11010025]
PPA,[0.11100243]
FIW,[0.15496917]
IYJ,[0.16562218]
XLI,[0.16796865]
