Name,Riskiness R
SVXY,[1.73922296]
TVIX,[1.10128479e+13]
UVXY,[1.27794687e+13]
VIIX,[6.51736075e+12]
VIXM,[4.67225548e+12]
VIXY,[5.78829232e+12]
XVZ,[1.05584341e+13]
ZIV,[0.34082767]
