Name,Riskiness R
BJK,[0.4026516]
CARZ,[3.1932412e+12]
CHIQ,[1.22459449]
FDIS,[0.12716378]
FXD,[1.72131429]
INCO,[1.26782901]
IYC,[0.1312358]
JHMC,[0.27725355]
PBS,[0.55623387]
PEJ,[0.81578687]
PEZ,[0.48964002]
PMR,[1.14200875e+12]
PSCD,[0.293108]
RCD,[1.60939549e+11]
RETL,[1.21232551]
RTH,[0.16604486]
RXI,[0.33190872]
SCC,[1.2563429e+13]
UCC,[0.15458512]
VCR,[0.14976284]
WBIA,[9.33610437e+11]
XLY,[0.13234806]
XRT,[4.87050807e+11]
