Name,Riskiness R
FDIS,[0.12716378]
IYC,[0.1312358]
XLY,[0.13234806]
VCR,[0.14976284]
UCC,[0.15458512]
