Name,Riskiness R
SVXY,[0.81465787]
TVIX,[6.06268943e+13]
UVXY,[7.55585592e+13]
VIIX,[1.3551019e+13]
VIXM,[2.0781175e+13]
VIXY,[1.25315501e+13]
XVZ,[3.44560681e+12]
ZIV,[0.22715213]
