Name,Riskiness R
PSCC,[0.232931]
UGE,[1.13810926]
PSL,[3.40738456e+10]
WBID,[2.98752142e+11]
IYK,[3.15417145e+11]
