Name,Riskiness R
IAK,0.00017654957280906867
PHDG,0.00020439467198062907
KIE,0.0002110754897775842
VQT,0.00022798218714251234
KBWP,0.00022925179377974352
