Name,Riskiness R
FMB,2608921843587.2905
ITM,85.88775661360168
MLN,0.0029091095044967664
MUB,2689093509091.6235
MUNI,2720497293764.7256
PRB,1745843016309.588
PVI,4.03392903867364e-05
PZA,9.714713670163505
RVNU,0.0011588302751583952
SHM,1273222780319.0452
SHYD,0.0008655372903988875
SMB,2207370091418.788
SMMU,3280979815722.5444
SUB,1.7538023187996516e-05
TFI,933956694135.4626
