Name,Riskiness R
ACIM,0.00018501565498723138
ARKQ,0.12856306063974418
BJK,0.18775072985188784
CIL,0.0656645267560064
CIZ,0.00017695693084493567
CUT,0.13006727651843408
DBAW,0.2581947451801493
DBEZ,0.2723155877339155
DEW,0.3098076191681751
DNL,0.19602007076353725
DOO,0.00016797969540930023
DUST,0.0016602564850168868
EFAD,822580862206.1465
EFZ,0.0001664035286163119
EUMV,0.0001829336254046805
EXI,0.00018607604678602208
FAN,0.13143235689848273
FILL,0.6218170597183066
FPA,0.43031211071320247
FYLD,0.00016622884469959
GEX,525588972133.8718
GHII,0.2522175592333527
GOEX,0.45543870260552916
GRES,11.222771095175787
GRID,0.09933560667636716
HAP,0.4081299848415004
IDHQ,0.00019741015899700788
IMTM,0.0001752104692592403
IPKW,0.0001715888784018767
IQDE,0.6653976325519118
IQDY,0.259683896565473
ISRA,11217852548776.2
IVAL,0.00016782788504633177
JDST,3.769143125679622
LOWC,0.00017830364885846573
LVL,3108698147099.5986
NLR,0.2612031912842064
PIO,0.5928899897764852
PIZ,0.00017709234023774141
PZD,0.09505368831044249
RING,0.002219051530651101
SEA,10665941276487.807
SGDJ,0.755379297314877
SILJ,0.5164418438702584
TOLZ,2620894746248.5596
VEGI,0.25886877142972664
YMLP,0.9809917069079753
