Name,Riskiness R
PZD,[0.22716563]
IPKW,[0.26762707]
ARKQ,[0.27170461]
EXI,[0.50079867]
FAN,[0.50704577]
