Name,Riskiness R
CARZ,[3.77471873e+11]
CROP,[0.29385109]
DPK,[5.43370542e+12]
DZK,[1.37191373]
EFO,[1.46841483]
EFU,[3.78278989e+12]
FDTS,[0.80487219]
FLM,[37.21889331]
FPXI,[2.15853802e+11]
FTAG,[1.7932608e+13]
FTRI,[1.39691166e+12]
HGI,[2.84399794e+12]
IDMO,[5.08609232e+11]
IPO,[2.08815842e+11]
PAGG,[2.6704956e+12]
PEX,[2.23553538]
SOIL,[1.14199387e+12]
