Name,Riskiness R
FLM,0.00016843651789822682
FPXI,0.0001780705958312933
PEX,0.00018944531430422447
CROP,0.0001899245216670194
FDTS,0.8048721947379812
