Name,Riskiness R
CARZ,450857732674.6616
CROP,0.0001899245216670194
DPK,4654054441906.644
DZK,1.792655422925871
EFO,298742351700.90845
EFU,3648533564588.6514
FDTS,0.5972042182718895
FLM,0.00016843651789822682
FPXI,0.0001780705958312933
FTAG,12216890439549.453
FTRI,3569265814053.059
GDXS,0.011036201136797697
HGI,1199405817926.9636
IDMO,1052043936450.6328
IPO,512142843147.0103
PAGG,1573171546855.731
PEX,2.5739055592341837
ROGS,1.4861532663383843
SMCP,931607853425.7982
SOIL,2213388385483.728
