Name,Riskiness R
ACIM,0.00019177696666505172
ACWF,0.00016973771688098282
ARKQ,0.17973347059154537
BJK,0.6303836098305382
CIL,0.00018475403327830432
CIZ,0.0001749832667392476
CUT,291866186831.5561
DBAW,2177990258914.9312
DBEZ,1511429641256.9463
DEW,0.0001760793729951054
DGT,0.00016801553254446988
DNL,859099624245.7075
DOO,0.00017831831969513854
DUST,0.002407414510679608
EFAD,0.0001927829091121006
EFZ,0.0002551870896955155
EUMV,0.00019312539237811103
EXI,0.00017349502955457704
FAN,348166165599.8129
FILL,434363191276.57983
FPA,860671021519.4332
FYLD,0.0001703027979018447
GEX,1906742997457.997
GHII,736379651545.4999
GOEX,0.7201269249232707
GRES,0.00018657335716784084
GRID,0.42610856650474477
HAP,0.00016610993731704918
IDHQ,0.0001790125225280442
IMTM,0.0001671832546871739
IPKW,0.32565709397746356
IQDE,0.00018292605257102666
IQDY,1135828808483.98
ISCF,0.601685175674513
ISRA,2165844669684.7852
IVAL,0.00017413016796612304
JDST,0.002883650289504314
LOWC,0.00018866620850722235
LVL,2362192361033.001
NLR,1067078690905.2883
PBD,3408126383558.3906
PIO,1354841506406.7856
PIZ,0.000167500994616444
PSAU,42357077764.24279
PZD,0.37643127905963253
QWLD,0.00018322714087003238
RING,7.090403765260822
SEA,5453862988439.455
SGDJ,4.543539664719618
SILJ,0.8641106906796252
TOK,0.00019839328245915486
TOLZ,0.0001999624420337609
VEGI,1496550832425.6887
YMLP,18749100120159.25
