Name,Riskiness R
ADRE,[0.61782375]
SPEM,[0.86333529]
SCHE,[0.8945285]
VWO,[0.91348946]
BKF,[1.04248747]
