Name,Riskiness R
UGLD,[1.29276618]
IAU,[2.06485676]
DGP,[2.57534613]
GLD,[2.7873577]
SGOL,[2.7910974]
