Name,Riskiness R
BICK,0.00016670454919961276
EDZ,109317416.18834007
EDC,7247403837.8514595
BKF,592478408376.0371
VWO,881910641225.2681
