Name,Riskiness R
AADR,0.00016950160276436405
COPX,0.6150536731698024
DBAW,589216387197.2396
ECON,1139924575124.3965
EDC,0.7262207361516866
EEM,0.9522508723236612
EEMS,283981292636.21356
EMCG,895003540002.3606
EMFM,311655812865.4016
FAN,1.1800858923958117
FIEG,0.7834194727156603
FLN,0.4202315424964593
FM,0.00020614374660068413
FNDE,0.35929281924289885
FONE,0.51112712690794
FPA,172099403248.24054
FPXI,0.00016707484948093857
FWDI,108587001387.35571
GDXJ,0.44375577909002856
GDXS,0.011036201141326911
HEEM,517016324976.6842
HGI,689347157954.7101
HILO,191875317630.3286
ICLN,543738826181.38586
IEMG,0.8972247946968904
IFV,803747728856.7977
IQDF,0.00017346585713612893
JDST,0.002883650289504314
KOL,0.29492975507631125
LIT,0.2217036370258207
PBD,1058330803953.3735
PICK,0.47809407998321923
QEMM,312144843232.50616
SIL,0.5425050457830481
SLVP,0.4590200968811736
SLX,0.2783911828846514
SOCL,0.20670081146102567
SOIL,1323500331575.4414
TLTE,1.1194825411142608
VIDI,0.00018090233367181193
