Name,Riskiness R
AADR,[0.09177331]
VIDI,[0.10472536]
FONE,[0.10840873]
SOCL,[0.11009892]
FM,[0.11257224]
