Name,Riskiness R
GASL,0.00372951564084052
PZD,0.37643127905963253
GRID,0.4191177419899834
KOL,0.5611888634149461
ERX,1654498989.1476736
