Name,Riskiness R
RVNU,[8.5801515e+09]
MLN,[8.26186836e+10]
SMB,[7.92725958e+11]
MUNI,[8.61587204e+11]
SHM,[1.71858757e+12]
