Name,Riskiness R
RWR,[0.09791416]
ICF,[0.10083448]
GQRE,[0.10103807]
SCHH,[0.1010732]
REZ,[0.10473241]
