Name,Riskiness R
ITB,[0.36523426]
GOEX,[0.57496146]
LIT,[0.59028771]
PKB,[0.59048495]
SILJ,[0.71762095]
