Name,Riskiness R
DRN,2255010071314.1934
DRV,4446743933039.041
DRW,542481352924.8759
FFR,0.00021850891548513498
FREL,0.00019703667765474773
FRI,0.00019488664861875627
GQRE,0.00022226734281251975
GRI,0.0001998049063374273
ICF,0.00021158835885548338
IFEU,729924005713.4734
IFGL,0.00019321287555806524
IYR,0.00024354729745536624
KBWY,0.00017003935244256767
LRET,1138138660028.9873
MORL,1.1022859058708967
MORT,221383753347.5567
PSR,0.00017888087886997592
REET,0.00025510023443178737
REK,0.0002534205015068534
REM,835597809749.3239
REZ,0.00018631420428822965
ROOF,0.00019620391922510903
RWO,0.00020315554730732148
RWR,0.00020204130144103457
RWX,7254522037354.783
SCHH,0.00020553822072816484
SRET,0.00018484165709000612
SRS,4495033674230.435
TAO,0.9043664584672246
URE,400822727282.3992
USRT,0.0002156670350309737
VNQ,0.00020042347242073245
VNQI,0.00017748377705773365
WPS,0.00020578286868945536
WREI,0.00019437674137200698
