Name,Riskiness R
AIRR,[3.67357351]
CGW,[3.22634646e+11]
CHII,[5.37689507e+10]
EXI,[1.79659233e+11]
FIDU,[1.47334422]
FIW,[0.67354105]
FXR,[9.61621928e+11]
IEV,[1.71122668e+12]
ITA,[0.23940027]
IYJ,[0.8979331]
IYT,[2.0856854e+12]
PHO,[2.44549641e+12]
PIO,[1.33965372e+12]
PPA,[0.25593477]
PSCI,[0.73486152]
RGI,[2.85800564]
SEA,[1.44717232e+12]
SIJ,[1.19259762e+13]
UXI,[0.32735575]
VIS,[1.23282695]
XAR,[0.345524]
XLI,[0.78279236]
XTN,[1.08663881e+12]
_PRN,[9.5161524e+11]
