Name,Riskiness R
SZO,[0.22692643]
DTO,[0.338131]
SCO,[0.47168411]
UCO,[1.82538111e+11]
OLEM,[2.75650746e+12]
