Name,Riskiness R
SZO,0.22692643234786994
DTO,0.3381309966625845
SCO,0.4716841143647971
UCO,181963590696.68744
OLO,5753650767720.867
