Name,Riskiness R
AADR,0.0001726425552858304
GDXS,0.0021073316266166844
SOCL,0.0705984339909623
FONE,0.11149894155905282
FAN,0.13906288302233677
