Name,Riskiness R
AIA,[0.23470504]
EEMA,[0.370647]
PAF,[0.37885126]
IEMG,[0.43812067]
AAXJ,[0.44606653]
