Name,Riskiness R
FONE,[1.14013997]
XTL,[1.18133625]
FCOM,[1.32437603]
LTL,[8.04278608]
IYZ,[5.53613145e+11]
