Name,Riskiness R
MINT,[0.00139891]
NEAR,[0.00227071]
ULST,[0.00345895]
RAVI,[0.00352896]
HOLD,[0.00568761]
