Name,Riskiness R
ALTS,[3.32502862e+12]
BTAL,[5.52224511e+12]
CHEP,[2.92644376e+12]
CPI,[4.94841162e+12]
DIVA,[8.35067349e+11]
DIVY,[9.50347684e+11]
FLAG,[0.6407228]
FMF,[1.58849008e+12]
FTLS,[3.17756511e+11]
HDG,[0.22743862]
HTUS,[7.97603389e+11]
MCRO,[1.56568314e+12]
MNA,[1.35545204e+12]
MOM,[9.33048402e+11]
MRGR,[2.74320715e+12]
QAI,[5.63065286e+12]
QED,[1.26522116e+12]
QMN,[2.3713984e+12]
RALS,[2.70420448e+12]
RLY,[7.05874174e+11]
SIZ,[3.63651973e+12]
WTMF,[3754295.62181255]
