Name,Riskiness R
GSY,1.67939199071937e-05
ICSH,1.8889867226122476e-05
IGSB,2.2255978579837127e-05
VCLT,0.00033893435428830447
IGIH,0.0004442848499099113
