Name,Riskiness R
CARZ,1275321743640.2524
CROP,0.0001899245216670194
DPK,871360735636.7471
DZK,5442062914940.037
EFO,21250904.836115897
EFU,1459282423266.1582
FDTS,3154826762699.6904
FLM,0.00016843651789822682
FTAG,16087292727291.955
FTRI,16736705095133.305
HGI,5590372200082.537
IDMO,1637833334339.1396
IPO,777951009456.6301
PAGG,2293462023485.8154
PEX,0.00018944531430422447
SOIL,2040929992159.17
