Name,Riskiness R
AIRR,[0.43686613]
CGW,[8.86248982e+11]
CHII,[1.58474394e+12]
EXI,[1.28486243]
FIDU,[0.3966945]
FIW,[0.21214798]
FXR,[1.73078888]
IEV,[1.68688751e+12]
ITA,[0.12304718]
IYJ,[0.30849016]
IYT,[117.86141882]
JETS,[0.48536256]
PHO,[3.21844703e+11]
PIO,[1.45179421e+12]
PPA,[0.12291871]
PSCI,[0.53152722]
RGI,[0.45597697]
SEA,[3.17284024e+12]
SIJ,[1.22366151e+13]
UXI,[0.25094624]
VIS,[0.40497188]
XAR,[0.20726582]
XLI,[0.2732894]
XTN,[8.2170402]
_PRN,[4.83592051]
