Name,Riskiness R
ACWI,0.0001704425154014451
ACWV,0.00026494153140892406
ACWX,1840107560615.0244
CGW,0.0001999105412321406
CWI,0.00016661214191429353
DBEF,2653904073787.073
DIM,0.00017777533961486512
DLS,0.00018431264394697317
DOL,0.00016611993963795967
DTH,0.0001663647763642793
DWM,0.00017009828164643158
DWX,2212857608384.203
EFA,0.0001703985936846905
EFAV,0.00023397801304222724
EFG,0.00017249310837003117
EFV,2539837738385.393
EWS,9292854531076.365
EZU,1291464579989.974
FDT,18816392820802.832
FGD,0.00017836707304100792
FNDC,0.00017627052970601036
FNDF,947196435333.1482
GDX,1.341679764915243
GDXJ,0.7540569289297852
GII,0.00019854139319878651
GNR,4042595636653.6533
GUNR,1905754667437.0068
GWX,1606116325593.019
IDLV,0.00019714355126671456
IDOG,909121575882.8931
IDV,4999114008225.947
IEFA,0.00017126012393373828
IGF,0.000246749646741077
IOO,2413803094167.658
IQDF,0.00017346585713612893
IXC,2697108855451.165
IXG,1950893409926.872
IXJ,0.00020125568288268994
IXP,3244098301990.163
IXUS,1815729423713.9814
JNUG,0.002050907761469348
JXI,0.00022133478816521127
KXI,0.0002026766998155199
LIT,2973436292370.81
MOO,0.0001797537164827927
MXI,1340692444088.896
NFRA,0.00022688063412421245
NUGT,0.0027041800321299936
PDN,0.00017944106185883199
PICK,3342193690296.653
PID,9773372196446.152
PPH,0.0001744656639335168
PSP,1753514152246.4482
PXF,2131635760238.8018
ROBO,1924262310999.0483
RXI,0.00016650269764277969
SCHC,0.0001831044318670907
SCHF,0.00016948617667025126
SCZ,0.00018040598490751694
SDIV,0.0002148134616973569
SIL,0.9926486999397857
SMH,0.18223477953060452
SPDW,0.00016874383984368627
TAN,4579433331737.205
TLTD,0.00017371829352769502
URA,7305049833388.63
URTH,6604318163502.314
VEA,0.0001678996170484833
VEU,1749097383768.29
VSS,0.00016751637595760862
VT,0.00016994315028386045
VXUS,0.00016686569577386705
WDIV,0.00019351289629109181
WOOD,993061861412.1957
