Name,Riskiness R
PSCU,[0.14498401]
UPW,[0.26284927]
PUI,[0.3378986]
FUTY,[0.42387294]
VPU,[0.43923741]
