Name,Riskiness R
PZA,[9.91441193]
ITM,[88.4142544]
RVNU,[1.45553716e+12]
SHM,[1.51417195e+12]
PVI,[1.5859829e+12]
