Name,Riskiness R
ARKG,0.3870059699405986
BBC,7.861856222183766
BBH,1750608484034.126
BBP,0.5802286666204695
BIB,286887941847.95325
BIS,320.88966701999874
CNCR,1657199351379.0962
CURE,0.4237984573552468
FBT,0.9019138249625774
FHLC,0.0001768429973604208
FXH,0.00018008893340846314
IBB,418701572639.0726
IHE,10596771407845.57
IHF,0.00019821152861421688
IHI,0.08445768274295673
IXJ,0.00018506470232410502
IYH,0.6396096264430671
JHMH,0.00018489371372585334
LABD,19799835751734.805
LABU,0.003861538285566569
PBE,467794067904.8989
PJP,1861123418677.2725
PPH,0.000177663282773917
PSCH,0.10161389710392732
PTH,0.23737775101729708
RXD,11568072625964.44
RXL,0.3312803131907989
RYH,0.00017231630209146715
SBIO,6.10728556659339
UBIO,0.011646104508612533
VHT,0.0001761273611806387
XBI,0.8154686452137424
XHE,0.00017169258957650302
XHS,2.0123434153874893
XLV,0.00017213280891840692
XPH,1168987394889.5564
ZBIO,0.003719495875580358
