Name,Riskiness R
IHI,[0.08445768]
XHE,[0.09582474]
PSCH,[0.1016139]
IHF,[0.14068884]
PTH,[0.23737775]
