Name,Riskiness R
FMB,[2.79282945e+12]
ITM,[85.99194729]
MLN,[2.2577193e+12]
MUB,[1.39792229e+12]
MUNI,[2.92784421e+12]
PRB,[9.89806507e+11]
PVI,[1.5570713e+12]
PZA,[9.46275035]
RVNU,[1.25552092e+12]
SHM,[3.21560282e+12]
SHYD,[2.93740357e+12]
SMB,[2.18992609e+12]
SMMU,[2.90016e+12]
SUB,[1.93956358e+12]
TFI,[2.88987766e+12]
