Name,Riskiness R
Alternatives ETF List (35),2452757486199.6597
Broad Asia ETF List (44),0.0001731441848968435
Commodity ETF List (125),0.16081683652431022
Consumer Discretionary Equity ETF List (31),0.000173983132577717
Consumer Staples Equity ETF List (26),0.00020190404228615728
Crude Oil ETF List (22),0.00020911287666019145
Currency ETF List (36),0.00044379727773498644
Developed Asia Pacific ETF List (108),0.00017435074085377192
Developed Markets ETF List 1 (100),0.0001664921217305795
Developed Markets ETF List 2 (100),0.00017237413265336644
Developed Markets ETF List 3 (93),7683658288784.154
Emerging Asia Pacific ETF List (114),0.0003095640908586877
Emerging Markets ETF List (79),0.00032796720300434166
Energy Equity ETF List (80),13546594936057.648
Financials Equity ETF List (51),0.00018447206707427265
Global ETF List (72),0.9669964926185866
Gold ETF List (17),0.0008682579880754523
Healthcare Equity ETF List (49),0.00018135309795132255
Industrials Equity ETF List (37),0.00018608510327473496
Investment Grade Corporate ETF List (50),2871680745772.964
Junk ETF List (43),0.001541593647245598
Materials Equity ETF List (62),0.00020855503715957698
Municipal Bond ETF List (29),1547655670885.5203
Preferred Stock ETF List (12),0.0003544646812217127
Real Estate ETF List (48),0.00021484455475178756
Target Maturity Date Corporate Bond ETF List (24),452421124876.2904
Technology Equity ETF List (75),0.39252121095077536
Telecom Equity ETF List (10),0.00017916702908832367
Total Bond Market ETF List (82),9.781923147915107e-05
Treasuries ETF List (51),2117063300452.1367
Utilities Equity ETF List (24),0.00023366896795901944
Volatility ETF List (18),11136631446269.084
