Name,Riskiness R
IBDC,[0.01179355]
IBCD,[0.01320054]
BSCJ,[0.01653361]
BSCK,[0.01971582]
IBDD,[0.02165269]
