Name,Riskiness R
LQD,[38185839.50960024]
CORP,[2.68471001e+10]
USIG,[6.89258367e+11]
SPLB,[7.6676689e+11]
VCLT,[9.8495774e+11]
