Name,Riskiness R
FPE,[0.02140483]
PGX,[0.03201619]
PGF,[0.03383384]
PFF,[0.03881451]
PSK,[0.04725717]
