Name,Riskiness R
PSP,0.00016638978878278434
SMH,0.00016871575081975945
WOOD,0.00016914960081430494
CGW,0.00017444834561049276
EFV,0.0001760482471326293
