Name,Riskiness R
DGL,0.0001733118366664595
DGLD,12372886923907.064
DGP,1149104077059.6946
DGZ,0.0001785353757965786
DZZ,7920091272969.77
GLD,0.00018321940545114543
GLL,9584600805801.258
IAU,0.00018445291841975901
OUNZ,0.00018080639983367207
SGOL,0.00018235798610584088
UBG,1248682532908.3071
UGL,861862378274.315
UGLD,395724337384.93555
