Name,Riskiness R
BBH,[0.2105685]
BIB,[0.60995141]
BIS,[1601.27432758]
CURE,[0.32382676]
FBT,[0.23575751]
FHLC,[0.09951547]
FXH,[0.14468671]
IBB,[0.29011034]
IHE,[0.23561935]
IHF,[0.09502866]
IHI,[0.05634627]
IXJ,[0.14345409]
IYH,[0.10252033]
PBE,[0.47126323]
PJP,[0.50301713]
PPH,[2.49040537]
PSCH,[0.11446273]
PTH,[0.33110341]
RXD,[1.84966343e+12]
RXL,[0.21716495]
RYH,[0.086717]
VHT,[0.10234572]
XBI,[0.24039965]
XHE,[0.08201353]
XHS,[0.15352405]
XLV,[0.09553903]
XPH,[0.86685336]
