Name,Riskiness R
DGL,0.0001733118366664595
DGLD,3591464292630.0654
DGP,2093847155442.684
DGZ,0.0001785353757965786
DZZ,1245057460363.7007
GLD,0.00018321940545114543
GLL,2407353222006.8584
IAU,0.00018445291841975901
OUNZ,0.00018080639983367207
SGOL,0.00018235798610584088
UBG,4352855278560.96
UGL,2475842666656.792
UGLD,1212623064237.6252
