Name,Riskiness R
DGL,[9.78669839e+11]
GLD,[1.13992131e+12]
UGLD,[1.17674167e+12]
DGP,[1.42860454e+12]
DZZ,[1.44397292e+12]
