Name,Riskiness R
ROGS,[0.11217691]
FPXI,[0.14259201]
FDTS,[0.14898118]
CROP,[0.15285616]
SCID,[0.17109351]
