Name,Riskiness R
RHS,[0.05268615]
XLP,[0.0587928]
VDC,[0.06004136]
FSTA,[0.06010458]
PSL,[0.06966117]
