Name,Riskiness R
CARZ,0.00017254357503887848
CROP,1000289455722.9551
DPK,12220634511060.41
DZK,0.6469742375409643
EDOM,420954843448.8938
EFO,0.8464227268777335
EFU,4324763172334.837
FDTS,133685302417.84009
FLM,1.0238311704773642
FPXI,0.00016707484948093857
FTAG,1.1359287496930355
FTRI,0.00016676955109355682
GDXS,0.011035770759947144
GSD,2.0172914100592942
HGI,0.0001855046371936895
HGSD,2.2289347150837093
HSCZ,0.9955539395572909
IDMO,70322137914.08345
IPO,0.00018530564585248895
ISZE,0.0001689756944834703
PAGG,0.00022719226260492655
PEX,2.7165331629426284
ROGS,0.4101149617906217
SCID,874614807674.7595
SMCP,968654498436.8667
SOIL,0.0001943299810192762
TLDH,138298897369.72998
YLCO,5.827573366924497
