Name,Riskiness R
FTRI,[0.26949583]
IPO,[0.3023991]
ROGS,[0.41011496]
DZK,[0.64697424]
EFO,[0.84642273]
