Name,Riskiness R
PSCC,[0.34729913]
UGE,[0.40800476]
RHS,[0.50099966]
FXG,[0.87421088]
PSL,[1.65259433]
