Name,Riskiness R
AGND,[1.10548608e+12]
AGZD,[1.96176913e+12]
BIV,[0.32825722]
BLV,[0.13822359]
BND,[4.18290092e+11]
BOND,[0.09561237]
FTSD,[2.9795307e+12]
FWDB,[0.10795102]
GBF,[1.38815976e+10]
GVI,[6.62819749e+12]
HOLD,[1.26410465e+12]
ILTB,[0.09734161]
ISTB,[4.22988577e+11]
LDUR,[1.00006669e+12]
MINC,[5.55318812e+12]
MINT,[3.13872529e+12]
NEAR,[1.53530764e+12]
RAVI,[1.14546878e+12]
SAGG,[3.60943355e+12]
SCHZ,[1.78025585]
SPAB,[0.24354059]
ULST,[2.27991345e+12]
XMPT,[0.07298774]
