Name,Riskiness R
XMPT,[0.07298774]
BOND,[0.09561237]
ILTB,[0.09734161]
FWDB,[0.10795102]
BLV,[0.13822359]
