Name,Riskiness R
SVXY,[0.94541134]
TVIX,[6.70725076e+12]
UVXY,[1.50105451e+13]
VIIX,[3.28123781e+12]
VIXM,[3.88212758e+12]
VIXY,[6.67453839e+12]
XVZ,[5.08837914e+12]
ZIV,[2.82352053]
