Name,Riskiness R
CARZ,3091331006641.0874
CROP,0.0001899245216670194
DPK,5170888253643.734
DZK,3.1777771412345177
EFO,551134572165.5157
EFU,10426233344113.344
FDTS,0.5498565492714443
FLM,0.00016843651789822682
FPXI,0.0001780705958312933
FTAG,15579611120159.586
FTRI,19878112820908.137
GDXS,0.011036201235156503
HGI,1245945099432.923
IDMO,1679118205383.412
IPO,473062051251.1323
PAGG,1245688391336.0164
PEX,0.00018944531430422447
SOIL,5852698682697.59
