Name,Riskiness R
BZF,[1.04095189]
YCL,[13.60341898]
FXY,[3.1950774e+11]
CEW,[4.45891474e+11]
CYB,[9.52102556e+11]
