Name,Riskiness R
PFXF,[4.04562122e+11]
FPE,[5.89550884e+11]
IPFF,[6.45074638e+11]
PSK,[8.45254872e+11]
PGF,[1.68425602e+12]
