Name,Riskiness R
INCO,[0.08850594]
THD,[0.09232356]
ASEA,[0.09392016]
PIN,[0.10136989]
INDY,[0.10315548]
