Name,Riskiness R
AAXJ,2.1209872098113207
ADRE,0.8247820023156293
AFTY,583369406275.9247
AIA,0.43617270732756125
ASEA,2.2172933030715587
ASHR,605694469876.4924
ASHS,2243876803443.9673
AXJV,0.0034034213042037605
CHAD,6565017701732.52
CHAU,0.20855875657350492
CHIE,1571538516114.3726
CHII,2071414979552.0977
CHIM,0.8679624267091791
CHIQ,0.6438727526862463
CHIX,631716279884.7375
CN,17694839718.09069
CNXT,2210501603247.1304
CQQQ,0.3304628801354187
CXSE,0.2683067943663723
DBEM,1444719370402.6267
DEM,180889243347.92575
DGRE,1211535545868.3438
DGS,0.7998107105604149
ECNS,1035313224639.4761
EDC,0.8987243961496377
EDIV,603556333361.1235
EDZ,12686631038917.938
EEM,3.703715138183825
EEMA,1.338154367833236
EEMV,1544260403525.099
EET,0.8019145609622145
EEV,7761284951344.81
EIDO,167205771549.04547
EMQQ,0.38628691663113224
EPHE,2267815072096.503
EPI,325767444858.42175
EUM,12203896083456.52
EWM,451682.59103353124
EWX,138391948305.23468
FCA,0.8873613813151741
FEM,0.7325888234131953
FEMS,0.47945966990282785
FNI,1.0954887152624522
FXI,279172439411.16205
FXP,10057227900706.613
GMF,1.8071964132063443
GXC,0.8265278713588822
HAO,492213580300.41223
IDX,620120203827.6405
INCO,0.8955763082122689
INDA,1665793623992.4673
INDL,5.871320623130511
INDY,234572292759.83447
INXX,1748882719662.2349
KBA,650281.8351130373
KFYP,0.8077892213894237
KWEB,0.37729504275863746
MCHI,1.151936109806016
PEK,582070101517.353
PGJ,0.4534583429626288
PIE,125260128845.26468
PIN,852023319319.6931
SCIF,1.107209080846336
SCIN,2.353055060917133
SMIN,0.566022227661284
SPEM,853654726.9560418
THD,0.3417874951081574
VNM,1872309255309.1013
VWO,116683028810.31769
XPP,1.8188504575396363
YANG,15460600644086.89
YAO,1.4747836771132026
YINN,0.01915965181599901
YXI,6918945390370.101
