Name,Riskiness R
FPE,0.00033425575375445663
IPFF,81126448586.64716
PFF,0.0006738941470425699
PFXF,0.0007764812396816521
PGF,0.00025440140593366913
PGX,0.00030636265361693235
PSK,0.00026681514628023705
SPFF,0.0005322646971142644
