Name,Riskiness R
PPA,[0.13114831]
ITA,[0.13212231]
FIW,[0.18233597]
XAR,[0.21257376]
UXI,[0.24643698]
