Name,Riskiness R
ERUS,[0.25282222]
FCOM,[0.12157922]
FONE,[0.09544588]
IXP,[0.28267288]
IYZ,[0.43891665]
LTL,[1.02249861]
VOX,[0.22355606]
WBIF,[0.04762817]
XTL,[0.09467042]
