Name,Riskiness R
XTL,[0.44630235]
FONE,[0.60294327]
WBIF,[0.80666634]
ERUS,[2.64324757]
FCOM,[5.65970734]
