Name,Riskiness R
RYF,[0.13280773]
XLF,[0.1395334]
IAI,[0.2184908]
VFH,[0.23431855]
IYG,[0.24555574]
