Name,Riskiness R
CORP,[2.75419974e+10]
VCLT,[3.68270449e+11]
IGSB,[7.8640414e+11]
USIG,[1.11528198e+12]
ICSH,[1.23489965e+12]
