Name,Riskiness R
XMPT,[1.88670516e+11]
BLV,[2.23567063e+11]
BOND,[4.21834511e+11]
ILTB,[5.34498046e+11]
SCHZ,[8.97291725e+11]
