Name,Riskiness R
FPE,[9.19120675e+11]
IPFF,[8.86378261e+12]
PFF,[6.53787019e+11]
PFXF,[8.3473834e+11]
PGF,[8.28303266e+11]
PGX,[4.20936324e+11]
PSK,[6.90204842e+11]
SPFF,[2.92262363e+12]
