Name,Riskiness R
ACWI,0.0001704425154014451
ACWV,0.00026494153140892406
ACWX,2686804101854.7676
CGW,0.0001999105412321406
CRBN,0.00016788157729159898
CWI,0.00016661214191429353
DBEF,447247975662.9912
DIM,0.00017777533961486512
DLS,0.00018431264394697317
DOL,0.00016611993963795967
DTH,0.0001663647763642793
DWM,0.00017009828164643158
DWX,927760885273.1932
EFA,0.0001703985936846905
EFAV,0.00023397801304222724
EFG,0.00017249310837003117
EFV,598089523642.4652
EWS,441951611536.47516
EZU,505860374146.6262
FDT,176420002260.5999
FGD,0.00017836707304100792
FNDC,0.00017627052970601036
FNDF,395790482352.5967
GDX,5.932322157331429
GDXJ,1.069250133917066
GII,0.00019854139319878651
GNR,740195348788.7126
GUNR,1378900551670.3196
GWX,0.00017490648039007834
HEFA,445720027873.0752
HEZU,378478188475.18646
IDLV,0.00019714355126671456
IDOG,2152469784671.3914
IDV,1933332870942.3438
IEFA,0.00017126012393373828
IGF,0.00024674964674129744
IHDG,526608036112.0337
IOO,145235915231.44888
IQDF,0.00017346585713612893
IQLT,0.00016713327393840842
IXC,4201550644483.3643
IXG,215553971564.6969
IXJ,0.00020125568288268994
IXP,0.0003054487952305159
IXUS,294623382929.4674
JNUG,0.0024067337245112547
JPGE,0.00019065882326491063
JPIN,0.00019677196946370356
JXI,0.0002213349189903066
KXI,0.0002026766998155199
LIT,0.17368393060211848
MOO,0.0001797537164827927
MXI,1283555817712.7793
NFRA,0.00022688063412421245
NUGT,0.0026141499540090233
PDN,0.00017944106185883199
PICK,613526053550.4822
PID,586433208695.8013
PPH,0.0001744656639335168
PSP,47956786409.165405
PXF,4355357642232.208
QEFA,0.00018305451591398724
ROBO,0.14470763671917755
RXI,0.00016650269764277969
SCHC,0.0001831044318670907
SCHF,0.00016948617667025126
SCZ,0.00018040598490751694
SDIV,0.0002148134616973569
SIL,2.859997739566817
SMH,0.12478860276085041
SPDW,0.00016874383984368627
TAN,3056616356424.874
TLTD,0.00017371829352769502
URA,4988948382222.66
URTH,405931038052.0915
VEA,0.0001678996170484833
VEU,818112586456.817
VSS,0.00016751637595760862
VT,0.00016994315028386045
VXUS,0.00016686569577386705
WDIV,0.00019351289629109181
WOOD,1.8853352176616633
