Name,Riskiness R
WBIF,[0.0462969]
FONE,[0.09907379]
XTL,[0.10306018]
FCOM,[0.12967057]
ERUS,[0.20956948]
