Name,Riskiness R
ERUS,2.034035746224626
FCOM,0.00018401874588435538
FONE,0.6706378838052705
IXP,0.00020118506767235006
IYZ,0.00016777454268978228
LTL,1127703889692.4524
VOX,0.00017571803492242425
WBIF,0.00023118028527439226
XTL,2.992392444301619
