Name,Riskiness R
PPA,[0.07294993]
ITA,[0.07542269]
XLI,[0.09315429]
IYJ,[0.0968269]
XAR,[0.09745302]
