Name,Riskiness R
FMB,[8.709804e+11]
ITM,[2.07915832]
MEAR,[3.56659873e+12]
MLN,[3.49903426e+12]
MUB,[2.88743426e+12]
MUNI,[1.09050595e+12]
PRB,[1.4706683e+12]
PVI,[7.43199829e+11]
PZA,[9.98979659]
RVNU,[1.70666062e+12]
SHM,[9.12345495e+11]
SHYD,[2.65553499e+12]
SMB,[1.02405633e+12]
SMMU,[1.43116646e+12]
SUB,[1.81925298e+12]
TFI,[2.9970648e+12]
VTEB,[3.11356184e+12]
