Name,Riskiness R
DFJ,[0.13782306]
SCJ,[0.17465518]
DLS,[0.26675585]
FNDC,[0.27199299]
FDTS,[0.34006101]
