Name,Riskiness R
PALL,[0.45469122]
BDD,[0.4925503]
DBB,[0.51245135]
KOLD,[0.77276318]
UGLD,[1.11849038]
