Name,Riskiness R
ARKW,[0.11904049]
PSI,[0.13253986]
SMH,[0.14096776]
PSJ,[0.14172439]
FDN,[0.1466099]
