Name,Riskiness R
SKYY,0.00016603806118389576
PSJ,0.00016805567422121886
TDIV,0.0001728801618209353
ARKW,0.1190404909126886
PSI,0.13253986429378187
