Name,Riskiness R
BJK,[0.18966022]
CARZ,[8.00845234e+11]
CHIQ,[0.18953923]
FDIS,[0.27705895]
FXD,[8.84443328e+11]
INCO,[0.34880425]
IYC,[0.49949522]
PBS,[1.18052066e+11]
PEJ,[1.32956665]
PEZ,[9.60834662e+11]
PMR,[4.06825873e+12]
PSCD,[5.59333099]
RCD,[3.1394871e+11]
RETL,[1.59914761]
RTH,[0.64714629]
RXI,[0.74898779]
SCC,[8.84894497e+12]
UCC,[0.28217092]
VCR,[0.28400755]
WBIA,[1.64974984e+12]
XLY,[0.21538332]
XRT,[1.20364681e+12]
