Name,Riskiness R
SVXY,[1.32401591]
TVIX,[2.29177479e+13]
UVXY,[4.62329006e+13]
VIIX,[2.332362e+13]
VIXM,[4.86914856e+12]
VIXY,[1.27070477e+13]
XVZ,[6.41368515e+12]
ZIV,[0.32590556]
