Name,Riskiness R
DBO,[5.0730208e+11]
DTO,[8.22731803e+11]
OLEM,[8.93109718e+11]
OLO,[5.36754079e+11]
SCO,[4.81126529e+12]
SZO,[5.62975476e+12]
UCO,[2.29389473e+12]
USL,[4.05220396e+11]
USO,[5.03073901e+12]
