Name,Riskiness R
FMB,[3.9779981e+12]
ITM,[2.29005967]
MEAR,[8.279363e+11]
MLN,[1.24465428e+12]
MUB,[9.43136106e+11]
MUNI,[1.62682655e+12]
PRB,[1.04137673e+12]
PVI,[7.18687214e+11]
PZA,[11.05668817]
RVNU,[9.61834813e+11]
SHM,[3.344338e+12]
SHYD,[1.03478741e+12]
SMB,[9.43874581e+11]
SMMU,[2.13758105e+12]
SUB,[1.96144685e+12]
TFI,[3.40778563e+12]
VTEB,[1.0356284e+12]
