Name,Riskiness R
ROGS,[0.08070204]
HSCZ,[0.08483726]
IPO,[0.10253095]
CROP,[0.10545935]
FDTS,[0.11140688]
