Name,Riskiness R
CYB,[0.0735384]
CEW,[0.13672164]
BZF,[0.1394225]
FXY,[0.14393478]
INR,[0.15286354]
