Name,Riskiness R
CHIM,1.0171111439240113
COPX,1026910419884.7888
CROP,0.0001899245216670194
CUT,1041011333973.5966
DUST,0.002407414510679608
FLM,0.00016843642362763866
FMAT,463994665645.33875
FTAG,8652309516918.387
FTRI,1850200175404.2998
FXZ,379594681766.9662
GDX,152647097216.8089
GDXJ,2.153075394553614
GNR,1263858909396.215
GOEX,0.8558012978134115
GRES,0.00018657335716784084
GUNR,986164563585.2487
HAP,0.00016610993727711443
IGE,12523051721046.1
ITB,345947477156.13794
IYM,1740239975540.37
JDST,0.0028836502895043296
JNUG,0.002050907761469348
LIT,876109506299.4521
MOO,0.0001797537164827927
MXI,1272934590955.9485
NUGT,0.002614613335392365
PAGG,3319419775668.087
PICK,2393025208394.3506
PKB,2.29940612062008
PSAU,1131922859545.294
PSCM,617966398852.2715
PYZ,155747204307.27313
REMX,3971334592555.702
RING,227361622295.1306
RTM,999225549936.7299
SBM,2842272951509.8115
SIL,7.737509922990564
SILJ,0.889794864099789
SLVP,3.164047943083697
SLX,1306556867994.6284
SMN,2702520378140.2397
SOIL,1107164108959.2886
URA,1765069588595.3083
UYM,348361803150.9915
VAW,1719275622770.2935
VEGI,1574668322914.0823
WOOD,432944549620.9329
XHB,1259515002418.9487
XLB,1230156902458.9624
XME,1878215635993.2158
