Name,Riskiness R
GOEX,[0.8558013]
SILJ,[0.88979486]
CHIM,[1.01711114]
GDXJ,[2.15307539]
PKB,[2.29940612]
