Name,Riskiness R
SVXY,0.5666549431342626
TVIX,0.003547718190922085
UVXY,0.003035728888593267
VIIX,18114653118358.97
VIXM,5255789982128.604
VIXY,18190370523023.18
XVZ,0.0001756471284916838
ZIV,0.406183187570902
