Name,Riskiness R
SVXY,[0.69391457]
TVIX,[3.03300614]
UVXY,[2.43194255]
VIIX,[8.70687049]
VIXM,[3.84763597e+13]
VIXY,[2.92866201]
XVZ,[7.20087473e+12]
ZIV,[0.20380794]
