Name,Riskiness R
INCO,[0.1738801]
SMIN,[0.20645195]
CQQQ,[0.23507649]
CN,[0.2510473]
PEK,[0.25413247]
