Name,Riskiness R
PZD,[0.17448629]
GRID,[0.23763615]
FAN,[0.33868621]
ERX,[1.41527196e+09]
QCLN,[2.78387148e+10]
