Name,Riskiness R
AADR,0.3564150371246968
COPX,0.3157736264983903
CRAK,0.10267030418857352
DBAW,0.15080844924871473
ECON,2556717257197.1143
EDC,0.571604047457365
EEM,0.16749806696163635
EEMS,0.3994145429099272
EMCG,0.5880312136419124
EMFM,0.249626799601426
FAN,0.2469327829548391
FIEG,0.252369452626053
FLN,0.2513485165073437
FM,0.28240703225262576
FNDE,0.120646394333994
FONE,0.13755118284576057
FPXI,0.22595112586530253
FWDI,0.5661105418307211
GDXJ,0.4346568521987761
GDXS,0.0021073316266166844
HAWX,0.8876087274952961
HEEM,0.17486663651967008
HILO,0.1733620213853274
ICLN,18.90330861162257
IEMG,0.16338293198589665
IFV,3.8211444740113656
IQDF,0.0001805264083017939
JDST,0.00165651617706374
KOL,0.15049545117739496
LIT,0.10477542379894643
PICK,0.22373268116542983
QEMM,0.14546603699839109
SIL,0.6432083203247901
SLVP,0.5704819578207269
SLX,0.19482816879486833
SOCL,0.13431518222575659
SOIL,1.3343710027191464
TLEH,0.00017524504590022932
VIDI,0.229784748720677
