Name,Riskiness R
TLEH,0.00017524504590022932
IQDF,0.0001805264083017939
JDST,0.00165651617706374
GDXS,0.0021073316266166844
CRAK,0.10267030418857352
