Name,Riskiness R
ZIV,[0.61339771]
SVXY,[2.6433877]
VIXM,[4.50668841e+12]
XVZ,[8.72074539e+12]
UVXY,[1.13822344e+13]
