Name,Riskiness R
ZIV,[0.23036001]
SVXY,[0.47244415]
XVZ,[1.54961171e+12]
VIIX,[6.66055292e+12]
VIXM,[8.25078882e+12]
