Name,Riskiness R
ECON,0.3287669463240656
EMCG,0.29884614304939167
FSTA,0.00018909252620746025
FXG,0.000212878532552651
IYK,0.00021575339707502112
KXI,0.00017051474032862704
PBJ,0.0001982577064411966
PSCC,0.00017892163102883204
PSL,0.0002874133959433943
RHS,0.00024843274649926153
SZK,60732023294325.58
UGE,0.0016916727131272291
VDC,0.00019112484897938805
WBID,0.00018018967199897633
WBIE,0.2063767226942967
XLP,0.0001807290394022909
