Name,Riskiness R
MINT,[0.00154745]
NEAR,[0.00275312]
RAVI,[0.00492894]
ISTB,[0.00917016]
MINC,[0.00988273]
