Name,Riskiness R
IBDC,[0.01117555]
IBCD,[0.01252336]
BSCJ,[0.01509538]
BSCK,[0.01841125]
IBDD,[0.02051627]
