Name,Riskiness R
ENZL,[0.0663617]
FNDC,[0.06713436]
JPMV,[0.06945592]
DFJ,[0.07156894]
SCJ,[0.07184576]
