Name,Riskiness R
ALTS,[0.09906922]
BTAL,[1.2643584]
CHEP,[7.40216539e+11]
CPI,[0.020393]
DIVA,[0.12841012]
DIVY,[0.02831137]
FLAG,[0.07615461]
FMF,[1.35533143]
FTLS,[0.05759491]
HDG,[0.04676311]
HTUS,[0.07569285]
MCRO,[0.04057653]
MNA,[0.01808537]
MOM,[7.90789316e+11]
MRGR,[6.03891005e+09]
QAI,[0.03814856]
QED,[0.03387076]
QMN,[0.02775736]
RALS,[6.87160599e+10]
RLY,[0.07350888]
SIZ,[1.18009514e+12]
VAMO,[0.17200602]
WTMF,[4.70823692e+11]
