Name,Riskiness R
MNA,[0.01808537]
CPI,[0.020393]
QMN,[0.02775736]
DIVY,[0.02831137]
QED,[0.03387076]
