Name,Riskiness R
MINT,[0.001535]
NEAR,[0.00261423]
RAVI,[0.00436692]
MINC,[0.00672938]
ISTB,[0.00711774]
