Name,Riskiness R
AADR,0.00016950160276436405
IQDF,0.00017346585713612893
VIDI,0.00018090233367181193
JDST,0.002883650289503891
IFV,0.4672221536102413
