Name,Riskiness R
SHV,[0.00137666]
BIL,[0.00157985]
RISE,[0.08134926]
DTUS,[0.10661883]
SCHO,[0.13497978]
