Name,Riskiness R
FPE,[0.01963099]
IPFF,[1.25745048e+12]
PFF,[0.03490255]
PFXF,[0.04898434]
PGF,[0.03036612]
PGX,[0.02896472]
PSK,[0.04101711]
SPFF,[0.12180753]
