Name,Riskiness R
PFF,[5.26125234e+11]
PGX,[6.70610155e+11]
SPFF,[8.41756948e+11]
FPE,[8.49664046e+11]
PFXF,[1.00136093e+12]
