Name,Riskiness R
PZD,[0.34054248]
GRID,[0.65325058]
FAN,[0.74756683]
ERY,[681.39299132]
GEX,[3.9520402e+11]
