Name,Riskiness R
ITA,[0.28031526]
PPA,[0.29400494]
UXI,[0.39131386]
XAR,[0.45992239]
XLI,[1.44854599]
