Name,Riskiness R
ITM,[2.09953931]
PZA,[9.95822337]
PVI,[7.56752581e+11]
SHM,[8.77921026e+11]
FMB,[9.03464219e+11]
