Name,Riskiness R
SKYY,0.00016603806118389576
PSJ,0.00016805567422121886
TDIV,0.0001728801618209353
ISRA,0.00017952583945826138
SOXL,0.022613596780098597
