Name,Riskiness R
FPE,[0.02160499]
PGF,[0.04118163]
PGX,[0.04181818]
PFF,[0.05131911]
PSK,[0.05855577]
