Name,Riskiness R
EMIF,[1.5899357e+12]
FUTY,[7.32702669e+11]
FXU,[2.73167055e+11]
GHII,[7.10037966e+11]
GII,[8.68527804e+12]
IDU,[8.75804426e+11]
IGF,[1.26783575e+12]
INXX,[3.98097732e+11]
JXI,[1.36562987e+12]
PSCU,[0.24892655]
PUI,[1.71558245e+11]
PXR,[4.46820451e+12]
RYU,[2.7314268e+11]
SDP,[1.34611906e+13]
TOLZ,[9.35729393e+11]
UPW,[0.50721857]
VPU,[2.1630652e+11]
WBIC,[4.13484016e+12]
XLU,[6.3947096e+11]
