Name,Riskiness R
PSCU,[0.24892655]
UPW,[0.50721857]
PUI,[1.71558245e+11]
VPU,[2.1630652e+11]
RYU,[2.7314268e+11]
