Name,Riskiness R
PSCU,[0.06891686]
FXU,[0.09235874]
RYU,[0.09389267]
FUTY,[0.09792091]
PUI,[0.10047104]
