Name,Riskiness R
FPE,[7.31642171e+11]
IPFF,[1.05088857]
PFF,[3.32158149e+12]
PFXF,[2.20251483e+12]
PGF,[1.62475543e+12]
PGX,[2.30081359e+12]
PSK,[6.39140906e+11]
SPFF,[2.30853879e+12]
