Name,Riskiness R
IPFF,[1.05088857]
PSK,[6.39140906e+11]
FPE,[7.31642171e+11]
PGF,[1.62475543e+12]
PFXF,[2.20251483e+12]
