Name,Riskiness R
AGF,3354998037045.5273
AGQ,3303045419722.43
BCM,0.00023030842015484237
BDD,0.007717068664526585
BNO,30454595488950.57
BOIL,342.4371519409332
BOM,0.011787468086449676
BOS,0.005986723367069979
CANE,0.00019382522395774691
CORN,14676623064651.484
CPER,4128768633904.6123
DAG,8686879654139.831
DBA,0.00021202569229400017
DBB,0.00023803496143992375
DBC,0.00017824353393518477
DBE,11325166714031.5
DBO,18545906785928.18
DBP,0.00017934861139438644
DBS,2269763011964.1895
DDP,0.47250944818168483
DGAZ,0.003713814505326177
DGL,0.0001733118366664595
DGLD,649118800019.5671
DGP,2046672220683.962
DGZ,0.0001785353757965786
DJCI,0.0002514014317014817
DJP,0.0002229691071365004
DSLV,0.01765200415596864
DTO,0.3647700375733741
DYY,2.3453745512984816
DZZ,1665991648175.864
FTGC,0.0002728004649969852
FUD,5636767683066.859
FUE,0.012221464496944891
GCC,0.0003849135362466199
GLD,0.00018321940545114543
GLL,1746021050312.2144
GLTR,0.00017405320760807656
GRU,15823331075158.219
GSC,20198466399934.547
GSG,6516914063692.822
GSP,6833374841501.096
IAU,0.00018445291841975901
KOLD,0.6049333452189104
LD,0.0026632736859301827
NIB,2979988776837.768
OLEM,19619198607546.75
OLO,8583058435583.944
PALL,1370486977457.0762
PPLT,7740542113001.26
RJA,0.00021204772116969247
RJI,0.00021348024838398221
RJN,27795894113439.543
RJZ,0.00022255611782743797
SCO,0.5186061163261629
SGOL,0.00018235798610584088
SIVR,1967244984895.2651
SLV,10755480219893.352
SOYB,0.0001716708657463971
SZO,0.26180763635041704
TAGS,2833409221979.418
UAG,727076.100254823
UBG,7007117420072.279
UCI,10921952702343.648
UCO,174792666831.38367
UGA,7239491289185.182
UGAZ,0.0034243332892432885
UGL,779589846907.3948
UGLD,2222549576564.5947
UNG,3955109377426.528
UNL,2508142895720.275
USCI,0.00027371516210386864
USL,3914325691581.9756
USLV,3335.2961617392302
USO,3360479081471.217
USV,1728118202246.5654
WEAT,30455980333096.04
ZSL,3180152997473.743
