Name,Riskiness R
PVI,[0.00701165]
MEAR,[0.01175139]
FMB,[0.01303805]
SUB,[0.01618202]
VTEB,[0.02022962]
