Name,Riskiness R
SZO,[0.22641831]
DTO,[0.32914526]
SCO,[0.45495296]
DDP,[0.5316061]
KOLD,[0.64647619]
