Name,Riskiness R
KBWP,[0.12297868]
RYF,[0.14923368]
XLF,[0.18344935]
KIE,[0.29212002]
QABA,[0.30547533]
