Name,Riskiness R
UCC,[0.31706296]
RETL,[0.35661848]
RTH,[0.5137911]
XLY,[0.53382116]
INCO,[0.87852665]
