Name,Riskiness R
SVXY,[2.26512371]
TVIX,[2.65580064e+13]
UVXY,[3.86865632e+13]
VIIX,[7.10368511e+12]
VIXM,[9.80532542e+12]
VIXY,[7.03395777e+12]
XVZ,[8.33701993e+12]
ZIV,[0.51336554]
