Name,Riskiness R
BBH,[0.41741322]
BIB,[0.98693837]
BIS,[1.02115902e+13]
CURE,[0.33576584]
FBT,[0.37464572]
FHLC,[0.14039966]
FXH,[0.26296193]
IBB,[0.53208371]
IHF,[0.11262499]
IHI,[0.08219143]
IXJ,[0.21536158]
IYH,[0.12776989]
PBE,[0.76604512]
PJP,[0.79301205]
PPH,[4.91075777]
PSCH,[0.16633403]
PTH,[1.58522646]
RXL,[0.25140841]
RYH,[0.11437517]
VHT,[0.13574101]
XBI,[0.76986175]
XHE,[0.10898152]
XHS,[0.21639117]
XLV,[0.11889048]
XPH,[0.87552911]
