Name,Riskiness R
IHI,[0.08219143]
XHE,[0.10898152]
IHF,[0.11262499]
RYH,[0.11437517]
XLV,[0.11889048]
