Name,Riskiness R
PSCT,[0.07817963]
XLK,[0.07853629]
RYT,[0.08166097]
IGM,[0.08280021]
QQQ,[0.08342214]
