Name,Riskiness R
ACIM,0.00019177696666505172
ACWF,0.00016973771688098282
ARKQ,0.21224985123999357
BJK,0.5111843781810803
CIL,0.00018475403327830432
CIZ,0.0001749832667392476
CUT,0.5587322890148977
DBAW,590557276386.3392
DBEZ,634547424594.6274
DEW,0.0001760793729951054
DGT,0.00016801553254446988
DNL,210180965007.32788
DOO,0.00017831831969513854
DUST,0.002407414510679608
EFAD,0.0001927829091121006
EFZ,0.0002551870896955155
EUMV,0.00019312539237811103
EXI,0.00017349502955457704
FAN,0.8638213817781463
FILL,2.138367426867348
FPA,152381055262.34586
FYLD,0.0001703027979018447
GEX,3759655698268.6797
GHII,444552833014.91846
GOEX,0.4253353509326434
GRES,0.000269295382409486
GRID,0.28806476404237413
HAP,0.00016610993731704918
IDHQ,0.0001790125225280442
IMTM,0.0001671832546871739
IPKW,0.2709818330371721
IQDE,0.00018292605257102666
IQDY,634124761436.8926
ISCF,0.5017481661028824
ISRA,2527161370730.2803
IVAL,0.00017413016796612304
JDST,0.002883650289504314
LOWC,0.00018866620850722235
LVL,1032647594877.1102
NLR,2416859486625.0073
PBD,1165862828993.1262
PIO,1350660862770.4019
PIZ,0.000167500994616444
PSAU,0.4838957689466873
PZD,0.2897303931923086
QWLD,0.00018322714087003238
RING,0.4678802393659541
SEA,5556356090292.187
SGDJ,0.5878308321261634
SILJ,0.41060032499479016
TOK,0.00019839370407909442
TOLZ,0.0001999624420337609
VEGI,545311291004.36694
YMLP,10813827582162.531
