Name,Riskiness R
ARKQ,[0.21224985]
IPKW,[0.27098183]
GRID,[0.28806476]
PZD,[0.28973039]
SILJ,[0.41060032]
