Name,Riskiness R
DGL,0.0001733118366664595
GLTR,0.00017405320760807656
DGZ,0.0001785353757965786
PDBC,0.0001791307623757233
DBP,0.00017934861139438644
