Name,Riskiness R
SZO,[0.38491322]
DTO,[0.50255719]
KOLD,[0.63680047]
DDP,[0.78674738]
SCO,[0.85304781]
