Name,Riskiness R
AADR,0.00016950160276436405
COPX,1.3155119492517728
DBAW,10042375098360.234
ECON,5432376504110.168
EDC,1.0816356409774397
EEM,131055468630.36932
EEMS,1908086425723.9973
EMCG,924056175109.1392
EMFM,507397915046.5491
FAN,314701754269.8066
FIEG,2.1300059923731474
FLN,0.6850785278382362
FM,0.00020614374660068413
FNDE,1.0211834466806449
FONE,1.6918082937022079
FPA,1330730227483.7183
FPXI,0.00016707484948093857
FWDI,481460901639.00134
GDXJ,1.1107724201331506
GDXS,0.01103620114080843
HEEM,2011816746084.7393
HGI,1299508086582.1294
HILO,926334057367.9348
ICLN,4343463521891.581
IEMG,270640711036.3871
IFV,811122808737.4669
IQDF,0.00017346585713612893
JDST,0.002883650289504314
KOL,0.5661503721089122
LIT,0.5515033352355151
PBD,4111537988504.165
PICK,2.693558940248007
QEMM,2829310564748.054
SIL,3.3901234295960383
SLVP,3.5327632766505874
SLX,0.461667660645954
SOCL,0.16103926294633022
SOIL,2121773543595.2573
TLTE,312048611224.94073
VIDI,0.00018090233367181193
