Name,Riskiness R
BSCJ,[8.05275611e+10]
BSCM,[0.05072203]
IBCD,[0.00653471]
IBCE,[0.01292262]
IBDC,[0.00490456]
IBDD,[1.18232437]
