Name,Riskiness R
BSCJ,196542090809.72992
BSCM,0.05072202534590684
IBCD,0.006534713560812121
IBCE,0.01292262049894605
IBDC,0.004904555178786024
IBDD,1.182324370881699
