Name,Riskiness R
IBDC,[0.00490456]
IBCD,[0.00653471]
IBCE,[0.01292262]
BSCM,[0.05072203]
IBDD,[1.18232437]
