Name,Riskiness R
PGHY,[0.01108578]
RIGS,[0.02097135]
SHYG,[0.02309308]
HYS,[0.03015654]
ANGL,[0.03168884]
