Name,Riskiness R
BIL,6.433686313103233e-05
DFVL,0.000183994015713075
DFVS,383543779393.11523
DLBL,0.0001959367247822403
DLBS,1087643866379.2654
DTUL,0.00017561426379270574
DTUS,0.00025499661056161424
DTYL,370695540790.1083
DTYS,6.271739817627506
EDV,1743269583743.2905
FLAT,0.00022476510266864104
GOVT,2059537679701.963
IEF,0.000791754062315883
IEI,2848804367112.294
ITE,1522164100033.2378
PLW,0.0002776695772228968
PST,0.001083312113162629
RISE,3929539250723.9023
SCHO,2.1189580329251244e-05
SCHR,2978103012720.0693
SHV,6.741967489555048e-05
SHY,1.9702147231606358e-05
SPTL,1797184093246.5747
SPTS,1949451658652.0913
STPP,0.0001663463496748195
TAPR,4585004394212.662
TBF,0.0003356624761781785
TBT,7106720711281.463
TBX,1167887376070.8367
TLH,0.0003385650092725037
TLT,1827998899156.704
TMF,1333150301376.23
TMV,2609730327863.659
TTT,3357863867740.838
TUZ,2632105602699.4863
TYBS,0.00035449057641726657
TYD,1865272509309.9321
TYNS,0.00027620022642244654
TYO,0.00022078559318678009
UBT,386098774773.2742
UST,0.00017989629580503663
VGIT,3242076583002.2227
VGLT,0.0001687736549817321
VGSH,1.8517745335165388e-05
ZROZ,2480283234443.7256
