Name,Riskiness R
DBO,[4.29940777e+12]
DTO,[0.31845676]
OLEM,[4.75926717e+12]
OLO,[7.59593945e+12]
SCO,[0.44580844]
SZO,[0.18832689]
UCO,[6.45475747e+11]
USL,[4.52183217e+12]
USO,[2.25739187e+13]
