Name,Riskiness R
CROP,[2.02040078]
EFO,[1908267.24087085]
IPO,[4.34449928e+11]
PEX,[5.14328672e+11]
DZK,[6.44083437e+11]
