Name,Riskiness R
GUSH,0.0017800978792581275
DRIP,0.003083876686296011
GASL,0.00372951564084052
PZD,0.43931250386536874
GRID,0.48633841766467023
