Name,Riskiness R
DBO,[1.38700635e+13]
DTO,[0.52340606]
OLEM,[3.30952203e+12]
OLO,[1.88761307e+13]
SCO,[0.90234943]
SZO,[0.40388054]
UCO,[7.93701358e+12]
USL,[4.06744093e+12]
USO,[4.16465099e+12]
