Name,Riskiness R
DBO,3779917148084.5693
DTO,0.523406058563629
OLEM,6089140673793.976
OLO,13954940029671.646
SCO,0.9023494336228337
SZO,0.40388053565508386
UCO,7638822072424.668
USL,3725755422114.3525
USO,4444322076928.806
