Name,Riskiness R
FPE,[0.01647124]
IPFF,[1.84429324e+12]
PFF,[0.02046216]
PFXF,[0.02703596]
PGF,[0.01964441]
PGX,[0.0176448]
PSK,[0.01598602]
SPFF,[0.04381374]
