Name,Riskiness R
FPE,[3.72477693e+11]
IPFF,[6.2797917e+12]
PFF,[2.20144436e+11]
PFXF,[3.4508527e+11]
PGF,[3.14178004e+10]
PGX,[5.57767853e+10]
PSK,[1.01801074]
SPFF,[7.46275545e+11]
