Name,Riskiness R
ANGL,[0.04546023]
CJNK,[0.04615754]
GHYG,[0.3890474]
HYG,[0.11874934]
HYGH,[0.24933895]
HYHG,[8.15048098e+10]
HYLD,[8.24770889e+11]
HYLS,[0.07048407]
HYND,[7.96635512e+10]
HYS,[0.06335913]
HYZD,[0.12958165]
JNK,[0.17974289]
PGHY,[0.02824964]
PHB,[0.0618387]
RIGS,[0.03529927]
SHYG,[0.05393637]
SJB,[3.4952348e+11]
SJNK,[0.08155855]
UJB,[0.61667203]
