Name,Riskiness R
CARZ,[0.25056442]
CROP,[0.05955837]
DPK,[5.33732167e+12]
DZK,[0.45722743]
EFO,[0.3190145]
EFU,[1.72418805e+12]
FDTS,[0.0870381]
FLM,[0.09386944]
FPXI,[0.11534509]
FTAG,[4.15728622e+13]
FTRI,[1.62988394e+11]
HGI,[0.26520932]
IDMO,[0.3795244]
IPO,[0.17307934]
PAGG,[7.83686797e+10]
PEX,[0.09606718]
SOIL,[1.43503121]
