Name,Riskiness R
PAF,[5.68574077e+11]
IHDG,[6.59585413e+11]
ADRA,[6.79786919e+11]
VXUS,[7.72716159e+11]
DNL,[8.78960133e+11]
