Name,Riskiness R
ANGL,[6.42996411e+11]
CJNK,[3.81881542e+12]
GHYG,[1.07712994e+12]
HYG,[1.52023851e+12]
HYGH,[1.14722947e+12]
HYHG,[1.46181164e+12]
HYIH,[6.75083285e+11]
HYLD,[5.83559717e+11]
HYLS,[3.07654354]
HYND,[1.36567413e+12]
HYS,[0.61325172]
HYZD,[1.41537088e+12]
JNK,[1.40635674e+12]
PGHY,[2850.3184697]
PHB,[1.1552454e+12]
RIGS,[7.04866228e+11]
SHYG,[527425.95070113]
SJB,[5.32224922e+12]
SJNK,[1.55770126e+12]
UJB,[3.93225119]
WBII,[6.12659129e+11]
