Name,Riskiness R
ANGL,[0.03533989]
CJNK,[0.03334527]
GHYG,[0.03950619]
HYG,[0.05103611]
HYGH,[0.05775925]
HYHG,[0.10018328]
HYIH,[0.08885588]
HYLD,[0.05552708]
HYLS,[0.03593986]
HYND,[0.08357848]
HYS,[0.02945419]
HYZD,[0.03000952]
JNK,[0.05641751]
PGHY,[0.01716035]
PHB,[0.03534054]
RIGS,[0.02423343]
SHYG,[0.02475123]
SJB,[1.47868211e+12]
SJNK,[0.02801669]
UJB,[0.27012412]
WBII,[0.68816667]
