Name,Riskiness R
SVXY,1.0268004117857579
TVIX,3.030628992809761
UVXY,3.192665310103344
VIIX,5.984241249893551
VIXM,34363125632541.188
VIXY,2.7362117476473466
XVZ,12937407099613.07
ZIV,0.27090831505054463
