Name,Riskiness R
KBWP,[0.05437628]
KIE,[0.05740323]
RYF,[0.06673735]
FXO,[0.07131516]
IAK,[0.07267313]
