Name,Riskiness R
FMB,[2.80700228e+12]
ITM,[81.02588813]
MLN,[8.2098522e+11]
MUB,[3.25290644e+12]
MUNI,[3.16338725e+12]
PRB,[1.82498795e+12]
PVI,[1.68021451e+12]
PZA,[9.2404424]
RVNU,[2.77575423e+12]
SHM,[1.28220989e+12]
SHYD,[1.08259666e+12]
SMB,[2.26056444e+12]
SMMU,[2.15202995e+12]
SUB,[1.23049884e+12]
TFI,[2.77895055e+12]
