Name,Riskiness R
FPE,[8.71082257e+11]
IPFF,[1.2994474e+13]
PFF,[3.09536657e+12]
PFXF,[6.90346063e+11]
PGF,[8.7626467e+11]
PGX,[1.0236148e+12]
PSK,[2.1015763e+12]
SPFF,[2.37225748e+12]
