Name,Riskiness R
IBCE,0.0009953912214741376
IBDD,0.0010963566118477558
IBCD,205277294775.04547
BSCJ,858084590543.9441
IBDC,881890263191.6569
