Name,Riskiness R
FCOM,[0.11572025]
VOX,[0.12951684]
XTL,[0.16246656]
FONE,[0.1751185]
IYZ,[0.25864008]
