Name,Riskiness R
BSCJ,2414536266250.371
BSCK,854268013887.1018
BSCL,1042156975733.6089
BSCM,1002259654828.3105
BSCN,1014001897906.3259
BSCO,957660144.1739649
BSCP,1473340999276.2395
IBCD,792688123149.4946
IBCE,1554844687055.357
IBDC,992192529992.1633
IBDD,0.0010961505444858184
IBDK,1833689546295.3486
IBDL,2208263696879.084
IBDM,1020199820935.0276
IBDN,987589636505.95
IBDO,1104208995495.1643
IBDP,1495072791042.1008
IBDQ,590312054.1274644
