Name,Riskiness R
IBDQ,[5.90326359e+08]
BSCO,[9.57666846e+08]
IBCD,[6.66160407e+11]
BSCK,[7.22921179e+11]
IBDK,[7.44708599e+11]
