Name,Riskiness R
ITM,[0.18192357]
MLN,[0.13664163]
MUB,[0.34867928]
PVI,[2.47117529e+12]
PZA,[0.06734638]
RVNU,[0.12857746]
SHM,[1.10901271]
SHYD,[4.95420443e+11]
SMB,[1.27455436e+12]
SMMU,[6.56773119e+12]
SUB,[5.22545716e+12]
TFI,[0.38226594]
