Name,Riskiness R
ITM,0.00019403246158164955
MLN,0.13664163350708028
MUB,0.0002774214594502979
PVI,0.00025414818974824033
PZA,0.0002589533233047733
RVNU,0.12857746098033176
SHM,0.0022172963642579703
SHYD,0.00016845743569348867
SMB,0.0005953164059472085
SMMU,1765570765063.1812
SUB,4567984150041.453
TFI,0.00026052907907913507
