Name,Riskiness R
RHS,[0.05568903]
XLP,[0.06241886]
FSTA,[0.06281959]
VDC,[0.06282618]
PSCC,[0.07744114]
