Name,Riskiness R
PKB,[3.43369256e+11]
SILJ,[3.85625594e+11]
RTM,[3.93402933e+11]
CROP,[4.20476225e+11]
VAW,[5.98112261e+11]
