Name,Riskiness R
UTES,[0.24175062]
PSCU,[0.24233913]
UPW,[0.25093861]
PUI,[0.26321472]
VPU,[0.29830394]
