Name,Riskiness R
AIA,[0.13443738]
CXSE,[0.13743405]
CQQQ,[0.14550235]
FEMS,[0.15549995]
KWEB,[0.15773084]
