Name,Riskiness R
BIL,0.00015648635477947276
DFVL,0.000183994015713075
DFVS,487055088542.7058
DLBL,0.0001959367247822403
DLBS,589774231166.4055
DTUL,0.00019790844564609254
DTUS,0.00025499661056203833
DTYL,5005372705946.872
DTYS,5.928207442977752
EDV,1951970266331.4966
FLAT,0.00022476510266864104
GOVT,1398567076396.68
IEF,0.0007917681651710576
IEI,3351742678224.591
ITE,2530788170678.4683
PLW,0.0002776695772228968
PST,0.0007319767054902391
RISE,5593187250894.229
SCHO,2.1204188115004933e-05
SCHR,1564822933887.2834
SHV,0.00013937533534416705
SHY,1.9702147232296835e-05
SPTL,4672113046222.568
SPTS,2119622712943.3188
STPP,0.0001663463496748195
TAPR,2406110239388.3677
TBF,0.0003356624761781786
TBT,1163604458840.6602
TBX,4208360123815.5215
TLH,0.00033856500927250457
TLT,1211077154451.9678
TMF,2962205529424.8965
TMV,5275198735143.033
TTT,1696703748059.3916
TUZ,2342631002315.6997
TYBS,0.00035449057640272416
TYD,2331552116173.013
TYNS,0.00027620022642244654
TYO,0.00022078559318678028
UBT,2108842798724.5571
UST,0.00017989629580503663
VGIT,3781191030943.1646
VGLT,0.0001687736549817321
VGSH,1.8517745335165388e-05
ZROZ,2328547199135.1133
