Name,Riskiness R
ECON,[2.76950229e+12]
EMCG,[2.90620217e+11]
FSTA,[1.47975997e+12]
FXG,[2.7107477e+12]
IYK,[1.02696378e+12]
KXI,[7.23347549e+11]
PBJ,[1.90186132e+12]
PSCC,[0.12570048]
PSL,[0.68389673]
RHS,[4.00777222e+11]
SZK,[5.70620545e+12]
UGE,[0.76568884]
VDC,[1.15680103e+12]
WBID,[5.31754247e+11]
WBIE,[1.5189185e+11]
WBIL,[3.74833893e+11]
XLP,[5.4210317e+11]
