Name,Riskiness R
ACWI,0.00020512898453462787
ACWV,0.0002455147177876497
ACWX,0.00020147427348127123
CGW,0.00017444834561049276
CRBN,0.00020874196857814455
CWI,0.0001954777806336656
DBEF,0.0002429206506774951
DIM,0.0001864706563856587
DLS,0.00018606638593054352
DOL,0.00019583195264441953
DTH,0.00017803758627929836
DWM,0.00020192020077571183
DWX,0.00023340832312377535
EFA,0.00019469037154982627
EFAV,0.000246828196762169
EFG,0.000197462715750188
EFV,0.0001760482471326293
EWS,0.0001926039987047738
EZU,198260054940.11804
FDT,0.00018156692127585628
FGD,0.0001878986914164633
FNDC,0.00019091184358908527
FNDF,0.00019517435899419903
GDX,102692775395.47752
GDXJ,1.1354894811686893
GII,0.00024592487564019047
GNR,0.0001863737965471948
GSIE,0.0002093666071164683
GUNR,0.0002014750148182402
GWX,0.00018397257510221354
HDEF,0.00016589565735165775
HEFA,0.00024222651462086278
HEZU,0.00023884717347013942
HFXI,0.00020481495763594366
IDLV,0.00023455167317519609
IDOG,0.00021259712561979378
IDV,0.00020983669136009737
IEFA,0.00019509969616415436
IGF,0.0002437436293880173
IHDG,0.00024029977948635006
INTF,0.00017986630682523854
IOO,0.0001989566291708841
IQDF,0.00020417923988803503
IQLT,0.0001837964580021939
IVLU,0.00020573063054267718
IXC,0.48341328515383014
IXG,0.00018834907233077015
IXJ,0.000185064702324105
IXP,0.0002011850676723526
IXUS,0.00019795726929626708
JNUG,0.0024067337245112547
JPGE,0.00021740806112994227
JPIN,0.00020251489687929307
JXI,0.0002324606660071294
KXI,0.00020480975317377833
LIT,0.1662459699978396
MOO,0.0002194757124157243
MXI,0.0001964622504597786
NFRA,0.0002056422096194177
NUGT,0.0026141499540090233
PDN,0.0001947964468040205
PICK,0.19881074990848238
PID,0.00019884131975835608
PPH,0.000177663282773917
PSP,0.00016638978878278434
PXF,0.00019232781906386087
QEFA,0.0002293083606547638
ROBO,0.1422196012360279
RODM,0.00024298461473725835
RXI,0.0002262164576307962
SCHC,0.00019328172084103132
SCHF,0.00020036488993421597
SCZ,0.0001936248478718462
SDIV,0.00019690195071414674
SIL,3.7560053489854712
SMH,0.00016871575081975945
SPDW,0.00019860872848187258
TAN,1755208735847.9226
TLTD,0.00018811666254205705
URA,594272415385.2136
URTH,0.0002106408731530408
VEA,0.00020113566527697784
VEU,0.00019903496931758259
VSS,0.00021748601904151709
VT,0.00020549499146666904
VXUS,0.00020208010927913662
WDIV,0.000256336804253558
WOOD,0.00016914960081430494
XT,0.00020080639224046303
