Name,Riskiness R
XLY,[0.20766728]
UCC,[0.233171]
FDIS,[0.27604593]
VCR,[0.28821542]
RTH,[0.40299018]
