Name,Riskiness R
XLY,[0.07841655]
FDIS,[0.08648401]
VCR,[0.09009735]
IYC,[0.09372773]
RXI,[0.10112022]
