Name,Riskiness R
USL,[3.82147848e+11]
OLO,[7.19041329e+11]
OLEM,[7.78236184e+11]
DBO,[1.20484521e+12]
DTO,[2.70175152e+12]
