Name,Riskiness R
IAU,[0.81166406]
SGOL,[0.90019456]
GLD,[0.92351152]
OUNZ,[0.92372479]
UBG,[0.97544267]
