Name,Riskiness R
BIL,0.00015846942251328134
DFVL,0.00016703224788419132
DFVS,5746775014266.249
DLBL,344900524772.69543
DLBS,3030904191012.3877
DTUL,0.0003138557505053594
DTUS,0.11303621388121594
DTYL,620508217626.917
DTYS,1984485367342.8015
EDV,711906120721.3594
FLAT,0.019071006740829028
GOVT,2024517224816.8928
IEF,0.0007918014999219924
IEI,2556003561469.946
ITE,2534223796928.23
PLW,0.0002776695772228968
PST,0.00037281408085681567
SCHO,1.8529620596019027e-05
SCHR,1928072231671.4946
SHV,0.00013898416869768542
SHY,1.807515083309732e-05
SPTL,865088515077.5256
SPTS,1384561682812.0562
STPP,0.00025118009648154583
TAPR,8465951386975.237
TBF,0.0002761122847082264
TBT,5715906137125.385
TBX,5934702360441.714
TLH,0.00033856500927250457
TLT,907646610433.361
TMF,2.0812997959526194
TMV,8807721325950.707
TTT,7277274314997.166
TUZ,2549502969559.121
TYBS,0.0003544905839284444
TYD,793222276121.8049
TYNS,0.00027620022642244654
TYO,0.0002207866012567697
UBT,149562634280.1466
UST,0.00017989629580503663
VGIT,1956734114256.2913
VGLT,0.0001687736549817321
VGSH,1.851774533563378e-05
ZROZ,353639197852.3552
