Name,Riskiness R
PPA,[0.09981961]
ITA,[0.11834915]
CGW,[0.12573332]
XLI,[0.14564101]
XAR,[0.1505308]
