Name,Riskiness R
CRAK,[0.06001506]
HAWX,[0.0845024]
FONE,[0.09629966]
KOL,[0.10505246]
VIDI,[0.10588084]
