Name,Riskiness R
DGL,0.0001733118366664595
DGLD,11999285116596.814
DGP,761879712419.3431
DGZ,0.0001785353757965786
DZZ,6380844077196.803
GLD,0.00018321940545114543
GLL,6698323710735.565
IAU,0.00018445291841975901
OUNZ,0.00018080639983367207
SGOL,0.00018235798610584088
UBG,681805074230.545
UGL,1651032004706.9756
UGLD,173680469408.77176
