Name,Riskiness R
DGP,[6.4008287e+11]
UGL,[7.15640401e+11]
UGLD,[7.3426975e+11]
GLD,[9.18621218e+11]
UBG,[9.70419826e+11]
