Name,Riskiness R
AMJ,13.18113361634356
AMLP,163207773430.16745
AMU,11.18293399477641
AMUB,10.885935483297219
AMZA,1.6006141296597842
ATMP,0.7291318063274589
CHIE,0.43206632611537843
CRAK,0.0002046101012821246
DDG,0.0001722322007489988
DIG,0.9017291285314556
DRIP,0.003083876686208084
DUG,6574380232187.006
EMLP,0.00019939324806434548
ENFR,0.5611871534637809
ENY,133443587307.86154
ERX,0.8778478108306388
ERY,41375518165049.02
FAN,0.0001974557915656282
FCG,751362182852.7439
FENY,266258304964.28964
FILL,0.3156221965659225
FRAK,17.327041100415766
FXN,2.718904270393908
GASL,0.017814891062925976
GEX,0.00021877570946637198
GREK,32.9934179031783
GRID,0.00017947569729128614
GUSH,0.0018090317954809225
ICLN,3044731134813.7217
IEO,0.594875018302653
IEZ,2025211840889.0269
IXC,0.46121414663080174
IYE,145278083950.22812
KOL,0.09457481391210501
MLPA,5.2079645755253985
MLPB,24.52841983002095
MLPC,65629006245.972275
MLPG,0.4037274178061334
MLPI,65461190297.07179
MLPX,0.8650066774446694
MLPY,0.6114190551267713
NLR,248631749801.7343
OIH,1428654057222.4382
PBD,0.00021752291353822382
PBW,0.00017079436409749108
PSCE,353746537463.21497
PUW,0.5372961207892344
PXE,1.6697044976008388
PXI,1.5296706608433128
PXJ,917362839539.3823
PZD,0.24377291747290736
QCLN,6.467403130832794
RYE,1.5554560355787495
TAN,1743038555688.552
TPYP,0.0001806855706741379
VDE,6.336359974662607
XES,4242005853653.9873
XLE,99.40518697268276
XOP,0.7671773160034701
YLCO,0.7286304504145719
YMLI,0.4238276745514204
YMLP,1.4456910339974514
ZMLP,13077864979.005783
