Name,Riskiness R
IBDD,[9.31422847e+10]
IBCE,[1.49679562e+11]
IBCD,[2.21706857e+11]
BSCJ,[9.08700194e+11]
BSCK,[1.04166276e+12]
