Name,Riskiness R
DFJ,[0.08879492]
SCJ,[0.10038096]
DXJS,[0.14347506]
JPXN,[0.14745075]
FNDC,[0.16341521]
