Name,Riskiness R
DRR,[0.50430667]
EUO,[0.72981925]
CEW,[91.84325674]
INR,[6.02614875e+11]
EUFX,[7.90847846e+11]
