Name,Riskiness R
ARKK,0.13534613003658486
ARKW,0.09343562084084477
CIBR,0.2579263954851031
CQQQ,0.1581045586864188
EMQQ,0.18957674996852017
FDN,0.10941455660145154
FTEC,0.09886369305961758
FXL,0.12025138616966678
HACK,0.6281016413869976
IEUS,0.6327602936291974
IGM,0.09120355493736707
IGN,0.36949656764574906
IGV,0.0955449895679554
ISRA,680800666409.1796
IXN,0.09478089611961821
IYW,0.10816606138633825
KWEB,0.17544786704052912
PNQI,0.1320409094547143
PSCT,0.15672628798916097
PSI,0.11658230667569679
PSJ,0.0001680543882650958
PTF,0.24259056547508057
PXQ,0.19237184385080128
QQQ,0.13370131101852278
QTEC,0.09724109225644657
REW,6491655863634.637
ROBO,0.12400244532191584
ROM,0.16122909365220062
RYT,0.09066765311411758
SCID,93594387507.4516
SKYY,0.00016603806118389576
SMH,0.09551165337255411
SOCL,0.12688456000187204
SOXL,0.24054402830375865
SOXS,15211577216741.014
SOXX,0.10163126525861156
SSG,28651678446595.555
TDIV,0.15830315436664688
TECL,0.19767788729500255
TECS,11253717168143.488
USD,0.16778514520806706
VGT,0.10010768387481307
XLK,0.0957187135085022
XNTK,0.10361669168948735
XSD,0.1479320936083724
XSW,0.12368080353663571
XT,0.00016731214753625912
