Name,Riskiness R
ERUS,[1.17624704e+12]
FCOM,[3.28067899]
FONE,[0.87404425]
IXP,[2.23758497e+12]
IYZ,[4.81615585e+11]
LTL,[1.38412223]
VOX,[9.09164544e+11]
WBIF,[2.3037259e+12]
XTL,[8.27121385e+10]
