Name,Riskiness R
FCOM,[0.10386341]
FONE,[0.10990902]
XTL,[0.11870208]
WBIF,[0.11918794]
VOX,[0.15775628]
