Name,Riskiness R
FPE,0.00033425575375445663
IPFF,6712070347818.241
PFF,0.0006714184352889128
PFXF,0.0007723917443969957
PGF,0.00025440140593366913
PGX,0.0003063626536169083
PSK,0.0014720484456292378
SPFF,0.0005306378193960998
