Name,Riskiness R
PSK,[0.16602712]
PGF,[1.28509134e+10]
PGX,[1.75731177e+10]
FPE,[1.81859266e+11]
PFXF,[4.25312886e+11]
