Name,Riskiness R
IBDN,[24450.66311578]
IBCD,[2.87078691e+11]
IBDD,[3.27549493e+11]
IBDC,[5.3235311e+11]
IBCE,[9.39328965e+11]
