Name,Riskiness R
CIL,[1.068573]
GOEX,[1.44841315]
SILJ,[10.21421779]
IPKW,[3.10756879e+11]
FAN,[5.86853945e+11]
