Name,Riskiness R
FMB,[9.29998398e+11]
ITM,[86.91044431]
MLN,[1.87457873e+12]
MUB,[3.18436603e+12]
MUNI,[2.09493708e+12]
PRB,[1.79768451e+12]
PVI,[7.2048479e+11]
PZA,[9.41736901]
RVNU,[6.27336121e+11]
SHM,[1.14080275e+12]
SHYD,[3.00831378e+12]
SMB,[1.31011524e+12]
SMMU,[1.88714854e+12]
SUB,[1.70586616e+12]
TFI,[3.87164922e+12]
