Name,Riskiness R
ITA,[0.23366372]
PPA,[0.29499753]
XAR,[0.29769262]
UXI,[0.43725578]
PSCI,[1.09402304]
