Name,Riskiness R
AGF,3169033919517.5303
AGQ,15073716185.38217
BCM,0.00023030842018123578
BDD,0.007717068664526725
BNO,2.5312191632215186
BOIL,251.00704760269366
BOM,0.020581928896972815
BOS,0.005986723367142706
CANE,2472837579215.0474
CORN,6932792042353.38
CPER,1.0144314029581207
DAG,3220459224504.5356
DBA,0.00021202569223158056
DBB,0.00021015744161788353
DBC,0.00018736246915359127
DBE,244828076070.66986
DBO,789329016330.8748
DBP,0.00017934861139438644
DBS,1380685266824.438
DDP,172323280384.28967
DGAZ,0.0037138141022462256
DGL,0.0001733118366664595
DGLD,12540015136898.459
DGP,62591978415.45946
DGZ,0.0001785353757965786
DJCI,0.0002431177424675123
DJP,0.00022296718996834856
DSLV,0.017619166479877924
DTO,1666349409245.786
DYY,0.010118961942373229
DZZ,7525490939997.848
FTGC,0.00044024153651340116
FUD,2363340511211.254
FUE,423577792813.2377
GCC,0.0005144267424332646
GLD,0.00018321940545114543
GLL,7946040982090.8955
GLTR,0.00017405320760807656
GRU,0.00017076537593980736
GSC,599692107008.705
GSG,2331497528378.6694
GSP,914371091491.5118
IAU,0.00018445291841975901
KOLD,0.9325426905849762
LD,0.016938645721956955
NIB,10662387880734.074
OLEM,221839459878.7107
OLO,702059122452.5182
OUNZ,0.00018080639983367207
PALL,0.3405237077136051
PDBC,0.0001791307623757233
PPLT,3147389808635.1846
RJA,0.00023960364601199527
RJI,0.00021347998572501112
RJN,952853170592.5288
RJZ,0.0002752598849025957
SCO,3230797557678.882
SGOL,0.00018235798610584088
SIVR,1193492937044.7737
SLV,2817351134285.265
SOYB,0.00018429197413006576
SZO,1829942805383.6753
TAGS,0.00020422609791478596
UAG,704953657480.5306
UBG,3134385982572.9307
UCI,0.00020181389887312417
UCO,4261299493524.9854
UGA,499789935535.2772
UGAZ,0.003424328711419213
UGL,128136070015.52959
UGLD,2.6135375442552076
UNG,1867704667392.211
UNL,4299722857287.78
USCI,0.00023535059494015094
USL,407083742135.5706
USLV,5.362444967952727
USO,4024783336025.277
USV,665073686208.6709
WEAT,1360830064156.858
ZSL,8915983568949.73
