Name,Riskiness R
DBB,[0.28395813]
PALL,[0.34052371]
BDD,[0.43417138]
KOLD,[0.93254269]
LD,[0.95712148]
