Name,Riskiness R
ECON,[2.95056823e+11]
EMCG,[3.05304486e+12]
FSTA,[7.40458985e+11]
FXG,[9.07680696e+11]
IYK,[4.4525977e+11]
KXI,[1.99610102e+12]
PBJ,[4.16280343e+12]
PSCC,[0.61276493]
PSL,[9.19785147e+11]
RHS,[1.11955036e+12]
SZK,[1.29487125e+11]
UGE,[0.74981772]
VDC,[3.67734417e+11]
WBID,[1.45023482e+12]
WBIE,[7.37122216e+12]
WBIL,[2.15031332e+12]
XLP,[1.12578583e+12]
