Name,Riskiness R
FONE,[0.11271707]
XTL,[0.15896417]
ERUS,[0.17063525]
FCOM,[0.19804511]
VOX,[1.2155166]
