Name,Riskiness R
BSCJ,2539100733560.9346
BSCK,3543096279355.878
BSCL,3514982806213.0347
BSCM,2111907034475.343
BSCN,1254478264643.1528
BSCO,905942837.5092225
IBCD,894966597829.327
IBCE,858240794118.8795
IBDC,882270570877.5907
IBDD,0.0010961507642243606
IBDL,1485505328208.4758
IBDM,3533057855942.8613
IBDN,23578.68058126711
