Name,Riskiness R
IPKW,[0.07674552]
QWLD,[0.0860958]
IDHQ,[0.09685358]
TOK,[0.10471401]
EXI,[0.10676983]
