Name,Riskiness R
DRN,0.5163978046211081
DRV,26866763837513.016
DRW,3869340439031.893
FFR,0.0002235725628419973
FRI,0.00019488665536166727
GQRE,0.00022223042698847693
GRI,0.0001998049063374273
ICF,0.00019187719233599708
IFEU,11981991536635.125
IFGL,0.00020830143426683943
IYR,0.00022308400590296407
KBWY,0.00017003935244256767
MORL,0.8515032359639724
MORT,1053638221982.5305
PSR,0.00017888087886997592
REK,0.00019744499735976882
REM,712478331044.9073
REZ,0.00017576216562192315
ROOF,0.00019620391922510903
RWO,0.00020315554730732148
RWR,0.00019955965422135242
RWX,1283817829766.7246
SCHH,0.00019923588199497684
SRS,16695832104424.988
TAO,756803688135.6895
URE,0.5004092918406372
USRT,0.00021566703549897
VNQ,0.00020043574544416137
VNQI,0.00018399560744253798
WPS,0.00020578264141317068
WREI,0.00019437674137200698
