Name,Riskiness R
SHY,[0.01216587]
SCHO,[0.01230021]
VGSH,[0.01365843]
TUZ,[0.02428226]
ITE,[0.030601]
