Name,Riskiness R
UUP,[0.03902678]
EUFX,[0.04754648]
USDU,[0.06607689]
DRR,[0.09045301]
EUO,[0.09085703]
