Name,Riskiness R
AADR,[0.07026331]
LIT,[0.09079743]
SOCL,[0.10455061]
FONE,[0.10847433]
VIDI,[0.10935981]
