Name,Riskiness R
CROP,[0.09705183]
PEX,[0.21933412]
IPO,[0.48298188]
FLM,[0.75073175]
FDTS,[0.92167087]
