Name,Riskiness R
EFO,[17792702.31895158]
CROP,[2.15622221e+11]
FLM,[1.19834892e+12]
IPO,[1.63034271e+12]
DZK,[2.0277066e+12]
