Name,Riskiness R
DBB,[0.21626225]
RJZ,[0.29842346]
SZO,[0.31251045]
IAU,[0.3366341]
SGOL,[0.34869865]
