Name,Riskiness R
GLD,[4.11175621e+11]
UGLD,[9.71561679e+11]
UBG,[1.15652417e+12]
SGOL,[1.30027557e+12]
OUNZ,[1.33120786e+12]
