Name,Riskiness R
VQT,[0.06463073]
PHDG,[0.06961054]
KBWP,[0.07197992]
RYF,[0.07955927]
KIE,[0.08021305]
