Name,Riskiness R
DBO,[1.70327505e+13]
DTO,[0.36825522]
OLEM,[2.86140587e+12]
OLO,[1.97665676e+13]
SCO,[0.52701826]
SZO,[0.26642048]
UCO,[1.73115452e+11]
USL,[2.3417707e+13]
USO,[2.33929677e+13]
