Name,Riskiness R
SZO,[0.26642048]
DTO,[0.36825522]
SCO,[0.52701826]
UCO,[1.73115452e+11]
OLEM,[2.86140587e+12]
