Name,Riskiness R
EMIF,[4.81235225e+12]
FUTY,[0.49387393]
FXU,[2.34367944]
GII,[1.07635294e+12]
IDU,[0.58845827]
IGF,[6.87380923e+11]
INXX,[2.29171606e+12]
JXI,[7.61302263e+11]
PSCU,[0.12543948]
PUI,[0.6088813]
PXR,[2.94476679e+12]
RYU,[6.62460752e+10]
SDP,[1.24809372e+13]
TOLZ,[2.3712282e+12]
UPW,[0.27073011]
VPU,[0.49581061]
WBIC,[7.78955464e+12]
XLU,[0.59150081]
