Name,Riskiness R
ERUS,[0.25812365]
FCOM,[1.64594592e+11]
FONE,[1.3822377]
IXP,[1.58319804e+12]
IYZ,[1.30413192e+12]
LTL,[6.37978757e+11]
VOX,[3.99623423e+12]
WBIF,[0.66996385]
XTL,[0.45116453]
