Name,Riskiness R
PSCU,[0.23754092]
UPW,[0.38845264]
FXU,[6.62607421e+10]
PUI,[7.533242e+10]
VPU,[8.09111432e+10]
