Name,Riskiness R
ACWV,[0.05072054]
DLS,[0.06037368]
FNDC,[0.06474509]
SCZ,[0.06673642]
JPGE,[0.06954611]
