Name,Riskiness R
BJK,[0.73324927]
CARZ,[2.61624001e+12]
CHIQ,[1.75830913]
FDIS,[0.15007011]
FXD,[5.98335476e+10]
INCO,[4.7132515]
IYC,[0.16897525]
JHMC,[0.97313352]
PBS,[1.74996478e+10]
PEJ,[2.41686539e+10]
PEZ,[0.72486457]
PMR,[1.22141695e+12]
PSCD,[0.2671984]
RCD,[2.70187359e+11]
RETL,[1.35334665]
RTH,[0.19786278]
RXI,[0.42114759]
SCC,[1.0993406e+13]
UCC,[0.19206039]
VCR,[0.16562971]
WBIA,[3.00101364e+12]
XLY,[0.14153186]
XRT,[4.8628887e+11]
