Name,Riskiness R
PBS,0.0001685439289735868
CARZ,0.00017254357503887848
PEJ,0.0001733703978880325
CHIQ,0.00017383954875722706
PSCD,0.00017682043966659296
