,ETF,RiskinessR
0,BZF,0.0012808943180685488
1,CEW,0.0
2,CNY,0.9999999999986191
3,CROC,0.9999999999996664
4,CYB,0.0
5,DBV,0.0
6,DRR,0.9999999999997137
7,EUFX,0.0
8,EUO,0.9999999999997452
9,FXA,0.0
10,FXB,0.9999999999998711
11,FXC,0.0
12,FXCH,0.0
13,FXE,0.0
14,FXF,0.0
15,FXS,0.0
16,FXSG,0.28353776983234186
17,FXY,0.2927895080236784
18,UDN,0.0
19,ULE,0.999999999999736
20,URR,0.99999999999839
21,USDU,0.0
22,UUP,0.0
23,YCL,0.5366901856772969
24,YCS,0.9999999999999033
