Name,Riskiness R
RYU,[0.06544968]
FXU,[0.07273665]
FUTY,[0.07328395]
PSCU,[0.07484627]
XLU,[0.07505423]
