Name,Riskiness R
GRID,[0.21794443]
PZD,[0.22634389]
NLR,[0.35296623]
FAN,[0.40925201]
DDG,[0.42832498]
