Name,Riskiness R
ECON,5226494435915.061
EMCG,420733052932.0104
FSTA,0.00020875637676801676
FXG,0.00019101650422739168
IYK,0.00020212275595896735
KXI,0.00020272219191353616
PBJ,0.00018112274606448624
PSCC,0.00020400520381297997
PSL,0.00021985668291152035
RHS,0.000232605004702121
SZK,6183319319622.311
UGE,15.646661169065618
VDC,0.00022117862254636764
WBID,0.00020479086305819026
WBIE,0.0001976136086783963
WBIL,0.00023938517907799606
XLP,0.00021771096467179094
