Name,Weight
Developed Markets ETF List 1 (100),0.3122455525502892
Broad Asia ETF List (44),0.12018366098082126
Developed Markets ETF List 2 (100),0.23754847501333398
Consumer Discretionary Equity ETF List (31),0.09157224413442316
Developed Asia Pacific ETF List (108),0.23845544532568053
