Name,Riskiness R
PSCU,[0.14653508]
UPW,[0.28633128]
VPU,[0.72140092]
FUTY,[0.72804142]
XLU,[0.76378838]
