Name,Riskiness R
AAXJ,0.00018433175806375866
ADRE,0.00017841825820483006
AFTY,1.9029672115593896
AIA,0.00017172582063529408
ASEA,0.00018109629935386378
ASHR,1186835109907.9778
ASHS,3094754789261.776
ASHX,563132216274.791
AXJV,0.0034034213042037605
CHAD,2056069716171.9346
CHAU,18519755276.749874
CHIE,0.4663344207393615
CHII,0.5710315934265061
CHIM,0.46100533626053675
CHIQ,0.00017383954875741477
CHIX,0.3387682464355838
CN,1.0816505833549348
CNHX,624609102562.0209
CNXT,1282718959776.69
CQQQ,0.5243974774476332
CXSE,0.2333394004925137
DBEM,0.00018985776382007054
DEM,0.00019177861365064737
DGRE,0.0002597143408749841
DGS,0.00022976727045610274
ECNS,782860145052.575
EDC,0.48503940862780304
EDIV,0.00020625863600195
EDZ,47910594483322.05
EEM,0.00018430144016422679
EEMA,0.00017496537512054703
EEMV,0.00026330691147725087
EET,0.3970621601663012
EEV,37980419121789.64
EIDO,1356607961769.2886
EMQQ,0.432465054920142
EPHE,908042287338.48
EPI,0.27768926934081567
EUM,9666380003450.545
EWM,2274194584506.8716
EWX,0.000222986864244676
FCA,0.30588728304939483
FEM,0.2657559569406707
FEMS,0.4177396059828422
FNI,0.0001733022824876491
FXI,0.44529891936495686
FXP,12655543672607.633
GMF,0.00018717689849751543
GXC,0.2943315219940891
HAO,1.2017467340402608
IDX,929988177814.676
INCO,0.19639199561975274
INDA,0.39895001733171737
INDL,0.4729339096970589
INDY,0.22825047789816247
INXX,0.5136180529757576
KBA,735343697268.4248
KFYP,0.5963209224797859
KWEB,0.949800767259125
MCHI,0.29296671416343717
PEK,1305031926705.2317
PGJ,3.013276642786981
PIE,0.00018535947859403898
PIN,0.3332365581842866
SCIF,1.0308124130126675
SCIN,1.7550578688372898
SMIN,0.3157121065806344
SPEM,0.00020365972416008134
THD,0.2819235674848026
VNM,671001975828.155
VWO,0.0001956594749595949
XCEM,0.00019236117067690685
XINA,3352441443918.09
XPP,0.40679900179974127
YANG,52579939741667.99
YAO,0.3498048016028579
YINN,0.03103430220786333
YXI,11241062153239.582
