Name,Riskiness R
EMIF,4213539868057.427
FUTY,0.00022377496275939035
FXU,0.00023413465032943775
GII,0.00019854139319878651
IDU,0.00020985260354016688
IGF,0.00024674932382603385
INXX,2186728855417.0874
JXI,0.0002213349189903066
PSCU,0.0002417042589223813
PUI,0.00023437163629672273
PXR,2239859184970.313
RYU,0.0002910250149353402
SDP,7909691293857.636
TOLZ,0.00019996244203376084
UPW,0.28424697151895634
VPU,0.00021237485785383437
XLU,0.00020898988680859493
