Name,Riskiness R
PSCU,[0.06933125]
FUTY,[0.08694346]
PUI,[0.0884767]
RYU,[0.09031906]
VPU,[0.09267026]
