Name,Riskiness R
WBIF,[0.0612369]
FONE,[0.11817218]
FCOM,[0.11883581]
XTL,[0.16098327]
VOX,[0.1918286]
