Name,Riskiness R
IYZ,0.00016777454266206712
VOX,0.00020601736626134327
FCOM,0.00021163627588649157
WBIF,0.00023118027700517172
IXP,0.00030544879523048795
