Name,Riskiness R
CIL,[0.15115485]
ARKQ,[0.21435249]
IPKW,[0.25437178]
GRID,[0.29369443]
PZD,[0.38985378]
