Name,Riskiness R
CBND,0.0028819629523405715
CORP,1267440180381.2024
GSY,2.4549251923964587e-05
ICSH,1.8889867226122476e-05
IGHG,6353019361195.396
IGIB,1592897546164.1987
IGSB,1.9830867548141058e-05
LQD,28986333.551778432
PFIG,2657134467072.3857
QLTA,3602192931628.793
SLQD,2964752581433.21
SPIB,1822538532860.9756
SPLB,0.0003886894818319058
USIG,535378186338.29156
VCIT,2168747786686.3875
VCLT,0.00042929883614742235
VCSH,1344235601330.2124
