Name,Riskiness R
AGG,1079311755066.5586
AGND,1629273891929.1865
AGZD,2659668934690.8384
BIV,1378916954020.4407
BLV,0.00020585671325152734
BND,3784031414909.9756
BNDX,2117616382664.9478
BOND,2352130428928.961
BSV,1826859894639.892
BYLD,662787375393.9395
FBND,2371499270090.0586
FCOR,1837835518551.6177
FLTB,3249621494939.4316
FTSD,1318074897715.536
FWDB,2119145975583.7444
GBF,4361382299073.4717
GVI,3038323578438.3804
HOLD,1.7859291014474318e-05
ILTB,0.00023120582482986143
ISTB,1997059797903.5564
IUSB,1694173005136.964
KCNY,0.00037427385727744337
LDUR,1394793870687.5786
MINC,1744872786422.33
MINT,3.3272419286505536e-05
NEAR,3.132398987443483e-05
RAVI,2.2452262428237704e-05
SAGG,3785180322831.487
SCHZ,561918930959.4113
SPAB,3413703795737.504
TOTL,2661285274170.599
ULST,2.0925975198065554e-05
VBND,2653096430976.665
WYDE,0.0007166124905209016
XMPT,0.000563535736373961
