Name,Riskiness R
IHI,[0.08368606]
XHE,[0.10022017]
PSCH,[0.1039298]
IHF,[0.19156246]
PTH,[0.2716249]
