Name,Riskiness R
FMB,[0.01459954]
ITM,[0.91225436]
MEAR,[0.01226177]
MLN,[0.03854339]
MUB,[0.0240081]
MUNI,[0.02399891]
PRB,[0.02528145]
PVI,[0.23236234]
PZA,[0.02645354]
RVNU,[0.0397618]
SHM,[0.0256001]
SHYD,[0.07954061]
SMB,[0.03217037]
SMMU,[0.02610767]
SUB,[0.01378557]
TFI,[0.03124121]
