Name,Riskiness R
FMB,3413556179900.938
ITM,0.00221640171980788
MEAR,1.789246754673695e-05
MLN,0.0028879855133360885
MUB,2754320800900.0835
MUNI,2734462802986.879
PRB,2188729709902.171
PVI,3.112216913972625e-05
PZA,9.972323192757479
RVNU,0.0011587019177750153
SHM,2292762003016.0234
SHYD,0.0008655372903502702
SMB,1210182808082.2634
SMMU,1370851383942.6172
SUB,1.7538023187996516e-05
TFI,2572619909915.4595
