Name,Riskiness R
WBIF,[0.2611582]
XTL,[0.29343114]
ERUS,[0.31370863]
FONE,[0.32859443]
FCOM,[0.86839404]
