Name,Riskiness R
ERUS,[4.67872695e+12]
FCOM,[1.34748174]
FONE,[0.24745713]
IXP,[5.57329283e+11]
IYZ,[1.39530331e+12]
LTL,[1.37275479]
VOX,[9.52984128e+11]
WBIF,[2.55030948e+12]
XTL,[0.32748473]
