Name,Riskiness R
UCC,[0.50503815]
INCO,[2.00338939]
RETL,[4.02164109]
XLY,[4.09718671]
CHIQ,[8.34475175]
