Name,Riskiness R
PZA,[8.4654232]
ITM,[84.50175511]
MLN,[5.0151541e+11]
RVNU,[6.92990991e+11]
PVI,[7.09391474e+11]
