Name,Riskiness R
IPKW,[0.11133806]
TOK,[0.16494729]
EXI,[0.17110233]
ACIM,[0.18876783]
DGT,[0.22014427]
