Name,Riskiness R
ACWV,[0.05165815]
JPGE,[0.06611588]
DLS,[0.06627202]
FNDC,[0.06950102]
CGW,[0.07232816]
