Name,Riskiness R
ECON,[9.64504412e+11]
EMCG,[1.95366546e+12]
FSTA,[1.10612776e+11]
FXG,[4.48255435]
IYK,[2.37693479e+11]
KXI,[8.10931201e+11]
PBJ,[6.83842391e+10]
PSCC,[0.31428936]
PSL,[5.08745038e+11]
RHS,[0.42504557]
SZK,[2.47785104e+12]
UGE,[0.38368469]
VDC,[1.92765467e+11]
XLP,[1.56002834e+11]
