Name,Riskiness R
DGP,[1.05769811e+12]
SGOL,[1.2285112e+12]
GLD,[1.38724449e+12]
DGLD,[1.40274963e+12]
DGZ,[1.42667353e+12]
