Name,Riskiness R
SHV,[0.00158893]
BIL,[0.00222878]
VGSH,[0.05880424]
SCHO,[0.06260002]
ITE,[0.0901144]
