Name,Riskiness R
ANGL,[0.04273894]
CJNK,[0.03676278]
GHYG,[0.09819327]
HYG,[0.0839672]
HYGH,[0.18470768]
HYHG,[1.53005333]
HYLD,[8.87575948e+11]
HYLS,[0.04937074]
HYND,[8.41418571e+10]
HYS,[0.04676147]
HYZD,[0.09372823]
JNK,[0.10715581]
PGHY,[0.02263163]
PHB,[0.04649873]
RIGS,[0.02775104]
SHYG,[0.04080716]
SJB,[1.01499417e+12]
SJNK,[0.05344376]
UJB,[0.39477066]
WBII,[0.03419919]
