Name,Riskiness R
ITB,[0.36767309]
PKB,[0.38775157]
GOEX,[2.63203063]
XHB,[3.30666067]
WOOD,[8.33025211e+10]
