Name,Riskiness R
ECON,2143295462799.665
EMCG,36190511513.20595
FSTA,0.2737829539531248
FXG,0.00020468587699293872
IYK,0.00017079765291346555
KXI,0.00016663129689662126
PBJ,0.00017878557077641378
PSCC,0.00016847729454261458
PSL,0.00035450342456775773
RHS,0.0001856788140029211
SZK,66703492151570.66
UGE,0.0016916727131272291
VDC,0.37208838073896566
WBID,0.00018018967199897633
WBIE,3564173842820.0654
XLP,542275892345.9408
