Name,Riskiness R
RCD,0.0001707125766935532
PBS,0.00018365073702879253
IYC,0.08034225504760355
RTH,0.08437098802174581
FDIS,0.08812676346084816
