Name,Riskiness R
RYT,[0.044081]
XLK,[0.04531501]
IGM,[0.04619273]
PSCT,[0.05012027]
QTEC,[0.05073256]
