Name,Riskiness R
IGM,0.00016893755325876172
IXN,0.0001775362673452528
SCID,0.0001796728421987305
FTEC,0.00018538746495233913
VGT,0.0001926315324531415
