Name,Riskiness R
ZIV,[0.21631191]
SVXY,[0.44577227]
XVZ,[1.61252998e+12]
VIXM,[4.75879386e+12]
VIXY,[6.24634624e+12]
