Name,Riskiness R
CBND,[0.05428637]
CORP,[0.03187686]
GSY,[0.00214005]
ICSH,[0.00544802]
IGHG,[0.02579776]
IGIB,[0.02366218]
IGIH,[0.07992254]
IGSB,[0.00623291]
LDRI,[0.03369805]
LQD,[0.04572137]
LQDH,[0.02097071]
PFIG,[0.03361159]
QLTA,[0.04075686]
SKOR,[0.03552976]
SLQD,[0.01335631]
SPIB,[2.85536236e+11]
SPLB,[0.07118465]
USIG,[0.03758244]
VCIT,[0.03721452]
VCLT,[0.06913811]
VCSH,[0.01158211]
