Name,Riskiness R
BIL,0.00010695810207111222
DFVL,0.000183994015713075
DFVS,672596647029.6196
DLBL,0.0001959367247822403
DLBS,576586109562.554
DTUL,0.00019790844564609254
DTUS,0.00025499661056203833
DTYL,1463024725496.2585
DTYS,10.091522186418528
EDV,2737189012302.055
FLAT,0.00022476510266864104
GOVT,1899650599020.0894
IEF,0.0007917540626863469
IEI,3345674861567.7075
ITE,2265216206800.9067
PLW,0.0002776695772228968
PST,0.000731974185010365
RISE,2485530408996.605
SCHO,2.1204188114769844e-05
SCHR,1611286979403.1675
SHV,0.0001387768808976419
SHY,1.9702147232296835e-05
SPTL,1840046934323.1333
SPTS,1761375109533.5063
STPP,0.0001663463496748195
TAPR,2037741257379.9695
TBF,0.0003356624761781786
TBT,10101008969016.492
TBX,2878106202659.51
TLH,0.0003385650092725037
TLT,1680253162844.2102
TMF,391017570787.64844
TMV,2127507748976.3745
TTT,8305604886643.511
TUZ,1095825080474.4468
TYBS,0.0003544905764027236
TYD,1687336657343.5732
TYNS,0.00027620022642244654
TYO,0.00022078559318678028
UBT,904785108681.8934
UST,0.00017989629580503663
VGIT,3890718861197.046
VGLT,0.0001687736549817321
VGSH,1.8517745335165388e-05
ZROZ,1867969312430.9856
