Name,Riskiness R
AMJ,390796165333.29517
AMLP,1108793597007.277
AMU,409342222362.38074
AMZA,199617207449.66534
ATMP,3.1034529838902696
CHIE,15.770891769717842
CRAK,0.00018076190725892775
DDG,0.0001722322007489988
DIG,7.715523649079467
DRIP,0.003083876686208084
DUG,4422772955451.91
EMLP,1710523387419.7258
ENFR,2.304633241936694
ENY,237645815015.42786
ERX,2.4117649701891395
ERY,9067622276838.576
FAN,0.0001974620094115037
FCG,2621558173586.727
FENY,363811706033.6908
FILL,0.7322781775547826
FRAK,523075347730.8974
FXN,442089545520.918
GASL,0.0037295156407710574
GEX,189427973706.7739
GREK,1443337041211.2588
GRID,0.00016725459720774033
GUSH,0.0017800978792581275
ICLN,3925335054652.5547
IEO,36321123516.21181
IEZ,1851405580634.3154
IXC,15815638669.825989
IYE,522046063862.16394
KOL,0.14974396474196525
MLPA,500764664243.55975
MLPB,195781674928.0697
MLPC,430918567991.3748
MLPG,1.8446236397498934
MLPI,704211294575.9608
MLPX,454606804229.2706
MLPY,3728996946201.46
NLR,224796235555.93607
OIH,6963314266817.49
PBD,2500936713545.5938
PBW,3.28839810374101
PSCE,2308742687994.0547
PUW,3.2546650854925896
PXE,2185077521348.7278
PXI,569357943854.6238
PXJ,12826195718874.469
PZD,0.1826085501656087
QCLN,0.4500682104859901
RYE,116318683097.22964
TAN,8667913600907.866
TPYP,1.246234759568521
VDE,396812957846.5519
XES,2070642628164.2651
XLE,565624304314.3868
XOP,208589756794.80145
YLCO,0.4852995922709996
YMLI,3.476549281090872
YMLP,3491425038955.347
ZMLP,3036223645201.369
