Name,Riskiness R
ANGL,0.00027182573882946723
CJNK,1311899605850.024
GHYG,0.006540591689580182
HYG,0.0004458436493917118
HYHG,0.0002076739746784446
HYLD,4982454110704.782
HYLS,0.0005356956035948038
HYND,0.00021449286552151223
HYS,0.0009096082495814174
HYZD,0.0004571453630769725
JNK,0.0004075112294018746
PGHY,3824.42831009169
PHB,0.0004902209780639629
RIGS,455641051588.30133
SHYG,2.1711298386313613
SJB,0.0003610527318759036
SJNK,1612234842671.3306
UJB,433980584976.88586
