Name,Riskiness R
ANGL,[3.22879058e+11]
CJNK,[1.77821072e+12]
GHYG,[3.40077614e+12]
HYG,[1.11876284e+12]
HYHG,[1.28583121e+12]
HYLD,[4.6542081e+12]
HYLS,[5.47738398e+12]
HYND,[5.89128062e+12]
HYS,[3.10221265e+12]
HYZD,[1.12131758e+12]
JNK,[5.58537391e+12]
PGHY,[3824.42831166]
PHB,[1.01353039e+12]
RIGS,[4.54094234e+11]
SHYG,[2.17112984]
SJB,[6.81090524e+12]
SJNK,[1.61446951e+12]
UJB,[2.40575464e+11]
