Name,Riskiness R
ADRE,0.7057178571741423
BBRC,1606037073379.8174
BICK,0.9173333047461311
BKF,0.8695525661554915
DBEM,386463538662.55634
DEM,0.6235614969374487
DGRE,701526229392.077
DGS,0.9681099321848544
DVYE,0.5965641399591144
EDC,0.7812735319194749
EDIV,5.64971641683966
EDOG,1012019444854.6831
EDZ,32538856112462.676
EEB,0.5953607333877825
EELV,753019519672.4708
EEM,2.811210832310108
EEMO,1.1148929103204241
EEMS,568207040738.0077
EET,0.689285809879281
EEV,2840998139603.176
EMCG,2760073283671.679
EMFM,568630355659.3827
EMIF,940023314155.2905
EMQQ,1.3593016711993304
EUM,14394581704692.926
EWEM,398754093623.7011
EWX,0.00016805856453559588
FEM,0.5892326453997794
FEMS,0.6498542346879532
FNDE,0.345901436845492
GEM,39871361342.458084
HEEM,0.00020461063787409814
HILO,0.00017237002926291845
IEMG,2.7447656512750855
JPEM,50.15414937887183
PIE,1752973274184.4
PXH,0.3578249936211026
PXR,101186215666.17908
QEMM,0.00016668883807297532
ROAM,0.00018249540711227122
SCHE,9.276160642012677
SDEM,580874752029.521
SPEM,3.0236552263415173
TLEH,968844420073.6023
TLTE,197460092662.3497
VWO,55528681254.67526
XCEM,0.0001923611706769172
XSOE,0.7745984736261574
