Name,Riskiness R
HEEM,[0.11224612]
QEMM,[0.11330786]
FNDE,[0.11360602]
DGS,[0.11662991]
TLEH,[0.11681202]
