Name,Riskiness R
FNDE,[0.34590144]
PXH,[0.35782499]
FEM,[0.58923265]
EEB,[0.59536073]
DVYE,[0.59656414]
