Name,Riskiness R
CBND,0.1134584197023684
CORP,0.0006237309844579419
GSY,2.2085412990267943e-05
ICSH,2.0345461570404394e-05
IGIB,293864447074.818
IGSB,1.7569809623393908e-05
LQD,0.0005358122715140351
PFIG,1113.0222415179012
QLTA,0.0027065430012452843
SLQD,3386131135105.1895
SPLB,0.0001898649091285543
USIG,0.0011335489243097146
VCLT,0.0002175770729010191
VCSH,437545275617.6593
