Name,Riskiness R
DZZ,[5.51730683]
DGLD,[9.14931178]
DGZ,[3.88105715e+09]
IAU,[5.82249673e+10]
OUNZ,[7.13804838e+10]
