Name,Riskiness R
ALTS,[618270.50273562]
BTAL,[5.63698923e+12]
CHEP,[5.11644497e+12]
CPI,[3.0438322e+12]
DIVA,[9.92573134e+11]
DIVY,[4.15165934e+11]
FLAG,[6.60227118e+11]
FMF,[5.32909585e+12]
FTLS,[5.51720419e+11]
HDG,[0.23070641]
MCRO,[1.53123278e+12]
MNA,[1.9515475e+12]
MOM,[3.52210343e+12]
MRGR,[2.01594622e+12]
QAI,[4.0982891e+12]
QMN,[1.71492068e+12]
RALS,[2.55496185e+12]
RLY,[2.92360249e+12]
SIZ,[1.89261649e+12]
WTMF,[4.11570206e+12]
