Name,Riskiness R
ALTS,[2.27975681e+12]
BTAL,[3.015782e+12]
CHEP,[1.38711412e+12]
CPI,[4.98669302e+12]
DIVA,[8.0524625e+11]
DIVY,[8.77444711e+11]
FLAG,[1.23980001]
FMF,[2.13080177e+12]
FTLS,[2.47026487e+11]
HDG,[0.23056101]
MCRO,[1.5468946e+12]
MNA,[1.90824348e+12]
MOM,[9.8978068e+11]
MRGR,[2.16612561e+12]
QAI,[3.27283417e+12]
QED,[1.18957245e+12]
QMN,[1.85036488e+12]
RALS,[3.4337284e+12]
RLY,[4.58594792e+12]
SIZ,[4.1982153e+12]
WTMF,[4354387.57053538]
