Name,Riskiness R
HDG,[0.23056101]
FLAG,[1.23980001]
WTMF,[4354387.57053538]
FTLS,[2.47026487e+11]
DIVA,[8.0524625e+11]
