Name,Riskiness R
FLAG,0.00016923835226366225
MOM,0.00017345212725961346
CHEP,0.00023154187704523856
FMF,0.0002514447498791533
RLY,0.00025461365517470046
