Name,Riskiness R
CQQQ,469675050564.3058
FDN,1.3910462476016288
FTEC,0.5023654921056245
FXL,671215208548.0786
IEUS,2498768258535.679
IGM,0.4301619166074399
IGN,398740592752.4887
IGV,0.6586349450140014
ISRA,0.00017952583945826138
IXN,0.6352657595718787
IYW,0.5237566000818771
KWEB,1191493527.3777137
PNQI,85404689585.06546
PSCT,0.49903984782701577
PSI,0.20551406422356303
PSJ,0.00016805567422121886
PTF,837671276311.7935
PXQ,411822241548.73865
QQQ,0.5087396483674826
QTEC,0.33484000560869154
REW,15632572071276.193
ROBO,6146143353011.768
ROM,0.37470028710301984
RYT,0.5522343351938953
SKYY,0.00016603806118389576
SMH,0.21056595027325833
SOCL,1397651071703.868
SOXL,0.022612145937163104
SOXS,24714872233214.14
SOXX,0.29112188913674414
SSG,10853834250602.613
TDIV,0.0001728801618209353
TECL,0.37371779495680796
TECS,22489339640935.4
USD,0.32605764385807995
VGT,0.5133938022533974
XLK,0.3872771329616329
XNTK,0.949697719216699
XSD,0.2377195360247315
XSW,348668681238.2562
