Name,Riskiness R
MNA,[0.03713303]
CPI,[0.04195791]
HDG,[0.10834465]
FLAG,[0.14172483]
QMN,[0.14987177]
