Name,Riskiness R
AIRR,[0.16840539]
CGW,[9.41396831e+10]
CHII,[1.24997217e+12]
EXI,[0.39119856]
FIDU,[0.21302968]
FIW,[0.11221571]
FXR,[0.2070377]
IEV,[1.15649238e+12]
ITA,[0.08887988]
IYJ,[0.18479353]
IYT,[0.67350608]
JETS,[7.18966893]
PHO,[0.3542001]
PIO,[5.27973819e+11]
PPA,[0.08928452]
PSCI,[0.20375418]
RGI,[0.20936223]
SEA,[1.2586303e+13]
SIJ,[1.52994777e+13]
UXI,[0.1853448]
VIS,[0.23729168]
XAR,[0.09909005]
XLI,[0.20557719]
XTN,[0.40403503]
_PRN,[0.26825474]
