Name,Riskiness R
AGF,626302525491.8993
AGQ,2798172743564.9795
BCM,0.00023030842015484237
BDD,0.007717068664526655
BNO,21005996287024.74
BOIL,346.0473718598698
BOM,0.011787288121296627
BOS,0.005986723367133037
CANE,1421923297569.1802
CORN,11474825602098.133
CPER,8237250101284.611
DAG,3920052623332.0996
DBA,0.0002120256922897571
DBB,0.00023803496143992375
DBC,0.00017824353393518477
DBE,4224314668319.8984
DBO,28156144455148.336
DBP,0.00017934861139438644
DBS,1191228253783.5781
DDP,0.636230641801611
DGAZ,0.003713814505326177
DGL,0.0001733118366664595
DGLD,3636127963895.058
DGP,2148216688187.888
DGZ,0.0001785353757965786
DJCI,0.0002514014317014817
DJP,0.0002229691071365004
DSLV,0.017650923205837686
DTO,0.3369071778279317
DYY,2.330533765257316
DZZ,3427160135321.459
FTGC,0.00027280046430323964
FUD,4322076475398.1064
FUE,0.012221464490549604
GCC,0.00038491048215898627
GLD,0.00018321940545114543
GLL,3087884437348.2246
GLTR,0.00017405320760807656
GRU,4489745162118.636
GSC,20073206951185.305
GSG,3529312844649.634
GSP,20628629734998.445
IAU,0.00018445291841975901
KOLD,0.6093704365820201
LD,0.0026632736859301827
NIB,7375315643735.655
OLEM,27742280063926.734
OLO,5804863712102.424
OUNZ,0.00018080639983367207
PALL,496699186009.4983
PPLT,4780510203848.368
RJA,0.00023960364601256583
RJI,0.00021348024838398297
RJN,6032976688509.791
RJZ,0.00022255611782743797
SCO,0.4728662790285283
SGOL,0.00018235798610584088
SIVR,1776260848646.5696
SLV,1394793900484.1016
SOYB,0.00018429197413006592
SZO,0.2248449948944946
TAGS,1824408325831.8518
UAG,555853.8892147037
UBG,1337814602496.4988
UCI,11494864155741.033
UCO,183940614318.07138
UGA,10449170035289.08
UGAZ,0.0034243332892432885
UGL,2111700942178.8008
UGLD,1464254166545.7761
UNG,9740297955673.293
UNL,23269239687287.44
USCI,0.00027371516210020284
USL,3929527884604.467
USLV,2683.5375370320044
USO,20344826916184.664
USV,1402458610759.3796
WEAT,1825241562871.8945
ZSL,4633718894357.635
