Name,Riskiness R
ZIV,[0.1583156]
SVXY,[0.37241875]
XVZ,[1.02497628e+12]
VIXY,[6.31010171e+12]
VIXM,[1.15273331e+13]
