Name,Riskiness R
ACIM,0.00019400314040326813
BJK,1623256008478.2292
CIL,0.0019424510751772255
CUT,3103987834007.9893
DBAW,865028699286.5999
DEW,0.0001760793729951054
DGT,0.00016971752933764555
DNL,2414588523464.0977
DOO,0.00017831831969513854
DUST,0.002407414510679608
EFZ,0.00025518712517244677
EXI,0.00017349502955457704
FAN,2659577000490.0254
FILL,11038287471879.518
FPA,772995718541.554
FYLD,0.0001855509777701394
GEX,2044528626466.771
GOEX,0.7050834545811473
GRES,0.00018657335716784084
GRID,528560410132.09534
HAP,0.00016610993727711443
IDHQ,0.0001790125225280442
IPKW,149950187880.51483
IQDE,0.00018292605257102666
IQDY,2324771081917.9053
ISRA,0.00017952583945826138
JDST,0.0028836502895043296
LVL,9430856869903.967
NLR,0.00019994251642924344
PBD,3095659311507.259
PIO,2718547533421.2886
PIZ,0.000167500994616444
PSAU,262305948192.87115
PZD,1311786302829.068
RING,152.5226413307892
SEA,3570100328468.67
SILJ,0.702164985683691
TOK,0.00019828337331466645
TOLZ,0.00019996244203376084
VEGI,2204258890952.836
YMLP,19103377541770.64
