Name,Riskiness R
AUSE,1474732977406.56
DBJP,475221401391.0222
DBKO,0.000175178847657261
DFJ,118449673196.8941
DIM,0.00017777533961486512
DLS,0.00018431264394697317
DOL,0.00016611993963795967
DOO,0.00017831831969513854
DTH,0.0001663647763642793
DVYA,1367572599839.8367
DWM,0.00017009828164643158
DXJ,106863105990.0151
DXJS,0.7919194520727548
ENZL,535199895905.25854
EPP,1254048056498.6953
EWA,2537073550733.303
EWH,406461910438.83435
EWJ,911079626149.4464
EWS,15906653280505.066
EWT,294636179819.2722
EWV,4295518876337.673
EWY,2082456671825.512
EZJ,423746535594.1989
FAUS,369315035052.65094
FDT,4490913361083.858
FDTS,8440281333068.68
FHK,3272985265999.461
FJP,1930400815270.5781
FKO,2001357309587.8745
FNDC,0.00017627052970601036
FNDF,4774245551886.447
FPA,2352486194243.6426
GWX,1445120693704.809
HEWJ,294154662600.36
IDHQ,0.0001790125225280442
IDOG,1777631921035.4368
JPNL,28.655423571102425
JPXN,0.00017201413538553482
KORU,8165712508415.926
PAF,1669645968014.321
PDN,0.00017944106185883199
PXF,5240618851309.614
SCJ,377934621524.8905
VPL,1325125045412.17
