Name,Riskiness R
ECON,1270490446915.4216
EMCG,0.47336026906092954
FSTA,0.19528418002520162
FXG,0.00020468587699293872
IYK,0.00017079765291346555
KXI,0.00016663129689662126
PBJ,0.00017878557077641378
PSCC,0.00016847729454261458
PSL,0.00035450342456775773
RHS,0.0001856788140029211
SZK,9288042865443.625
UGE,0.0016916727131272291
VDC,0.1905353276513949
WBID,0.00018018967199897633
WBIE,0.4030586146708672
XLP,2.7661806971987803
