Name,Riskiness R
NLR,0.00019994251642924344
GASL,0.002128725045018365
ERX,0.034241660796689236
DUG,7.530922133015147
ERY,9.302339603440428
