Name,Riskiness R
ALTS,[0.11452139]
BTAL,[1.12233479]
CHEP,[2.1065364e+11]
CPI,[0.01737331]
DIVA,[0.11236022]
DIVY,[0.03043353]
FLAG,[0.0689907]
FMF,[1.29541961]
FTLS,[0.05446727]
HDG,[0.04303426]
HTUS,[0.07491797]
MCRO,[0.04901943]
MNA,[0.01683154]
MOM,[2.83070931e+12]
MRGR,[0.08272657]
QAI,[0.03347174]
QED,[0.03135154]
QMN,[0.02317637]
RALS,[7.97841185e+10]
RLY,[0.06498852]
SIZ,[6.85185358e+11]
VAMO,[0.1205506]
WTMF,[2.34911776e+11]
