Name,Riskiness R
XMPT,[0.11899042]
ILTB,[0.52576262]
BLV,[1.42552925]
AGG,[4.00192197e+11]
SPAB,[8.46406589e+11]
