Name,Riskiness R
DGLD,0.013178375580135708
UGLD,1.3015927347594496
DGP,6.435896916869973
IAU,113206223189.30322
UBG,166973109035.70093
