Name,Riskiness R
GOEX,[1.04353854]
SILJ,[1.08746755]
GDXJ,[4.08663928]
PKB,[22.12668776]
PYZ,[1.8921638e+11]
