Name,Riskiness R
PSK,0.00026681514628023705
PGF,0.000507408929812087
PGX,0.000583489484388382
SPFF,0.0005914714357401804
PFXF,0.0006388389420113606
