Name,Riskiness R
DGLD,[9.27708465e+11]
OUNZ,[1.00836168e+12]
GLD,[1.11173489e+12]
GLL,[1.19767955e+12]
DGZ,[1.56305734e+12]
