Name,Riskiness R
SZO,[0.32175318]
DTO,[0.44579111]
SCO,[0.66738833]
UCO,[1.61004601e+11]
OLO,[5.31166444e+12]
