Name,Riskiness R
SZO,0.3217531777719563
DTO,0.4457911144184631
SCO,0.6673883323464233
UCO,160919526256.29437
USL,4378929830386.0435
