Name,Riskiness R
CARZ,1124271177288.2656
CROP,0.0001899245216670194
DPK,9274561234139.354
DZK,2086505379614.13
EFO,17373913.798503343
EFU,4771117050486.48
FDTS,2686358344271.232
FLM,0.00016843651789822682
FTAG,14958543307546.785
FTRI,2859346643906.3735
HGI,2004599132671.3904
IDMO,6399632818301.672
IPO,9062717978938.363
PAGG,9871000469208.826
PEX,0.00016814373035337613
SOIL,6815577468879.755
