Name,Riskiness R
SHY,1.807515083309732e-05
SCHO,1.8529620596019027e-05
VGSH,1.9528736557775143e-05
DFVL,0.00016703224788419132
SPTS,0.00019137279780744764
