Name,Riskiness R
BTAL,1593092814231.9067
CHEP,0.00023154187704523856
CPI,2174127412390.4663
FLAG,0.00016923835226366225
FMF,0.00036801102758764523
FTLS,0.0002742933742671061
HDG,0.23079484014512977
MCRO,4573494881524.831
MNA,2198942812104.3018
MOM,0.00017345212725961346
MRGR,0.00022718927634847222
QAI,1367057956322.416
QMN,1723913245925.806
RALS,6608901334862.284
RLY,0.00031182084579417085
SIZ,5440828449630.383
WTMF,5422336212970.502
