Name,Riskiness R
IFV,[0.37562448]
EDC,[6.675997e+09]
FONE,[9.28847183e+10]
SOCL,[1.34746137e+11]
GDXJ,[3.90206242e+11]
