Name,Riskiness R
INDA,0.00017137582171244413
AXJV,0.0034034213042037605
YINN,0.018693406450527625
CHAU,0.215162035588403
SMIN,0.2332974229825232
