Name,Riskiness R
DRN,1.5655976450243525
DRV,11128882461865.404
DRW,178251934009.14722
FFR,0.0002235725628419973
FREL,0.00019703667765474773
FRI,0.00019488664861875627
GQRE,0.00022223042698847693
GRI,0.0001998049063374273
ICF,0.00021158835885548338
IFEU,793689981067.9905
IFGL,0.00020830143426683943
IYR,0.00024354729309199205
KBWY,0.00017003935244256767
MORL,0.4432725664217237
MORT,63081613291.50991
PSR,0.00017888087886997592
REET,0.00025510023372087644
REK,0.00019744499735976882
REM,4.663399679313145
REZ,0.00018631420428822965
ROOF,0.00019620391922510903
RWO,0.00020315554730732148
RWR,0.00020204130144103457
RWX,756682956671.804
SCHH,0.00020553822072816484
SRS,22911142186838.215
TAO,0.37325603536505175
URE,1.4265056293608038
USRT,0.0002156670350309737
VNQ,0.00020042347242073245
VNQI,0.00018399560744253798
WPS,0.00020578264141317068
WREI,0.00019437674137200698
