Name,Riskiness R
GQRE,[0.10970463]
REM,[0.11008841]
DRW,[0.12326445]
VNQI,[0.13013423]
MORT,[0.13048226]
