Name,Riskiness R
BDCL,50813548694.03847
BDCS,1495576238348.8057
BIZD,1763944198094.9634
CHIX,13.460771942280807
DXJF,529487906259.63495
EUFN,556000293650.9996
FAS,0.29486964167127316
FAZ,10322089022449.008
FINU,0.29570629538255827
FINZ,0.07742902511476031
FNCL,0.2374644979480818
FXO,0.00017896033972198156
IAI,0.2667196510361807
IAK,0.28449999234379064
IAT,0.3153702119152588
IXG,1.731480115575892
IYF,0.3129483090052761
IYG,0.24476994100978536
KBE,0.36381010318255874
KBWB,0.2689751526862193
KBWD,451166782211.2124
KBWP,0.00019227393014477985
KBWR,0.4031281396967262
KCE,69268691844.1258
KIE,0.0001815620462889897
KRE,0.3431414710781021
LMLP,1203565800100.637
PEX,306898047735.429
PFI,0.00017849105452327857
PHDG,0.00036368652603395544
PSCF,0.00017644144053100298
PSP,1.7987189740779972
QABA,0.33332467274367855
RWW,0.2719988327357939
RYF,0.11702939513288989
SEF,5104448786077.711
SKF,17968656001316.273
UYG,0.25215012771535134
VFH,0.2148508659119443
VQT,0.0003911468496063384
XLF,0.12566548269953165
