Name,Riskiness R
GRID,[0.08827452]
PZD,[0.09403128]
FAN,[0.17528456]
NLR,[0.40330255]
DDG,[1.25528521]
