Name,Riskiness R
THD,[0.11600068]
CXSE,[0.1202046]
INCO,[0.12055086]
AIA,[0.12328794]
SMIN,[0.13652514]
