Name,Riskiness R
PRME,0.00016834920469474543
KBWY,0.00017003935244256767
VNQI,0.00017748377697315805
PSR,0.00017888087886997592
DRW,0.0001794789827775794
