Name,Riskiness R
PGHY,[0.01872071]
RIGS,[0.02605633]
SHYG,[0.03159258]
ANGL,[0.032931]
HYS,[0.03342509]
