Name,Riskiness R
UCC,[0.44891563]
CHIQ,[0.47261565]
INCO,[0.65293967]
XLY,[1.30433233]
RETL,[1.37663763]
