Name,Riskiness R
DDP,[0.13317435]
SZO,[0.22515139]
DTO,[0.36123865]
BOS,[0.38744399]
SCO,[0.75244892]
