Name,Riskiness R
CHIQ,[0.41690262]
UCC,[0.75231187]
XLY,[6.54274513e+10]
INCO,[7.76262028e+10]
RETL,[2.0537159e+11]
