Name,Riskiness R
BBH,[0.37371032]
BIB,[1.21322044]
BIS,[1113.51644526]
CURE,[0.39806042]
FBT,[0.34929591]
FHLC,[0.11755678]
FXH,[0.17524586]
IBB,[0.54430189]
IHE,[0.30780238]
IHF,[0.10593312]
IHI,[0.05340966]
IXJ,[0.14623612]
IYH,[0.12379567]
PBE,[2.41961795]
PJP,[1.70142324]
PPH,[3.25253534]
PSCH,[0.1107223]
PTH,[0.40494471]
RXD,[3.71855036e+12]
RXL,[0.26732085]
RYH,[0.09475705]
VHT,[0.12096077]
XBI,[0.3276613]
XHE,[0.07804925]
XHS,[0.18612218]
XLV,[0.11297893]
XPH,[1.2423176]
