Name,Riskiness R
IHI,[0.12361389]
XHE,[0.16481062]
PSCH,[0.33177283]
RXL,[0.71460589]
CURE,[0.7266625]
