Name,Riskiness R
IHDG,[0.46357346]
AIA,[0.55813344]
EEMA,[9.64516185e+10]
FPA,[1.45296873e+11]
CHIQ,[1.52864584e+11]
