Name,Riskiness R
AIRR,[0.37791004]
CGW,[4.36032902e+11]
CHII,[8.3456265e+11]
EXI,[0.69497864]
FIDU,[0.28764911]
FIW,[0.18195817]
FXR,[0.74563292]
IEV,[9.63767015e+11]
ITA,[0.11001625]
IYJ,[0.24290867]
IYT,[3.55420673]
JETS,[0.38151987]
PHO,[3.29700686e+11]
PIO,[1.49687677e+12]
PPA,[0.11104599]
PSCI,[0.42299]
RGI,[0.29613886]
SEA,[5.42253102e+12]
SIJ,[1.20754836e+13]
UXI,[0.22627408]
VIS,[0.30537222]
XAR,[0.16805198]
XLI,[0.22143976]
XTN,[2.37814028]
_PRN,[1.01497264]
