Name,Riskiness R
AIRR,[0.08794884]
CGW,[0.07399965]
CHII,[0.70928675]
EDOM,[0.17507573]
EXI,[0.07194416]
FIDU,[0.06596709]
FIW,[0.05653292]
FXR,[0.07015848]
IEV,[0.15828673]
ITA,[0.04611953]
IYJ,[0.06250795]
IYT,[0.10048076]
JETS,[0.19422032]
PHO,[0.07715601]
PIO,[0.09709999]
PPA,[0.04361494]
PSCI,[0.07837949]
RGI,[0.0658964]
SEA,[6.11407051e+11]
SIJ,[1.73008672e+13]
UXI,[0.1226481]
VIS,[0.06934249]
XAR,[0.04965707]
XLI,[0.06433817]
XTN,[0.10046192]
_PRN,[0.0708388]
