Name,Riskiness R
ZIV,[0.13200829]
SVXY,[0.60108576]
UVXY,[2.42898381]
VIXY,[3.41596037]
TVIX,[3.4330006]
