Name,Riskiness R
FXE,[0.11344027]
CEW,[0.1154]
CYB,[0.14877206]
FXY,[0.16024406]
BZF,[0.17801264]
