Name,Riskiness R
SVXY,1.5912751572385473
TVIX,0.0035477181089535025
UVXY,0.0030357288885922698
VIIX,7557403554491.797
VIXM,6244973483112.761
VIXY,9896495745609.678
XVZ,7452733128583.672
ZIV,389224143546.43677
