Name,Riskiness R
SVXY,[1.59127516]
ZIV,[3.52027855e+11]
VIIX,[3.29086806e+12]
VIXM,[4.27342264e+12]
XVZ,[5.61258044e+12]
