Name,Riskiness R
PZD,[0.48447]
GRID,[0.74349997]
FAN,[0.81482169]
ERY,[938.61640791]
ERX,[2.09206296e+09]
