Name,Riskiness R
AAXJ,0.1812229534782075
ADRE,0.21672130753701516
AIA,0.13395121294155937
ASEA,0.21926848567779458
ASHR,0.7168123252244453
ASHS,4.883757764081903
AXJV,340449749413.99475
CHAU,0.0022809334488693013
CHIE,4478539675643.984
CHII,0.5513755386301247
CHIM,0.22909610872667047
CHIQ,0.15644139521535375
CN,0.29633462415566214
CNXT,0.1461889523433731
CQQQ,0.16356577256830385
CXSE,0.17355538729482609
DBEM,0.21180539949667745
DEM,1.0371120881346385
DGRE,0.28974543552884263
DGS,0.15591357253267465
ECNS,0.3999757290397616
EDC,0.6698761175399403
EDIV,0.4280531360283949
EDZ,1.9338820354201467
EEM,0.20486982285418515
EEMA,0.16470740927072144
EEMV,0.35575970345008895
EET,0.43527953279369863
EEV,2.2988188547621564
EIDO,0.9420010609352215
EMQQ,0.13026542674943495
EPHE,6429395397114.311
EUM,11061499829349.701
EWM,0.2717941897666971
EWX,0.19358477052933576
FCA,0.26522367955330356
FEM,0.17200653290059398
FEMS,0.1518132030147831
FNI,0.15508133577036354
FXI,0.543317573255343
FXP,0.09798647018919818
GMF,0.15988610297870054
GXC,0.1951890013262064
HAO,0.35008640645040856
IDX,0.9335243330242377
INCO,0.25850431107848637
INDA,1.635678965637521
INDL,0.008741820000260412
INXX,0.8000436019778632
KBA,1.9588884639252084
KFYP,0.33745911785110344
KWEB,0.14890390399171077
MCHI,0.22117742053431805
PEK,0.7083000727906023
PGJ,0.14613709526539034
PIE,0.24420508203283042
PIN,0.6372120069901991
SCIF,0.3429921803768491
SCIN,0.48370527874945934
SMIN,0.216337777054678
SPEM,0.18867879350055647
THD,0.13697737210432612
VNM,13.620968436144084
VWO,0.23384063998387378
XPP,0.8542018651128255
YANG,2.6363632680482088
YAO,0.22777645670370456
YINN,0.004120016718179037
YXI,15137956134161.852
