Name,Riskiness R
CHAU,0.0022809334488693013
YINN,0.004120016718179037
INDL,0.008741820000260412
FXP,0.09798647018919818
EMQQ,0.13026542674943495
