Name,Riskiness R
UGE,[0.30647759]
PSCC,[0.4729318]
RHS,[6.60017359e+10]
PSL,[1.51483604e+11]
FSTA,[2.48030181e+11]
