Name,Riskiness R
RTH,[0.04881444]
IYC,[0.06231433]
VCR,[0.07013508]
FDIS,[0.0710471]
XLY,[0.07433093]
