Name,Riskiness R
BSCJ,1297350254853.2837
BSCK,4960661464613.568
BSCL,1281460860951.5027
BSCM,1461085333389.9133
IBCD,174010394610.69315
IBCE,0.0009953912314832128
IBDC,197459059042.46637
IBDD,0.0010963566455587837
