Name,Riskiness R
ANGL,[0.0361723]
CJNK,[0.02403413]
GHYG,[0.16863726]
HYG,[0.0972048]
HYHG,[1.82234779e+11]
HYLD,[7.83860592e+11]
HYLS,[0.05528478]
HYS,[0.08222808]
JNK,[0.12912244]
PGHY,[0.03048983]
PHB,[0.04866494]
RIGS,[0.02704488]
SHYG,[0.06256767]
SJB,[1.70216431e+12]
SJNK,[0.12186427]
UJB,[0.43221244]
