Name,Riskiness R
CBND,[1.74464401e+12]
CORP,[2.54387211e+10]
GSY,[1.70274869e+12]
ICSH,[1.21945061e+12]
IGHG,[1.00030168e+12]
IGIB,[2.57324652e+12]
IGIH,[1.18239104e+12]
IGSB,[7.85685355e+11]
LDRI,[1.28513512e+12]
LQD,[1.62266263e+12]
LQDH,[9.91051011e+11]
PFIG,[1.96169291e+12]
QLTA,[1.90656536e+12]
SKOR,[2.59668584e+12]
SLQD,[2.14033261e+12]
SPIB,[2.64837529e+12]
SPLB,[3.45557105e+11]
USIG,[1.80511431e+12]
VCIT,[4.81634915e+12]
VCLT,[4.69767695e+11]
VCSH,[3.10331266e+12]
