Name,Riskiness R
CBND,[0.02751127]
CORP,[0.02358766]
GSY,[0.00212989]
ICSH,[0.00555099]
IGHG,[0.03149072]
IGIB,[0.01852183]
IGIH,[0.06746172]
IGSB,[0.00603045]
LDRI,[0.04757094]
LQD,[0.03276194]
LQDH,[0.02270713]
PFIG,[0.03273193]
QLTA,[0.02874384]
SKOR,[0.03147246]
SLQD,[0.01174674]
SPIB,[5.23946198e+10]
SPLB,[0.05027357]
USIG,[0.02528936]
VCIT,[0.02743949]
VCLT,[0.04817132]
VCSH,[0.01049942]
