Name,Riskiness R
BDCL,1.520776820318044
BDCS,373392648270.96606
BIZD,506133154378.3729
CHIX,2.6140492419944636
DXJF,79269186023.50897
EUFN,599169456805.0468
FAS,0.29992769451067114
FAZ,15052739026373.564
FINU,0.30352656683805856
FINZ,0.07687301237197294
FNCL,0.23892756097172066
FXO,0.00017896033972198156
IAI,0.2518917375498268
IAK,0.1965293911918156
IAT,0.25234046261333626
IXG,0.8224193243488163
IYF,0.32779317372570116
IYG,0.2353223979452463
KBE,0.2822950651977483
KBWB,0.2420490085290029
KBWD,671632995841.8862
KBWP,0.00019227393014477985
KBWR,0.2986223941534977
KCE,155320829441.48746
KIE,0.0001815620462889897
KRE,0.26220101269796275
LMLP,1873388518188.3179
PEX,0.00018944531430422447
PFI,0.00017849105452327857
PHDG,0.00036368652603395544
PSCF,0.00017644144053100298
PSP,0.4746722786568942
QABA,0.22363260838467094
RWW,0.2666982365003615
RYF,0.11764614142544134
SEF,7338767954376.387
SKF,20746698140741.51
UYG,0.2538682830110676
VFH,0.21884995114327901
VQT,0.00039114684960633845
XLF,0.12615837963672138
