Name,Riskiness R
KBWP,[0.05145362]
KIE,[0.05394448]
RYF,[0.06241039]
IAK,[0.06549459]
FXO,[0.06683094]
