Name,Riskiness R
RYF,[0.11764614]
XLF,[0.12615838]
KIE,[0.1518237]
KBWP,[0.16429774]
IAK,[0.19652939]
