Name,Riskiness R
DIVA,0.0001686498231093593
MOM,0.00018841972045106355
FLAG,0.0001933834829717394
SIZ,0.0002200818044817992
VAMO,0.0002298872759535666
