Name,Riskiness R
ZIV,[0.25872689]
SVXY,[0.46676092]
XVZ,[9.54137564e+11]
VIXM,[4.7392833e+12]
VIXY,[5.99524985e+12]
