Name,Riskiness R
FPE,[9.25150803e+11]
IPFF,[1.31496674e+13]
PFF,[1.47161196e+12]
PFXF,[2.66313336e+12]
PGF,[3.78653798e+11]
PGX,[3.38369161e+12]
PSK,[2.29590648e+12]
SPFF,[8.15578303e+12]
