Name,Riskiness R
IHDG,[0.10961612]
AIA,[0.1135154]
VEU,[0.1230487]
FPXI,[0.12352387]
VXUS,[0.12607668]
