Name,Riskiness R
GSY,[0.00207846]
ICSH,[0.00508182]
IGSB,[0.00619508]
VCSH,[0.01151967]
SLQD,[0.01395037]
