Name,Riskiness R
ERUS,[0.26677324]
FCOM,[0.13276549]
FONE,[0.11364615]
IXP,[0.32778846]
IYZ,[1.07755829]
LTL,[1.78945135]
VOX,[0.2144634]
WBIF,[0.05961886]
XTL,[0.14564903]
