Name,Riskiness R
ARKK,0.13112914601711276
ARKW,0.09266720836057954
CIBR,0.279416988033517
CQQQ,0.15244518280997535
EMQQ,0.18439548575792877
FDN,0.10870512583638851
FTEC,0.09737393235877594
FXL,0.11554635104680025
HACK,0.5822169551829475
IEUS,0.5212613660383573
IGM,0.09061475641843429
IGN,0.3129597855826082
IGV,0.0990678110907499
ISRA,728038237699.1777
IXN,0.09213889234405545
IYW,0.1058333498723649
KWEB,0.18271297470976763
PNQI,0.13023836817942672
PSCT,0.1650455229009601
PSI,0.11253656965099344
PSJ,0.0001680543882650958
PTF,0.24624772249161905
PXQ,0.20173675878622394
QQQ,0.12828522714712903
QTEC,0.09553122535573148
REW,11974226196483.002
ROBO,0.11509775908155162
ROM,0.15923002906822828
RYT,0.08924111861056572
SCID,328887705194.0504
SKYY,0.00016603806118389576
SMH,0.09041172938735942
SOCL,0.128059009907738
SOXL,0.23339124687185994
SOXS,63768527319921.336
SOXX,0.09718996941230422
SSG,18845046693662.84
TDIV,0.15119498638806736
TECL,0.19730081146896716
TECS,14326278702186.008
USD,0.16212668284255993
VGT,0.09843651752616252
XLK,0.09425196786813497
XNTK,0.10291578406493189
XSD,0.13737001178821212
XSW,0.13053999324951793
XT,0.00016731214753625912
