Name,Riskiness R
PSP,0.00016638978878278434
VFH,0.00016659466369789934
KBWP,0.0001667595737702584
PFI,0.00016678556957637133
IYF,0.0001674772008756751
