Name,Riskiness R
AAXJ,286438612542.11456
ADRE,2.9375831086419835
AFTY,589181339128.6986
AIA,0.9059973935294572
ASEA,485722804191.26306
ASHR,1533974038432.7632
ASHS,3525335044083.3555
AXJV,0.0034034213042037605
CHAU,0.21857727191823978
CHIE,4569478170639.766
CHII,6279675667506.031
CHIM,3.17868314042011
CHIQ,1.9720601054372413
CHIX,205969415339.898
CN,210496004537.779
CNXT,1936110573420.189
CQQQ,0.5130862267114371
CXSE,0.46407559487594285
DBEM,1610744991294.1035
DEM,1732840225268.046
DGRE,744651550150.5944
DGS,73557692867.0956
ECNS,2339169685707.5366
EDC,1.2939404826273928
EDIV,790016406657.4377
EDZ,262967094.97886872
EEM,371996475459.5416
EEMA,416672099150.6992
EEMV,1541090206726.2212
EET,1.4948679462481205
EEV,7653821170479.501
EIDO,2511705924.2083845
EMQQ,0.3275105283236978
EPHE,2409663890400.1426
EPI,2.1632519620505812
EUM,4310908475262.7783
EWM,573346.2921370219
EWX,445660017764.1843
FCA,626557624959.5612
FEM,7.267126418339331
FEMS,0.8756727333376391
FNI,0.9226509691784545
FXI,1397142427152.643
FXP,4757901215712.884
GMF,187388208585.36508
GXC,9.699970039961746
HAO,1461655058095.129
IDX,212908296251.481
INCO,0.49859681766134617
INDA,1567586266380.752
INDL,1.3151226573272916
INDY,89431338785.60016
INXX,410178813779.2202
KBA,651584.8137293318
KFYP,0.9165408417724027
KWEB,0.3510766086188695
MCHI,193860991680.55963
PEK,1427028444994.621
PGJ,0.5067201947911174
PIE,459150280843.50006
PIN,49656393908.11537
SCIF,0.6282461028321491
SCIN,1.3874135269317658
SMIN,0.4028541709845543
SPEM,163612371798.20718
THD,0.9029159503035878
VNM,553211764818.8456
VWO,220272594054.85638
XPP,424859920765.9518
YANG,4996368581.50804
YAO,201611713020.82855
YINN,0.018694001043771568
YXI,6815846974618.18
