Name,Riskiness R
AXJV,0.0034034213042037605
YINN,0.018694001043771568
CHAU,0.21857727191823978
EMQQ,0.3275105283236978
KWEB,0.3510766086188695
