Name,Riskiness R
SVXY,[0.36294233]
TVIX,[2.75134825e+13]
UVXY,[2.92764159e+13]
VIIX,[1.93439605e+13]
VIXM,[4.91517729e+12]
VIXY,[1.41926111e+13]
XVZ,[4.02837872e+12]
ZIV,[0.23017871]
