Name,Riskiness R
ECON,[3.62392439e+12]
EMCG,[2.91712005e+12]
FSTA,[2.14112446]
FXG,[6.79864504e+11]
IYK,[1.49825125e+11]
KXI,[1.64709772e+12]
PBJ,[5.83325701e+10]
PSCC,[0.27913635]
PSL,[0.58425311]
RHS,[0.29593344]
SZK,[2.12947184e+12]
UGE,[0.30723979]
VDC,[1.11032692]
XLP,[1.10723957]
