Name,Riskiness R
DRR,[0.27500956]
EUO,[0.30882406]
FXSG,[327327.99069325]
CROC,[2.52861102e+11]
UUP,[3.57053981e+11]
