Name,Riskiness R
DBB,[0.2764491]
BDD,[0.40719348]
UBG,[0.41701313]
PALL,[0.47032433]
IAU,[0.47641276]
