Name,Riskiness R
DFJ,[0.2058576]
SCJ,[0.28160231]
ENZL,[0.38630111]
ISCF,[0.60168518]
KORU,[0.83593937]
