Name,Riskiness R
ARKK,0.20951892344529882
ARKW,0.11385127019976202
CQQQ,0.18854066207327205
EMQQ,0.23586496132250487
FDN,0.16134719837937003
FTEC,0.15686121462741867
FXL,0.24580030068020015
HACK,1600291660406.184
IEUS,1.1468704759014554
IGM,0.1353457935202218
IGN,17548847855.98826
IGV,0.14780225195397484
ISRA,3119778607717.8633
IXN,0.1334982141039547
IYW,0.18337119915846603
KWEB,0.2298574372430249
PNQI,0.17927117115087488
PSCT,0.20398471371804122
PSI,0.12721420150436694
PSJ,0.00016805567422121886
PTF,0.6002603119733037
PXQ,6.568243335422815
QQQ,0.2389295674456178
QTEC,0.12931192871742464
REW,6052707351801.396
ROBO,0.14470763671917755
ROM,0.21795184763850117
RYT,0.14632070996080868
SKYY,0.00016603806118389576
SMH,0.12478860276085041
SOCL,0.15235977130589967
SOXL,0.2855425681851829
SOXS,20652329773081.938
SOXX,0.1353309023090145
SSG,9630795903415.107
TDIV,0.0001728801618209353
TECL,0.24196675483961655
TECS,9677985437133.588
USD,0.22651275085079522
VGT,0.16102488191163777
XLK,0.15212553566184073
XNTK,0.13229642636914832
XSD,0.19123254868569434
XSW,0.31730296310623235
