Name,Riskiness R
ARKW,[0.11385127]
SMH,[0.1247886]
PSI,[0.1272142]
QTEC,[0.12931193]
XNTK,[0.13229643]
