Name,Riskiness R
SRET,[0.11492671]
DRW,[0.12772746]
REM,[0.13752663]
GQRE,[0.14270417]
VNQI,[0.14328521]
