Name,Riskiness R
TAO,[0.44125725]
MORL,[0.61296344]
URE,[6.34247989]
DRN,[22.11921246]
DRW,[41.03101581]
