Name,Riskiness R
EMIF,[4.95342026e+12]
FUTY,[1.39712195]
FXU,[2.96953081e+11]
GII,[9.8391987e+11]
IDU,[1.71234629]
IGF,[1.05999963e+13]
INXX,[2.52500284e+12]
JXI,[1.50108266e+12]
PSCU,[0.15247899]
PUI,[1.70072559]
PXR,[1.41965912e+12]
RYU,[9.19378507e+10]
SDP,[7.98778277e+12]
TOLZ,[9.35525473e+11]
UPW,[0.31677637]
VPU,[1.30423742]
XLU,[1.40785223]
