Name,Riskiness R
BIL,170777.74101930804
DFVL,0.00016703224788419132
DFVS,7911577165926.415
DLBL,1.8330941720585927
DLBS,10690126942796.19
DTUL,0.0004966353426585725
DTUS,0.11477664559577035
DTYL,0.00020982841702695692
DTYS,8897485507296.691
EDV,0.29704992012656917
FLAT,0.019071003320164818
GOVT,2595392225943.396
IEF,10.931523496452527
IEI,3640780275733.9756
ITE,3128187669956.356
PLW,0.0008785865154305048
PST,0.0003728140808568158
SCHO,1.8529620596019027e-05
SCHR,924568834267.7744
SHV,72735.2275548971
SHY,1.807515083309732e-05
SPTL,0.0002230558851655214
SPTS,0.00019137279780744764
STPP,0.0002511800964815061
TBF,0.0002761122847082264
TBT,8008163757004.301
TBX,5844011974863.116
TLH,0.0015264463406346835
TLT,0.0002003533365428713
TMF,0.3122415157857673
TMV,11858909968278.371
TTT,13205017887520.586
TUZ,2116114985853.0369
TYBS,0.000354490583928497
TYD,0.4373984113927538
TYNS,0.00027620022642244654
TYO,0.0002207866012567697
UBT,0.27310474343268343
UST,0.00023776105559176209
VGIT,1009739202565.8966
VGLT,0.00024555852973337435
VGSH,1.9528736557775143e-05
ZROZ,0.2663435409167281
