Name,Riskiness R
PZA,[0.04705779]
RVNU,[0.0825492]
MLN,[0.1042997]
MUB,[0.15545333]
ITM,[0.1567519]
