Name,Riskiness R
SMIN,[0.4971814]
PEK,[0.64997725]
INCO,[0.71666516]
CN,[0.73122905]
ASHR,[0.74485791]
