Name,Riskiness R
PPA,[0.05529257]
ITA,[0.06054702]
XLI,[0.078864]
IYJ,[0.07914742]
FIW,[0.08150292]
