Name,Riskiness R
ECON,[7.3512568e+11]
EMCG,[4.5746456e+11]
FSTA,[3.0039714e+11]
FXG,[1.3592597e+12]
IYK,[2.71578783e+11]
KXI,[1.38819498e+12]
PBJ,[1.49730443e+12]
PSCC,[1.57654507]
PSL,[0.90044871]
RHS,[1.34328217e+11]
SZK,[1.28591313e+13]
UGE,[0.43233025]
VDC,[3.17982842e+11]
WBID,[4.25144808e+12]
WBIE,[5.83455858e+12]
WBIL,[6.03975792e+12]
XLP,[2.20723874e+11]
