Name,Riskiness R
ECON,2236811955925.4834
EMCG,272199266589.25214
FSTA,0.00020875637676801676
FXG,0.00019101650422739168
IYK,0.00021410041234598757
KXI,0.00020272219191353616
PBJ,0.00018112274606448624
PSCC,0.00020400520381297997
PSL,0.00021985668291152035
RHS,0.00023260500470211718
SZK,13185017693597.04
UGE,0.432330248331328
VDC,0.00022117862254636764
WBID,0.0002222928569620752
WBIE,0.00020028825550243105
WBIL,0.0002845304883843012
XLP,0.00021771096467179094
