Name,Riskiness R
UGE,[0.43233025]
PSL,[0.90044871]
PSCC,[1.57654507]
RHS,[1.34328217e+11]
XLP,[2.20723874e+11]
