Name,Riskiness R
TMF,[1.33144639]
UBT,[5.44234579]
DLBL,[3.17075331e+11]
DFVL,[3.34362867e+11]
TYD,[3.42912229e+11]
