Name,Riskiness R
NLR,0.00019994251642924344
GASL,0.0037295156408405188
GRID,0.40417284816034116
PZD,0.4396077774657763
FAN,7.265555221156342
