Name,Riskiness R
ITA,[0.18157284]
PPA,[0.21427549]
XAR,[0.27413453]
UXI,[0.4251258]
IYJ,[8.3505365e+10]
