Name,Riskiness R
PPA,[0.06769848]
ITA,[0.06770769]
XAR,[0.08847224]
IYJ,[0.09782842]
CGW,[0.09864739]
