Name,Riskiness R
ROGS,[0.10843437]
CROP,[0.12482675]
FDTS,[0.13291253]
FPXI,[0.1470708]
FLM,[0.16969581]
