Name,Riskiness R
EMQQ,[0.4878977]
EDC,[2.23478176]
EET,[4.93056429]
EDZ,[2.38896743e+08]
XSOE,[2.75583677e+10]
