Name,Riskiness R
FXU,[0.07797854]
XLU,[0.08125993]
PSCU,[0.08294581]
VPU,[0.08562855]
FUTY,[0.09534221]
