Name,Riskiness R
XLK,[0.06409365]
RYT,[0.06463912]
IXN,[0.06573768]
IGM,[0.06593096]
SKYY,[0.06695017]
