Name,Riskiness R
DBO,320781206050.863
DTO,2045283699474.1663
OLEM,705002772582.0605
OLO,135963912423.59158
SCO,117008.24388236045
SZO,5899018524839.628
UCO,1896588847853.6963
USL,105.83423343624276
USO,1306970558656.6318
