Name,Riskiness R
DBO,[2.0507482e+12]
DTO,[7.93491896e+11]
OLEM,[2.19286908e+11]
OLO,[4.37162647e+11]
SCO,[117008.24393394]
SZO,[4.71009549e+12]
UCO,[1.47732591e+12]
USL,[105.83423474]
USO,[1.30301958e+12]
