Name,Riskiness R
USL,105.83423343624276
SCO,117008.24388236045
OLO,135963912423.59158
DBO,320781206050.863
OLEM,705002772582.0605
