Name,Riskiness R
AAXJ,[0.3871224]
ACWX,[1.24190332e+11]
ADRA,[0.59112668]
AIA,[0.26258521]
AXJL,[0.58484706]
CHIQ,[1.13664194e+12]
CWI,[5.4766278]
DBAP,[0.39326232]
DNL,[0.51674154]
EEMA,[0.38300596]
EMCG,[0.91370215]
FPA,[0.2431903]
IEMG,[0.92099716]
IQDE,[4.57373831e+11]
IQDY,[7.75844668e+10]
PAF,[2.01253791]
REMX,[1.23473e+13]
VEU,[130.59545659]
VXUS,[60.04021506]
