Name,Riskiness R
PZA,[0.08812542]
RVNU,[0.11252529]
MLN,[0.18943763]
ITM,[0.4852085]
SHM,[1.11155263]
