Name,Riskiness R
INCO,[0.1200538]
SMIN,[0.1251494]
GMF,[0.20662223]
AIA,[0.22261656]
INDA,[0.22903917]
