Name,Riskiness R
YINN,0.004120016698184977
INDL,0.008741724626438427
FXP,0.09436235130279916
INCO,0.12005379729934781
SMIN,0.12514939966430258
