Name,Riskiness R
DRN,0.5046518753418416
DRV,0.394772695299924
DRW,0.272490786767633
FFR,0.3718692878866239
FRI,0.00017031283973302735
GQRE,0.00019407299241826017
GRI,0.3637674576854605
ICF,0.00016821750074524938
IFEU,1.1305241607887693
IFGL,548807321718.74115
IYR,0.15742830012464573
KBWY,0.16763568141534124
MORL,0.2539170768604266
MORT,0.15797350213851352
PSR,0.00018895268751740785
REK,33322641684482.836
REM,0.17110215370751627
ROOF,0.21244009055554358
RWO,0.37790066456175186
RWR,0.00016822659515190993
RWX,897234341897.5461
SCHH,0.0001715364500758946
SRS,37713680476411.68
TAO,0.22760893283178132
URE,0.001939223453217036
USRT,0.0001718796559497443
VNQ,0.17408856360868655
VNQI,0.57008385790611
WPS,0.00016910067637677495
WREI,0.00017735454168839502
