Name,Riskiness R
GQRE,[0.13260222]
PSR,[0.14138597]
IYR,[0.1574283]
MORT,[0.1579735]
ICF,[0.16437472]
