Name,Riskiness R
IBDC,[0.00958213]
IBCD,[0.0111086]
BSCJ,[0.01379722]
IBDD,[0.01664473]
BSCK,[0.01672276]
