Name,Riskiness R
UBG,[0.41701313]
IAU,[0.47641276]
SGOL,[0.50950001]
GLD,[0.51529647]
OUNZ,[0.51745543]
