Name,Riskiness R
PPA,[0.05411035]
ITA,[0.05720708]
IYJ,[0.06703849]
XLI,[0.07137383]
CGW,[0.0720569]
