Name,Riskiness R
CORP,[2.77779349e+10]
IGSB,[6.97968082e+11]
LQDH,[9.60712965e+11]
IGIB,[1.02142137e+12]
LDRI,[1.0441196e+12]
