Name,Riskiness R
GSY,[0.00208786]
ICSH,[0.00442582]
IGSB,[0.00552315]
VCSH,[0.01029847]
SLQD,[0.01174992]
