Name,Riskiness R
SRET,[0.12981779]
MORT,[0.14435854]
REM,[0.15189323]
MORL,[0.15348567]
MRRL,[0.15636752]
