Name,Riskiness R
FMB,1665015812872.646
ITM,0.00221640171980788
MEAR,1.7892381763445113e-05
MLN,0.002893741586157233
MUB,3236539731522.3633
MUNI,2100263006577.3618
PRB,2014808699763.1506
PVI,1.835673781553963e-05
PZA,11.026725011646239
RVNU,0.001158698043039109
SHM,3285505627588.914
SHYD,0.0008655372903574764
SMB,2928614362878.281
SMMU,1926511908236.3962
SUB,1.7538023187996516e-05
TFI,5556379559062.715
VTEB,1121125040643.7292
