Name,Riskiness R
SVXY,[0.86136424]
TVIX,[6.49343345e+13]
UVXY,[4.31962153e+13]
VIIX,[1.22851736e+13]
VIXM,[9.67449308e+12]
VIXY,[1.2541844e+13]
XVZ,[6.303845e+12]
ZIV,[0.23858035]
