Name,Riskiness R
ZIV,[0.23858035]
SVXY,[0.86136424]
XVZ,[6.303845e+12]
VIXM,[9.67449308e+12]
VIIX,[1.22851736e+13]
