Name,Riskiness R
AAXJ,[0.15337047]
ACWX,[0.12758253]
ADRA,[0.13197433]
AIA,[0.10865225]
AXJL,[0.2201597]
AXJV,[1.02857447]
CHIQ,[0.15464471]
CWI,[0.12280209]
DBAP,[0.1563467]
DNL,[0.14361841]
EEMA,[0.15491856]
EMCG,[0.51660731]
FPA,[0.14498341]
FPXI,[0.10659595]
HEEM,[0.17205099]
IEMG,[0.18235716]
IHDG,[0.08725079]
IPOS,[0.19667741]
IQDE,[0.15236377]
IQDY,[0.15176687]
PAF,[0.18590197]
QEMM,[0.19695731]
REMX,[0.37166115]
VEU,[0.11656822]
VXUS,[0.11540478]
XSOE,[0.15561342]
