Name,Riskiness R
ACIM,0.00019177696666505172
ACWF,0.00016973771688098282
ARKQ,0.2073666781897668
BJK,1.9945534258090798
CIL,0.00018475403327830432
CIZ,0.0001749832667392476
CUT,294914659247.2295
DBAW,2101102019039.7495
DBEZ,1278525245035.6519
DEW,0.0001760793729951054
DGT,0.00016801553254446988
DNL,811232307885.8501
DOO,0.00017831831969513854
DUST,0.002407414510679608
EFAD,0.0001927829091121006
EFZ,0.000255187089648458
EUMV,0.00019312539237811103
EXI,0.00017349502955457704
FAN,882239572862.467
FILL,8740074524309.924
FPA,724808727130.3745
FYLD,0.0001703027979018447
GEX,1807694807772.669
GHII,728404629314.502
GOEX,0.790907749034082
GRES,0.00018657335716784084
GRID,0.5397651449709163
HAP,0.00016610993731704918
IDHQ,0.0001790125225280442
IMTM,0.0001671832546871739
IPKW,0.679695042035738
IQDE,0.00018292605257102666
IQDY,805808399926.6431
ISCF,2217461027.803888
ISRA,13888203838039.363
IVAL,0.00017413016796612304
JDST,0.002883650289504314
LOWC,0.00018866620850722235
LVL,7456718516780.225
NLR,1365756846976.2773
PBD,4322029939148.002
PIO,5609783497251.824
PIZ,0.000167500994616444
PSAU,117902370519.79315
PZD,0.561799816191674
QWLD,0.00018322714087003238
RING,34.01788905476488
SEA,7191737295232.48
SGDJ,6.560295096883128
SILJ,0.8980026736281075
TOK,0.00019839328245915486
TOLZ,0.0001999624420337609
VEGI,1488032957605.4438
YMLP,18903302897971.812
