Name,Riskiness R
PSI,[0.18035639]
SMH,[0.20220051]
XSD,[0.22702469]
PSCT,[0.2502438]
SOXX,[0.26024501]
