Name,Riskiness R
CROP,[0.07829992]
ROGS,[0.08822349]
FDTS,[0.0907225]
FPXI,[0.09501417]
FLM,[0.11627505]
