Name,Riskiness R
PGHY,[0.01990791]
SHYG,[0.02911942]
RIGS,[0.02976767]
HYS,[0.03200079]
SJNK,[0.03395278]
