Name,Riskiness R
TAO,[0.39427384]
MORL,[0.48149846]
REM,[8.27552365e+10]
MORT,[2.39434466e+11]
VNQI,[5.63469197e+11]
