Name,Riskiness R
GOEX,[0.70694534]
PKB,[0.73473495]
SILJ,[0.82181748]
CHIM,[1.1818019]
GDXJ,[1.28764287]
