Name,Riskiness R
IHI,[0.05790304]
XHE,[0.08270533]
PSCH,[0.10620486]
XLV,[0.12145511]
RYH,[0.12289451]
