Name,Riskiness R
XLK,[0.05749835]
RYT,[0.06141409]
SKYY,[0.06143902]
IGM,[0.06163855]
IXN,[0.06199231]
