Name,Riskiness R
BSCJ,[2.77863869e+12]
BSCK,[2.4069344e+12]
BSCL,[2.38535942e+12]
BSCM,[3.76104107e+12]
IBCD,[2.34524582e+11]
IBCE,[1.64766547e+11]
IBDC,[8.85867922e+11]
IBDD,[1.51440525e+11]
