Name,Riskiness R
IBDD,[1.51440525e+11]
IBCE,[1.64766547e+11]
IBCD,[2.34524582e+11]
IBDC,[8.85867922e+11]
BSCL,[2.38535942e+12]
