Name,Riskiness R
IBCE,0.0009953912210106
IBDD,0.0010963566080452927
IBCD,226730422140.28513
IBDC,875734790436.8445
BSCL,2293984941340.749
