Name,Riskiness R
FPE,[6.03904857e+11]
IPFF,[3.2508585e+12]
PFF,[1.50707119e+12]
PFXF,[7.22548949e+11]
PGF,[2.24911047e+11]
PGX,[9.2089111e+11]
PSK,[3.23914763e+12]
SPFF,[3.09217212e+12]
