Name,Riskiness R
PGF,[2.24911047e+11]
FPE,[6.03904857e+11]
PFXF,[7.22548949e+11]
PGX,[9.2089111e+11]
PFF,[1.50707119e+12]
