Name,Riskiness R
IBDC,[0.00607206]
IBCD,[0.00799767]
IBCE,[0.01481912]
BSCN,[0.04214609]
BSCM,[0.04719425]
