Name,Riskiness R
FPE,[2.54302696e+11]
SPFF,[6.53021508e+11]
PGX,[9.06122416e+11]
PSK,[9.72067474e+11]
PGF,[2.24200709e+12]
