Name,Riskiness R
EMIF,[2.41882116e+12]
FUTY,[0.44003625]
FXU,[0.47067091]
GII,[3.10513018e+12]
IDU,[0.45580704]
IGF,[4.69881399e+11]
INXX,[1.65517287]
JXI,[6.7361774e+11]
PSCU,[0.45797147]
PUI,[2.88196467]
PXR,[9.32086091e+12]
RYU,[0.36861018]
SDP,[1.11746131e+13]
UPW,[0.25107884]
VPU,[0.44708272]
XLU,[0.38842103]
