Name,Riskiness R
RYU,[0.06902795]
FXU,[0.07433163]
FUTY,[0.07853905]
XLU,[0.0796736]
PSCU,[0.07985627]
