Name,Riskiness R
BZF,[1.44785813]
FXF,[21.75450097]
UDN,[142.5926775]
EUFX,[338.3988188]
FXSG,[245244.24945018]
