Name,Riskiness R
SZO,[0.80277095]
DTO,[1.5825378]
SCO,[30.46702004]
OLO,[2.03583428e+11]
USL,[5.27107885e+11]
