Name,Riskiness R
PSI,[0.15539916]
PSCT,[0.18976279]
SMH,[0.20054199]
QTEC,[0.21678821]
IGV,[0.22326048]
