Name,Riskiness R
PGHY,[0.0157013]
SHYG,[0.01646832]
SJNK,[0.01793712]
RIGS,[0.01969173]
HYS,[0.02026757]
