Name,Riskiness R
MEAR,1.694297885905376e-05
SHYD,0.00016845743569348867
ITM,0.00019403246158164955
PVI,0.0002549799519459987
PZA,0.0002589533233047733
