Name,Riskiness R
DGL,0.0001733118366664595
DGLD,890551279492.6307
DGP,6322265144332.884
DGZ,0.0001785353757965786
DZZ,791274926019.1843
GLD,0.00018321940545114543
GLL,1834472345949.3965
IAU,0.00018445291841975901
OUNZ,0.00018080639983367207
SGOL,0.00018235798610584088
UBG,7234862312440.561
UGL,4945186190051.122
UGLD,5501317011135.146
