Name,Riskiness R
IBDC,[0.01049892]
BSCJ,[0.01203216]
IBCD,[0.01240805]
IBDL,[0.01350586]
BSCK,[0.01475753]
