Name,Riskiness R
CIL,[0.13373639]
ACIM,[0.19662187]
GRID,[0.28077863]
EXI,[0.36090421]
GOEX,[0.62274932]
