Name,Riskiness R
BSCJ,[0.00746505]
IBCD,[0.00941064]
IBDC,[0.01059064]
BSCK,[0.01292332]
IBDL,[0.01638267]
