Name,Riskiness R
ALTS,618630.6654835559
BTAL,1920105841728.2822
CHEP,0.00023154187704523856
CPI,1503204913760.8076
FLAG,0.00016923835226366225
FMF,0.00036801102758764523
FTLS,0.0002742933742671061
HDG,0.23487673573086476
MCRO,4864188201316.322
MNA,2095265692498.8037
MOM,0.00017345212725961346
MRGR,0.00022718927634847222
QAI,1241559993523.1614
QMN,1843460249114.5918
RALS,5122867784470.31
RLY,0.00031182084579416835
SIZ,5107779916678.682
WTMF,3692352209862.0186
