Name,Riskiness R
HDG,[0.23487674]
ALTS,[618630.70770867]
FLAG,[7.69119782e+11]
QAI,[1.2947348e+12]
MCRO,[1.40850924e+12]
