Name,Riskiness R
ACIM,0.00018501565498723138
BJK,1775601967809.4731
CIL,0.14471234813832445
CUT,0.1705929381423773
DBAW,0.2328381371951685
DEW,1.6546787615201592
DNL,0.41531888375353604
DOO,0.00016800372497881316
DUST,0.0016602564850168868
EFZ,0.00016640352861648007
EUMV,0.0001829336254046805
EXI,0.00018607604678602208
FAN,0.3108742223297989
FILL,10737960325924.99
FPA,0.2811597352658376
FYLD,2.4806660914081573
GEX,291667277340.4436
GOEX,0.9430809586422333
GRES,8356906380683.598
GRID,0.12115844480751646
HAP,3143019294406.9717
IDHQ,0.00019741015900144547
IPKW,0.0001715888784018767
IQDE,6833757811020.692
IQDY,1.9298131106879794
ISRA,999761220080.6652
JDST,3.391579733276231
LVL,4689322779161.365
NLR,0.00021798574882662554
PIO,1.6678783506432215
PIZ,0.00017709234023774141
PZD,0.13959792555557607
RING,0.002219051530651101
SEA,23619160523763.31
SILJ,1.4473477258098604
TOLZ,0.0001664475414941422
VEGI,0.7764828182321777
YMLP,1.3363939889024168
