Name,Riskiness R
EXI,[0.09040752]
IPKW,[0.09637397]
ACIM,[0.09716719]
GRID,[0.12115844]
PZD,[0.13959793]
