Name,Riskiness R
PSCT,[0.17793981]
IGV,[0.18689482]
PSI,[0.18956444]
PSJ,[0.20046345]
SMH,[0.21600439]
