Name,Riskiness R
CXSE,[0.16325162]
CHAU,[0.20038176]
CQQQ,[0.21175129]
KWEB,[0.25595402]
EMQQ,[0.25690403]
