Name,Riskiness R
PZA,[0.01827705]
MUB,[0.02079024]
MUNI,[0.02295255]
SUB,[0.02734937]
TFI,[0.02812946]
