Name,Riskiness R
SZO,0.32397091187539845
DTO,0.409780480581218
SCO,0.5742390861379839
UCO,163121971152.26147
OLEM,13228792240572.846
