Name,Riskiness R
SZO,[0.32397091]
DTO,[0.40978048]
SCO,[0.57423909]
UCO,[1.63060492e+11]
USL,[1.18386404e+13]
