Name,Riskiness R
PZA,[9.25226314]
ITM,[83.91629886]
FMB,[9.13347908e+11]
SHYD,[1.00962068e+12]
SMB,[1.57580826e+12]
