Name,Riskiness R
PZD,[0.28331401]
FAN,[0.41198639]
GRID,[0.41905229]
ERY,[1755.38980928]
ERX,[1.41902958e+09]
