Name,Riskiness R
BSCJ,449598867151.06506
BSCM,0.07492717257330547
IBCD,0.007493752159699288
IBCE,0.01474717498574003
IBDC,0.006161242277077059
IBDD,1.2102053521138598
