Name,Riskiness R
CROP,[0.11414153]
PEX,[0.18704627]
IPO,[0.34158894]
FLM,[0.42237739]
FDTS,[0.91392387]
