Name,Riskiness R
RYF,[0.14019133]
XLF,[0.16031152]
KBWP,[0.24760714]
KIE,[0.29987877]
QABA,[0.35634215]
