Name,Riskiness R
ARKW,[0.0807978]
SKYY,[0.10119413]
IGV,[0.10517982]
PSJ,[0.10947956]
XSW,[0.11189933]
