Name,Riskiness R
CBND,[1.69666002e+12]
CORP,[2.44159319e+10]
GSY,[1.54633905e+12]
ICSH,[1.96426297e+12]
IGHG,[1.32809461e+12]
IGIB,[3.0271628e+12]
IGSB,[1.12815805e+12]
LDRI,[1.00538273e+12]
LQD,[34543121.47040096]
LQDH,[1.39797342e+12]
PFIG,[3.80942273e+12]
QLTA,[3.54045416e+12]
SKOR,[1.9487114e+12]
SLQD,[1.19599464e+12]
SPIB,[2.97710651e+12]
SPLB,[4.63369926e+11]
USIG,[3.40206278e+12]
VCIT,[8.16433866e+11]
VCLT,[4.79430804e+11]
VCSH,[2.50264967e+12]
