Name,Riskiness R
SZO,[0.37805902]
DTO,[0.55670816]
SCO,[1.95419846]
USO,[9.82869131e+12]
UCO,[1.62182941e+13]
