Name,Riskiness R
SGOL,[0.9225598]
IAU,[1.02427129]
UBG,[1.10059814]
GLD,[1.17695219]
OUNZ,[1.19915489]
