Name,Riskiness R
DGLD,0.013181768720661242
SGOL,0.9225597958482431
IAU,1.0242712930100808
UBG,1.1005981356189876
GLD,1.1769521898755015
