Name,Riskiness R
SVXY,3.3343361737746355
TVIX,0.0035477181783191494
UVXY,0.0030357288885927737
VIIX,14794763426436.707
VIXM,8500918534011.505
VIXY,12254720248550.475
XVZ,4300681423888.0234
ZIV,0.8924151657050893
