Name,Riskiness R
ZIV,[0.89241517]
SVXY,[3.33433617]
VIXM,[4.38345676e+12]
XVZ,[8.7169017e+12]
TVIX,[1.12932612e+13]
