Name,Riskiness R
ITA,[0.16065712]
PPA,[0.18252873]
XAR,[0.23140327]
UXI,[0.30869228]
FIW,[0.60297408]
