Name,Riskiness R
LTL,[1.60122932]
XTL,[20.7115487]
FCOM,[8.39290767e+10]
FONE,[4.56067559e+11]
IYZ,[6.05269163e+11]
