Name,Riskiness R
FCOM,[0.1149622]
XTL,[0.13404327]
VOX,[0.14910898]
FONE,[0.16541949]
IYZ,[0.22311511]
