Name,Riskiness R
SHYG,[0.01578499]
PGHY,[0.01711014]
SJNK,[0.01715958]
HYS,[0.019505]
RIGS,[0.02004801]
