Name,Riskiness R
HYS,[0.47229156]
UJB,[0.72854279]
HYLS,[2.53618731]
PGHY,[3130.63496159]
SHYG,[7.06087683e+09]
