Name,Riskiness R
SMIN,[0.12510233]
INCO,[0.13359767]
PIN,[0.21693381]
INDA,[0.22864162]
SCIN,[0.24220333]
