Name,Riskiness R
AIRR,[0.13798644]
CGW,[0.09915069]
CHII,[1.07821382]
EXI,[0.0910835]
FIDU,[0.08546296]
FIW,[0.07697181]
FXR,[0.11501271]
IEV,[0.23492546]
ITA,[0.05751228]
IYJ,[0.08079574]
IYT,[0.13865058]
JETS,[0.16164574]
PHO,[0.13722915]
PIO,[0.19407376]
PPA,[0.052657]
PSCI,[0.1272374]
RGI,[0.08734933]
SEA,[5.26090029e+12]
SIJ,[1.04124728e+13]
UXI,[0.16279497]
VIS,[0.08981561]
XAR,[0.07491712]
XLI,[0.07831867]
XTN,[0.16173765]
_PRN,[0.09956948]
