Name,Riskiness R
ZIV,[0.29211685]
SVXY,[1.72635694]
XVZ,[1.0100997e+12]
VIXY,[2.24606644e+12]
VIXM,[4.32762226e+12]
