Name,Riskiness R
AUSE,38.9689041029986
DBJP,321517408826.9929
DBKO,0.000175178847657261
DFJ,0.14132871313157552
DIM,0.00017777533961486512
DLS,0.00018431264394697317
DOL,0.00016611993963795967
DOO,0.00017831831969513854
DTH,0.0001663647763642793
DVYA,613234156132.0076
DWM,0.00017009828164643158
DXJ,91404946491.22887
DXJF,1723486216893.5256
DXJS,0.3410793744116963
ENZL,0.6376843246187414
EPP,799055399407.9753
EWA,1209581600231.8906
EWH,27.512413906294764
EWJ,1987378048541.7637
EWS,450759657335.0834
EWT,389108389850.3363
EWV,5409661064607.791
EWY,0.4879449514540561
EZJ,0.6334270845726243
FAUS,26962328104.363083
FDT,7.742053686816452
FDTS,0.36009980758322274
FHK,997350641940.7394
FJP,1090140793971.5645
FKO,18581701287.956528
FNDC,0.00017627052970601036
FNDF,404076250794.7633
FPA,895830014126.3684
GWX,0.00017490648039007834
HEWJ,515267056524.2063
IDHQ,0.0001790125225280442
IDOG,1036556893578.325
IPAC,93514065896.87015
IVAL,0.00017413016796612304
JPIN,0.00019677196946370356
JPMV,0.0001782760715730186
JPNL,0.6611254054629387
JPXN,0.00017201413538553482
KORU,0.570126610703013
PAF,2.655346274863028
PDN,0.00017944106185883199
PXF,233186668151.1156
SCJ,0.18642346848936447
VPL,20.989360383297605
