Name,Riskiness R
DFJ,[0.14132871]
SCJ,[0.18642347]
DLS,[0.25446842]
FNDC,[0.28356753]
DXJS,[0.34107937]
