Name,Riskiness R
AAXJ,[3.12262375e+12]
ACWX,[1.92089924e+12]
ADRA,[7.78943982e+11]
AIA,[1.37844657e+12]
AXJL,[8.01419718e+11]
CHIQ,[9.70540356e+12]
CWI,[1.68528226e+12]
DBAP,[1.07945296e+12]
DNL,[8.60514256e+11]
EEMA,[1.05485728e+12]
EMCG,[4.11361201e+12]
FPA,[3.97496426e+12]
IEMG,[3.90884214e+12]
IQDE,[1.49979212e+12]
IQDY,[1.88288824e+12]
PAF,[6.26146095e+11]
REMX,[4.28390878e+12]
VEU,[2.05794162e+12]
VXUS,[1.48493538e+12]
