Name,Riskiness R
AAXJ,[0.91332956]
ACWX,[34.36137761]
ADRA,[0.29476169]
AIA,[0.31498222]
AXJL,[1.5916511]
CHIQ,[3.34785222e+12]
CWI,[1.78688321]
DBAP,[0.45435476]
DNL,[23.74992293]
EEMA,[0.77109631]
EMCG,[1.74431488e+12]
FPA,[0.44364389]
IEMG,[2.63139416e+10]
IQDE,[4.10747645e+11]
IQDY,[1.6961082]
PAF,[1.83939278]
REMX,[4.79980208e+12]
VEU,[1.52897102]
VXUS,[1.68082509]
