Name,Riskiness R
PAF,[6.26146095e+11]
ADRA,[7.78943982e+11]
AXJL,[8.01419718e+11]
DNL,[8.60514256e+11]
EEMA,[1.05485728e+12]
