Name,Riskiness R
ADRA,[0.29476169]
AIA,[0.31498222]
FPA,[0.44364389]
DBAP,[0.45435476]
EEMA,[0.77109631]
