Name,Riskiness R
CBND,0.0029084547120202236
CORP,25762331571.426483
GSY,2.4549251923964587e-05
ICSH,1.8889867226122476e-05
IGHG,4174363174725.6685
IGIB,3214650852577.545
IGSB,1.983086754814114e-05
LQD,35074772.86680065
LQDH,2023025529080.9863
PFIG,2624115031404.6626
QLTA,3733587249289.2847
SLQD,2369876991931.0415
SPIB,1966993351592.5317
SPLB,0.00038872475858770954
USIG,2156780604072.3716
VCIT,3330015582086.1562
VCLT,0.00033893471481034773
VCSH,2460902320788.5444
