Name,Riskiness R
BDCL,1.64892813091564
BDCS,1039735180158.3228
BIZD,929993452494.3942
CHIX,2.300805469466476
DXJF,1314478573695.2568
EUFN,498984857874.6379
FAS,0.46777204193006816
FAZ,10382815717089.527
FINU,0.4902406980756536
FINZ,0.07915515073173769
FNCL,0.47963455740112293
FXO,0.00017896154027977044
IAI,0.28052971552375616
IAK,311537305644.78705
IAT,0.46844170296817433
IXG,136278159888.8157
IYF,1.3628453261202091
IYG,0.48970643471733355
KBE,0.625942632502921
KBWB,0.5184295556158243
KBWD,232954723459.75354
KBWP,0.00019227393014477985
KBWR,0.6507003541778125
KCE,425972186209.80554
KIE,0.0001815620462889897
KRE,0.4146696795369098
LMLP,392425200385.1876
PEX,48941010682.412186
PFI,0.00016678556957637133
PHDG,0.0002201456957677504
PSCF,0.000176441440531003
PSP,387876567434.03564
QABA,0.5364752999176954
RWW,1.6275043395963071
RYF,0.14925071305537593
SEF,4117503066365.6934
SKF,8180831477371.168
UYG,0.4319432120848379
VFH,0.4136968312165664
VQT,0.0002352338760396269
XLF,0.17938872837410685
