Name,Riskiness R
IBCE,0.0009953912214739212
IBDD,0.0010963566118312284
IBCD,232297192613.0753
IBDC,1256789719318.834
BSCJ,2485264480877.6797
