Name,Riskiness R
IBCE,[1.42534269e+11]
IBDD,[1.73672892e+11]
IBCD,[2.42250389e+11]
IBDC,[4.38783787e+11]
BSCJ,[9.29952544e+11]
