Name,Riskiness R
DBO,1559112564715.8174
DTO,9.97600655937553
OLEM,5834669492019.77
OLO,1998338925058.6665
SCO,47587.69407038785
SZO,48634617878.08424
UCO,1735021231423.6548
USL,1479533330380.029
USO,6413418577255.822
