Name,Riskiness R
SZO,[0.63139128]
DTO,[1.57243291]
SCO,[9.93824885]
USL,[1.4312985e+11]
OLEM,[7.23996857e+11]
