Name,Riskiness R
DTO,9.97600655937553
SCO,47587.69407038785
SZO,48634617878.08424
USL,1479533330380.029
DBO,1559112564715.8174
