Name,Riskiness R
DBB,[0.16871062]
RJZ,[0.26434039]
PALL,[0.37123522]
IAU,[0.38187896]
GLD,[0.40336693]
