Name,Riskiness R
QWLD,[0.06262836]
IPKW,[0.06464039]
PZD,[0.0728019]
LOWC,[0.07382996]
EXI,[0.07733183]
