Name,Riskiness R
IHI,[0.13829207]
XHE,[0.18025251]
PSCH,[0.38328837]
RXL,[0.45658266]
CURE,[0.52018008]
