Name,Riskiness R
DUST,0.0016602564850168868
JNUG,0.0017009350990362941
RING,0.002219051530651101
CROP,0.09852790972691601
GDXJ,0.14424978025679636
