Name,Riskiness R
NLR,0.00019994251642924344
GASL,0.002128725045018365
ERX,0.03423013802734288
ERY,1537.8722031700404
ATMP,712026730108.8108
