Name,Riskiness R
CARZ,1075692758176.4609
CROP,0.0001899245216670194
DPK,2905221472303.217
DZK,4485286732267.775
EFO,21854367.02246472
EFU,1475375519573.4229
FDTS,2895811968630.329
FLM,0.00016843651789822682
FTAG,18117174676021.82
FTRI,8628946321625.482
HGI,2245097912770.6084
IDMO,6372564514016.139
IPO,2062230643422.4634
PAGG,11610580305229.209
PEX,0.00018944531430422447
SOIL,2718016835319.8726
