Name,Riskiness R
ERUS,[0.76648214]
FCOM,[0.10032311]
FONE,[0.16445111]
IXP,[0.34874437]
IYZ,[0.17481221]
LTL,[0.32515074]
VOX,[0.10842774]
XTL,[0.14167408]
