Name,Riskiness R
FONE,[0.11239929]
AADR,[0.12409655]
SOCL,[0.13962483]
FAN,[0.17057927]
DBAW,[0.17300893]
