Name,Riskiness R
BSCJ,[0.00762675]
IBDC,[0.0097653]
IBCD,[0.01014722]
BSCK,[0.01176157]
BSCL,[0.01713871]
