Name,Riskiness R
IBDD,0.001096150682971524
IBDN,24287.69085040692
BSCO,962638168.9877768
IBDC,835069982719.9961
IBCE,886415427277.4343
