Name,Riskiness R
ALTS,[0.13027834]
BTAL,[3.29025248e+11]
CHEP,[2.51167406e+11]
CPI,[0.01773162]
DIVA,[0.11790606]
DIVY,[0.03017229]
FLAG,[0.07011588]
FMF,[6.47430723e+10]
FTLS,[0.05459674]
HDG,[0.03784664]
HTUS,[0.08049238]
MCRO,[0.03854974]
MNA,[0.02282077]
MOM,[2.83261392e+12]
MRGR,[1.47670879e+11]
QAI,[0.03919653]
QED,[0.03210238]
QMN,[0.03247281]
RALS,[6.70891808e+10]
RLY,[0.06404191]
SIZ,[5.89893315e+11]
VAMO,[0.30166192]
WTMF,[2.15794717e+11]
