Name,Riskiness R
HDG,[0.23982158]
FLAG,[1.09708981]
WTMF,[6.60408516e+11]
MNA,[8.09804951e+11]
QAI,[1.18093079e+12]
