Name,Riskiness R
DBO,[2.13673646e+13]
DTO,[0.32090774]
OLEM,[2.05520328e+13]
OLO,[5.32981249e+12]
SCO,[0.43938544]
SZO,[0.23948547]
UCO,[1.89045297e+11]
USL,[6.03234963e+12]
USO,[6.83819782e+12]
