Name,Riskiness R
AIRR,[0.08926441]
CGW,[0.07939142]
CHII,[0.68432643]
EDOM,[0.1725703]
EXI,[0.07492015]
FIDU,[0.06995664]
FIW,[0.06060583]
FXR,[0.07851829]
IEV,[0.16503349]
ITA,[0.05079057]
IYJ,[0.06676917]
IYT,[0.10805939]
JETS,[0.21560293]
PHO,[0.08801506]
PIO,[0.10887029]
PPA,[0.04723507]
PSCI,[0.08743353]
RGI,[0.07210102]
SEA,[2.38004904e+12]
SIJ,[4.50449752e+12]
UXI,[0.12996997]
VIS,[0.07372719]
XAR,[0.0564924]
XLI,[0.06781361]
XTN,[0.11286411]
_PRN,[0.07904252]
