Name,Riskiness R
FMB,2777327589319.204
ITM,0.00221640171980788
MEAR,1.7892381763445113e-05
MLN,0.0028917558440465243
MUB,1690683125853.9639
MUNI,2082298956688.2285
PRB,1923788412657.8347
PVI,2.616814981354928e-05
PZA,10.10847481364589
RVNU,0.0011587027081565147
SHM,2291821934536.3647
SHYD,0.0008655372903518195
SMB,2270522807909.629
SMMU,1368037678121.993
SUB,1.7538023187996516e-05
TFI,587932196296.8254
