Name,Riskiness R
FPE,[5.66831922e+11]
IPFF,[2.99328128e+12]
PFF,[1.74737256e+12]
PFXF,[6.6304183e+11]
PGF,[7.21852919e+11]
PGX,[2.61757474e+11]
PSK,[7.45656178e+11]
SPFF,[2.62064142e+12]
