Name,Riskiness R
FEMS,[0.63509755]
PXH,[0.74394514]
FEM,[0.80485302]
BKF,[0.80879325]
FNDE,[0.83437564]
