Name,Riskiness R
BICK,0.00016670454919961276
EDZ,126451144.36748591
EDC,6262613922.512205
PXH,563396223204.437
FNDE,778922969939.3499
