Name,Riskiness R
BSCJ,2164341756175.9844
BSCM,6507669269.891951
BSCN,3.980883379561162
BSCO,0.0012405971714309334
IBCD,0.013857386265362403
IBCE,0.025801770829218577
IBDC,0.009779306080037548
IBDD,1.2533702338651938
IBDL,0.36811008839709286
