Name,Riskiness R
AGF,3042352574393.1963
AGQ,3316255008035.5596
BCM,0.00023030842015484237
BDD,0.007717068664526585
BNO,9120656403998.629
BOIL,327.5413157197836
BOM,0.011787468086386725
BOS,0.005986723367069979
CANE,0.00019382522395774691
CORN,14936882531712.113
CPER,2254595379609.787
DAG,30744688106326.836
DBA,0.00021202569229400017
DBB,0.00023803496143992375
DBC,0.00017824353393518477
DBE,6348492345694.956
DBO,3325991102796.9546
DBP,0.00017934861139438644
DBS,2216715668356.0967
DDP,0.589667397637443
DGAZ,0.003713814505326177
DGL,0.0001733118366664595
DGLD,330762162826.6809
DGP,4858043344071.0625
DGZ,0.0001785353757965786
DJCI,0.0002514014317014817
DJP,0.0002229691071365004
DSLV,0.017652004123291102
DTO,0.3765311319158071
DYY,2.789076025620048
DZZ,2431217093051.5127
FTGC,0.0002728004649969852
FUD,2125229657873.9883
FUE,0.012221464496862698
GCC,0.0003849135362466199
GLD,0.00018321940545114543
GLL,2148040908340.2117
GLTR,0.00017405320760807656
GRU,17332531932825.871
GSC,14191602927582.77
GSG,17979031621180.9
GSP,14762707792004.463
IAU,0.00018445291841975901
KOLD,0.6679658236875268
LD,0.0026632736859301827
NIB,3095877943378.9478
OLEM,2896585026620.605
OLO,21864722743604.46
PALL,4717480626744.371
PPLT,4176585058763.0396
RJA,0.00021204772116969247
RJI,0.00021348024838398221
RJN,8831775188160.312
RJZ,0.00022255611782743797
SCO,0.5402741900269094
SGOL,0.00018235798610584088
SIVR,5865150425996.637
SLV,6079486979926.395
SOYB,0.0001716708657463971
SZO,0.2810336252589777
TAGS,2111848846054.7344
UAG,736829.0064160363
UBG,5390068375145.684
UCI,10538121794321.562
UCO,171354428184.59558
UGA,7954155740342.084
UGAZ,0.0034243332892432885
UGL,6840038477936.599
UGLD,6531735427054.425
UNG,14980589884337.066
UNL,2405788689064.6406
USCI,0.00027371516210386864
USL,15402792941909.088
USLV,3347.8910107719676
USO,18216759878491.258
USV,1595438043666.1357
WEAT,21999398925129.707
ZSL,1071905232661.1941
