Name,Riskiness R
SZO,[0.28103363]
DTO,[0.37653113]
SCO,[0.54027419]
DDP,[0.5896674]
KOLD,[0.66796582]
