Name,Riskiness R
IAU,[0.6205956]
SGOL,[0.68135431]
GLD,[0.68516067]
OUNZ,[0.69069704]
UBG,[1.79085645]
