Name,Riskiness R
SZO,0.2610835375937977
DTO,0.3558304009019958
SCO,0.5096484815735663
UCO,175031831757.57162
OLO,13661676640978.387
