Name,Riskiness R
SZO,[0.18315465]
DTO,[0.30081311]
SCO,[0.41490778]
UCO,[6.55762085e+11]
OLEM,[6.75014224e+12]
