Name,Riskiness R
USL,[0.35168866]
OLEM,[0.54471774]
DBO,[0.58910391]
OLO,[0.76191995]
USO,[0.95078473]
