Name,Riskiness R
USL,[60.48811729]
OLO,[3.01119124e+11]
DBO,[3.33288625e+11]
UCO,[5.31920248e+11]
OLEM,[8.40281537e+11]
