Name,Riskiness R
XLF,[0.11523988]
RYF,[0.11602315]
IAI,[0.14430663]
IYG,[0.163026]
IYF,[0.17625829]
