Name,Riskiness R
SVXY,0.6133451752386015
TVIX,0.003547718190922092
UVXY,0.003035728888593267
VIIX,10859677422608.09
VIXM,5333281811073.571
VIXY,9979684801647.008
XVZ,4039617201477.865
ZIV,1.062781437879872
