Name,Riskiness R
UVXY,0.003035728888593267
TVIX,0.003547718190922092
SVXY,0.6133451752386015
ZIV,1.062781437879872
XVZ,4039617201477.865
