Name,Riskiness R
FMB,[2.38908615e+12]
ITM,[2.08140167]
MEAR,[2.54239499e+12]
MLN,[1.1754952e+12]
MUB,[2.7965885e+12]
MUNI,[2.13728922e+12]
PRB,[1.67609998e+12]
PVI,[7.70076973e+11]
PZA,[9.84728793]
RVNU,[1.35821616e+12]
SHM,[8.76028318e+11]
SHYD,[1.14973427e+12]
SMB,[1.0139131e+12]
SMMU,[1.11925113e+12]
SUB,[1.26685485e+12]
TFI,[2.97686982e+12]
VTEB,[2.04516348e+12]
