Name,Riskiness R
FMB,[0.01322459]
ITM,[0.91237832]
MEAR,[0.00933601]
MLN,[0.0362416]
MUB,[0.02266074]
MUNI,[0.02136829]
PRB,[0.06265607]
PVI,[0.00747494]
PZA,[0.02488168]
RVNU,[0.03447423]
SHM,[0.02879516]
SHYD,[0.02945416]
SMB,[0.04163963]
SMMU,[0.02758394]
SUB,[0.01301496]
TFI,[0.02980099]
VTEB,[0.01930153]
