Name,Riskiness R
ITM,[2.08140167]
PZA,[9.84728793]
PVI,[7.70076973e+11]
SHM,[8.76028318e+11]
SMB,[1.0139131e+12]
