Name,Riskiness R
FMB,[0.01463709]
ITM,[0.91791977]
MEAR,[0.01172469]
MLN,[0.0400409]
MUB,[0.02467083]
MUNI,[0.02354747]
PRB,[0.0340833]
PVI,[0.01498787]
PZA,[0.02409918]
RVNU,[0.04774377]
SHM,[0.02802125]
SHYD,[0.08894675]
SMB,[0.03628057]
SMMU,[0.03224944]
SUB,[0.01325582]
TFI,[0.0321165]
