Name,Riskiness R
UUP,[0.04005506]
EUFX,[0.0486146]
USDU,[0.0661389]
EUO,[0.09335786]
DRR,[0.09374954]
