Name,Riskiness R
PSCT,[0.1419505]
PSI,[0.16119175]
SMH,[0.17815204]
QTEC,[0.1816569]
IGV,[0.20635139]
