Name,Riskiness R
DTO,1.251879183655561
SZO,3.579309967217855
SCO,11.012925784202618
USL,1160604835710.074
OLO,2509503758811.2773
