Name,Riskiness R
HDG,[0.23567085]
FLAG,[3.29911044e+10]
WTMF,[6.57548798e+11]
MCRO,[8.41539851e+11]
MNA,[8.77974987e+11]
