Name,Riskiness R
ANGL,0.00027182573882946723
CJNK,351319429337.2098
GHYG,0.006601107231472226
HYG,0.0004458436493917118
HYHG,0.0002076739746784446
HYLD,5857516013031.074
HYLS,0.0005356956035948038
HYND,0.00021449286552151223
HYS,0.0009096082501771253
HYZD,0.0004571453630769725
JNK,0.0004075112294018746
PGHY,3451.119428468674
PHB,0.0004902209780639629
RIGS,1193255066070.766
SHYG,2.0583009787811886
SJB,0.0003610527318759036
SJNK,1945605541966.685
UJB,514723679630.68146
