Name,Riskiness R
BTAL,[1.57407571e+12]
CHEP,[8.83398656e+12]
CPI,[1.90797159e+12]
FLAG,[0.96730544]
FMF,[9.02186421e+11]
HDG,[0.23796807]
MCRO,[2.81783037e+12]
MNA,[9.34706114e+11]
MOM,[1.04569723e+12]
MRGR,[1.30821864e+12]
QAI,[1.33466111e+12]
QMN,[2.16926598e+12]
RALS,[3.5367273e+12]
RLY,[6.10356764e+12]
SIZ,[4.93454568e+12]
WTMF,[1.83580517e+12]
