Name,Riskiness R
MNA,[0.04028007]
CPI,[0.04317008]
HDG,[0.0905151]
FLAG,[0.09523828]
CHEP,[0.44030985]
