Name,Riskiness R
KBWP,[0.04368617]
KIE,[0.05769213]
RYF,[0.06656612]
FXO,[0.07240951]
IAK,[0.07689897]
