Name,Riskiness R
DBO,[6.34469568e+12]
DTO,[7.16487664]
OLEM,[1.91317e+12]
OLO,[6.37184826e+12]
SCO,[46285.04635629]
SZO,[61.99079071]
UCO,[3.98144238e+12]
USL,[1.36573544e+12]
USO,[1.30370034e+13]
