Name,Riskiness R
DTO,[7.16487664]
SZO,[61.99079071]
SCO,[46285.04635629]
USL,[1.36573544e+12]
OLEM,[1.91317e+12]
