Name,Riskiness R
RYF,[0.12731064]
XLF,[0.14057973]
IAI,[0.19411162]
VFH,[0.23620097]
IYG,[0.25030947]
