Name,Riskiness R
SZO,[0.26108354]
DTO,[0.3558304]
SCO,[0.50964848]
DDP,[0.55417606]
KOLD,[0.55724274]
