Name,Riskiness R
ERY,[1479.45021387]
GRID,[4.6973382e+11]
DDG,[5.91670452e+11]
EMLP,[6.25167304e+11]
PZD,[7.48720913e+11]
