Name,Riskiness R
BSCJ,[3.29637588e+12]
BSCK,[1.69728385e+12]
BSCL,[2.7071606e+12]
BSCM,[2.73975924e+12]
IBCD,[2.37972562e+11]
IBCE,[1.2859792e+11]
IBDC,[8.89688413e+11]
IBDD,[1.70029133e+11]
