Name,Riskiness R
CARZ,1516024947331.5562
CROP,0.10253959392905546
DZK,20152683850849.535
EFO,10173942966389.086
EFU,7342411018117.251
FDTS,3128630657109.501
FLM,1654915588375.2854
FTAG,1.9908684096257971
FTRI,46250625983666.17
HGI,7265725216547.609
IDMO,14694751034797.484
IPO,2249694066859.08
PAGG,4785304817803.749
PEX,0.3928993821546285
SOIL,7904411796751.928
