Name,Riskiness R
PXH,[0.84968757]
EDC,[1.60739028]
FNDE,[1.9760207]
EET,[2.42471407]
EEB,[2.47425452]
