Name,Riskiness R
ITA,[0.12334919]
PPA,[0.12588008]
XAR,[0.20278033]
FIW,[0.25042358]
UXI,[0.26363214]
