Name,Riskiness R
AGF,1672713664283.9238
AGQ,5138678265530.454
BCM,0.00023030842015484237
BDD,0.007717068664526654
BNO,1336766219045.2168
BOIL,291.8956435854464
BOM,0.020582853149671888
BOS,0.005986723367142706
CANE,5353758570910.083
CORN,18521225757438.605
CPER,4156240082921.7305
DAG,3516936596898.6875
DBA,0.0002120256922897571
DBB,0.00023803496143992375
DBC,0.00018736246915359127
DBE,13243339518952.672
DBO,6716588284969.334
DBP,0.00017934861139438644
DBS,1539468929396.8848
DDP,3.134603434437452
DGAZ,0.0037138141022270686
DGL,0.0001733118366664595
DGLD,15111433934298.861
DGP,1299777361176.7957
DGZ,0.0001785353757965786
DJCI,0.00025140143170008703
DJP,0.00022296721055580776
DSLV,0.017634201956502178
DTO,2.0569024511420837
DYY,0.01011896245358681
DZZ,2683309463409.9307
FTGC,0.00033541662856244146
FUD,4910145466358.799
FUE,670284263905.463
GCC,0.00038491049697777043
GLD,0.00018321940545114543
GLL,2980048460426.123
GLTR,0.00017405320760807656
GRU,3346456935917.937
GSC,3717450316171.2427
GSG,9224007758179.246
GSP,4372498860869.8716
IAU,0.00018445291841975901
KOLD,0.7335147482868899
LD,0.01693868620249962
NIB,4908739126540.247
OLEM,2036389227722.1946
OLO,14966257125247.807
OUNZ,0.00018080639983367207
PALL,7.678899044475538
PDBC,0.0001791307623757233
PPLT,9768207498261.717
RJA,0.00023960364601256583
RJI,0.00021347998572501106
RJN,3628054420280.198
RJZ,0.00022255611782743797
SCO,11028.129250990856
SGOL,0.00018235798610584088
SIVR,3507102714204.4414
SLV,3144323650746.1406
SOYB,0.00018429197413006576
SZO,1.8215595775667568
TAGS,0.0001876030184754838
UAG,1135704063502.755
UBG,1248509828334.0295
UCI,0.00020181389887000093
UCO,18141320805671.785
UGA,2006500532707.9907
UGAZ,0.0034243287114192125
UGL,1843689222577.075
UGLD,1877467810641.792
UNG,10184543349245.244
UNL,4186682635325.622
USCI,0.00027371516210020284
USL,1355964079327.3052
USLV,1867.8028006376405
USO,13982262059811.678
USV,2356712327095.5254
WEAT,11845558858808.092
ZSL,2880058375837.5444
