Name,Riskiness R
CYB,[0.09394526]
INR,[0.09671358]
FXE,[0.14248129]
CEW,[0.15146577]
BZF,[0.15277735]
