Name,Riskiness R
DBO,[1.75254579e+13]
DTO,[0.3236594]
OLEM,[2.8221019e+12]
OLO,[6.72622144e+12]
SCO,[0.42379994]
SZO,[0.2274323]
UCO,[1.8055397e+11]
USL,[1.59071372e+13]
USO,[1.01005929e+13]
