Name,Riskiness R
SZO,0.22743229791030306
DTO,0.3236594024195199
SCO,0.42379993600468185
UCO,180642680913.95493
OLEM,2865165021755.912
