Name,Riskiness R
SZO,[0.2274323]
DTO,[0.3236594]
SCO,[0.42379994]
UCO,[1.8055397e+11]
OLEM,[2.8221019e+12]
