Name,Riskiness R
MINT,[0.00125503]
NEAR,[0.00202787]
RAVI,[0.00232549]
ULST,[0.00291341]
HOLD,[0.00332963]
