Name,Riskiness R
REZ,[0.11832797]
ICF,[0.12669589]
PSR,[0.12904612]
IYR,[0.12969764]
RWR,[0.13024356]
