Name,Riskiness R
CBND,[4.4644688e+12]
CORP,[2.5408504e+10]
GSY,[1.55373629e+12]
ICSH,[2.04394718e+12]
IGHG,[6.41425838e+12]
IGIB,[2.03627738e+12]
IGSB,[1.08446013e+12]
LDRI,[1.59068111e+12]
LQD,[35854779.18351178]
LQDH,[1.40138317e+12]
PFIG,[2.11240558e+12]
QLTA,[1.79511548e+12]
SKOR,[2.24349156e+12]
SLQD,[2.38596212e+12]
SPIB,[2.09564194e+12]
SPLB,[1.15150332e+12]
USIG,[5.24039729e+12]
VCIT,[8.11556981e+11]
VCLT,[1.25381616e+12]
VCSH,[2.28173091e+12]
