Name,Riskiness R
ECON,0.00018401530156197192
EMCG,0.0001829498619091603
FSTA,0.00020875637665876992
FXG,0.00022011965369220972
IYK,0.0002021227553887098
KXI,0.00020480975317377833
PBJ,0.0002543145349989389
PSCC,0.0002040052038138447
PSL,0.000301920672887149
RHS,0.00023260489138002591
SZK,2087525462703.6482
UGE,429641789128.43414
VDC,0.00022526020276425468
WBID,0.00018844581930533235
WBIE,0.00019759924205597814
WBIL,0.00021857714723934243
XLP,0.00021770289054710463
