Name,Riskiness R
USL,[0.42153094]
OLEM,[0.72074076]
OLO,[1.35803455]
DBO,[1.46837139]
USO,[8.87382587e+11]
