Name,Riskiness R
SCO,0.003779605506399496
DTO,0.00907257771992324
UCO,0.011615992585873362
USL,0.4215309404682302
OLEM,0.7207407593884242
