Name,Riskiness R
Alternatives ETF List (35),2132454034410.8965
Broad Asia ETF List (44),0.19106983174401096
Commodity ETF List (125),0.5206950959407796
Consumer Discretionary Equity ETF List (31),0.00017377749153008276
Consumer Staples Equity ETF List (26),0.0001944773605496952
Crude Oil ETF List (22),0.13604210203666256
Currency ETF List (36),0.0003323217442365679
Developed Asia Pacific ETF List (108),0.00017062900710831542
Developed Markets ETF List 1 (100),0.0001705745958827126
Developed Markets ETF List 2 (100),0.00040048336702173823
Developed Markets ETF List 3 (93),0.3436093669081371
Emerging Asia Pacific ETF List (114),0.6450191626375203
Emerging Markets ETF List (79),0.0031701205020397577
Energy Equity ETF List (80),117235989603881.28
Financials Equity ETF List (51),0.21124175231118206
Global ETF List (72),0.12213637163528145
Gold ETF List (17),0.2913776116399285
Healthcare Equity ETF List (49),0.1938041897565361
Industrials Equity ETF List (37),0.00018167294575389817
Investment Grade Corporate ETF List (50),0.13294468167343182
Junk ETF List (43),0.0003069307053320153
Materials Equity ETF List (62),4.990758198722168
Municipal Bond ETF List (29),0.00027864728272666205
Preferred Stock ETF List (12),0.000322335129162757
Real Estate ETF List (48),0.00016945534213189516
Target Maturity Date Corporate Bond ETF List (24),0.16166692484800146
Technology Equity ETF List (75),0.0001937218850132296
Telecom Equity ETF List (10),0.0002357053675423643
Total Bond Market ETF List (82),396419372012.8595
Treasuries ETF List (51),4593229214602.243
Utilities Equity ETF List (24),0.20186266433837183
Volatility ETF List (18),0.0028779108354085987
