Name,Riskiness R
CGW,[0.17657126]
CHII,[0.58727299]
EXI,[0.23366197]
FIDU,[0.16009756]
FIW,[0.22467112]
FXR,[0.37630638]
IEV,[3.66897854e+11]
ITA,[0.11808672]
IYJ,[0.14351268]
IYT,[0.24272384]
PHO,[3.59298293e+11]
PIO,[3.47674505]
PPA,[0.10557833]
PSCI,[0.38390801]
RGI,[0.15032262]
SEA,[4.24502142e+12]
SIJ,[9.02652671e+12]
UXI,[0.29499304]
VIS,[0.16067512]
XAR,[0.16051653]
XLI,[0.13373718]
XTN,[0.24607651]
_PRN,[1.16837862]
