Name,Riskiness R
CARZ,[1.44303029e+12]
CROP,[0.43453469]
DPK,[1.80440118e+13]
DZK,[0.66636142]
EFO,[0.78677126]
EFU,[7.33332796e+12]
FDTS,[0.84656569]
FLM,[2.97684109e+10]
FPXI,[0.45975585]
FTAG,[2.05976776e+13]
FTRI,[5.02564565e+11]
GDXS,[8.46942786e+12]
HGI,[7.13485768e+11]
IDMO,[1.00103146e+12]
IPO,[0.33814551]
PAGG,[1.27124441e+12]
PEX,[2.9099137]
ROGS,[0.22740113]
SCID,[3.28603702e+11]
SMCP,[3.53807888e+11]
SOIL,[3.99053786e+11]
YLCO,[8.92187025e+11]
