Name,Riskiness R
SOIL,0.0001662329104033309
FPXI,0.00016707484948093857
GDXS,0.011036191106802892
ROGS,0.22740112926129058
IPO,0.33814551031295276
