Name,Riskiness R
ROGS,[0.22740113]
IPO,[0.33814551]
CROP,[0.43453469]
FPXI,[0.45975585]
DZK,[0.66636142]
