Name,Riskiness R
ECON,[3.77575883e+11]
EMCG,[2.51504812e+11]
FSTA,[0.06538111]
FXG,[0.10352806]
IYK,[0.08209672]
KXI,[0.10646747]
PBJ,[0.11020325]
PSCC,[0.07871228]
PSL,[0.07769336]
RHS,[0.05891816]
SZK,[2.41392801e+12]
UGE,[0.1593322]
VDC,[0.06566492]
XLP,[0.06424212]
