Name,Riskiness R
DGL,0.0001733118366664595
DGLD,1447125456713.888
DGP,615431481388.9088
DGZ,0.0001785353757965786
DZZ,9145150175489.297
GLD,0.00018321940545114543
GLL,9480715195158.75
IAU,0.00018445291841975901
OUNZ,0.00018080639983367207
SGOL,0.00018235798610584088
UBG,1982293386807.4844
UGL,666215629530.1093
UGLD,670225495163.9943
