Name,Riskiness R
SKYY,0.00016603806118389576
PSJ,0.00016805567422121886
TDIV,0.0001728801618209353
ARKW,0.11003362152944068
PSI,0.122581497613725
