Name,Riskiness R
DGL,0.0001733118366664595
DGLD,18647161934281.69
DGP,739434419199.0525
DGZ,0.0001785353757965786
DZZ,4927988935642.523
GLD,0.00018321940545114543
GLL,13318860914589.037
IAU,0.00018445291841975901
OUNZ,0.00018080639983367207
SGOL,0.00018235798610584088
UBG,3461529940557.926
UGL,1584744805508.8193
UGLD,857801133020.5222
