Name,Riskiness R
TMF,[1.00144091]
UBT,[1.8726647]
ZROZ,[57.10680152]
SHV,[221.31838719]
EDV,[1.35818862e+11]
