Name,Riskiness R
SHY,1.807515083309732e-05
SCHO,1.8529620596019027e-05
VGSH,1.9528736557775143e-05
BIL,0.0001606785182081901
DFVL,0.00016703224788419132
