Name,Riskiness R
GII,0.00019854139319878651
TOLZ,0.0001999624420337609
WBIC,0.00021083252698144507
UTES,0.00021424138226805735
PSCU,0.0002170552748861355
