Name,Riskiness R
BJK,[1.12392919e+12]
CARZ,[1.32555312e+12]
CHIQ,[4.20557999e+12]
FDIS,[1.16827727]
FXD,[7.35814018e+12]
INCO,[0.73509029]
IYC,[0.75061177]
PBS,[4.35547539e+11]
PEJ,[4.5679486e+10]
PEZ,[2.4746083e+12]
PMR,[3.51278881e+12]
PSCD,[1.02951569e+12]
RCD,[9.81174152e+11]
RETL,[0.72071166]
RTH,[0.39906076]
RXI,[3.0582548e+11]
SCC,[1.45073417e+13]
UCC,[0.29507234]
VCR,[1.13696057]
XLY,[0.485765]
XRT,[1.50471401e+12]
