Name,Riskiness R
UCC,[0.29507234]
RTH,[0.39906076]
XLY,[0.485765]
RETL,[0.72071166]
INCO,[0.73509029]
