Name,Riskiness R
INCO,[0.15210286]
SMIN,[0.16029958]
PEK,[0.25177354]
INDY,[0.26091006]
EPI,[0.27039847]
