Name,Riskiness R
BZF,0.00020578254461896676
CEW,0.0004540180940173468
CNY,1640484039102.505
CROC,4726661721485.463
CYB,0.01264536868265242
DBV,603520393400.1476
DRR,2366098676157.6113
EUFX,362.9156093769286
EUO,0.00021597304499458743
FXA,0.0005558648188805125
FXB,0.00020949001757439826
FXC,0.000803179978692457
FXCH,0.00023987093372549557
FXE,0.0022205542290194267
FXF,20.853592261026492
FXS,0.0004918094671628031
FXSG,240122.51653992842
FXY,0.00022117285157717488
INR,1058518824896.4176
UDN,138.02756718058805
ULE,0.00018986195009956607
URR,3807998992532.0137
USDU,1504623285.3899074
UUP,21382091.25581801
YCL,2058144209370.2383
YCS,541990002940.0487
