Name,Riskiness R
FXF,[20.85359226]
UDN,[138.02756718]
EUFX,[362.91560938]
FXSG,[240122.52373311]
UUP,[21382059.44090295]
