Name,Riskiness R
NLR,0.00019994251642924344
GASL,0.002128725045018365
ERX,0.034236384719402345
DUG,1.1275108492305863
ERY,1.6905538192327474
