Name,Riskiness R
AGF,5203326174634.604
AGQ,928701423687.7883
BCM,0.00023030842018123578
BDD,0.007717068664526724
BNO,1.3412227705622959
BOIL,271.62190323713
BOM,0.020581926174283557
BOS,0.005986723367142706
CANE,2473328720968.1494
CORN,6263831487837.565
CPER,66959353551.52488
DAG,3264123964713.108
DBA,0.00021202569223158056
DBB,0.00021015744161788353
DBC,0.00018736246915359127
DBE,122314139845.09134
DBO,1316256520634.7656
DBP,0.00017934861139438644
DBS,2153904198293.7214
DDP,72323174820.24255
DGAZ,0.0037138141022462256
DGL,0.0001733118366664595
DGLD,2015080320952.2341
DGP,46931600959.33949
DGZ,0.0001785353757965786
DJCI,0.0002431177424675123
DJP,0.00022296718996834856
DSLV,0.017619163603002346
DTO,3134323443083.047
DYY,0.010118961942375515
DZZ,6096606685799.896
FTGC,0.00033541663636077576
FUD,929739784514.3251
FUE,468759722934.81946
GCC,0.0005144267432638724
GLD,0.00018321940545114543
GLL,1476065267647.8945
GLTR,0.00017405320760807656
GRU,0.00017076537593980736
GSC,1324910647036.6807
GSG,2012694041729.7915
GSP,997890222707.8787
IAU,0.00018445291841975901
KOLD,0.7825035977098895
LD,0.016938646806318493
NIB,1820903801877.9292
OLEM,705153114008.138
OLO,139419428383.078
OUNZ,0.00018080639983367207
PALL,0.476676262713097
PDBC,0.0001791307623757233
PPLT,2107418689247.36
RJA,0.00023960364601199527
RJI,0.00021347998572501112
RJN,1028784073916.3682
RJZ,0.0002752598849025957
SCO,126198.55282977331
SGOL,0.00018235798610584088
SIVR,481472598199.28625
SLV,1450937582500.461
SOYB,0.00018429197413006576
SZO,1777788393608.4985
TAGS,0.00020422609791478596
UAG,1484000487876.3064
UBG,297722382928.43256
UCI,0.00020181389887312417
UCO,77557873353.29585
UGA,1727455795022.8882
UGAZ,0.003424328711419213
UGL,258442202587.6637
UGLD,2.29895266157824
UNG,2879138527028.0093
UNL,1564286965414.4583
USCI,0.00023535059494015094
USL,4.974969232634584
USLV,816.0443415840157
USO,562710243450.1626
USV,861020430668.1
WEAT,9192531713549.22
ZSL,9021529150656.576
