Name,Riskiness R
DBB,[0.41226676]
PALL,[0.47667626]
BDD,[0.49937462]
KOLD,[0.7825036]
DGAZ,[1.21958857]
