Name,Riskiness R
GUSH,0.0017800978792581275
DRIP,0.003083876686296011
GASL,0.003729515640799699
PZD,0.22313865339957364
KOL,0.2361411282756541
