Name,Riskiness R
FPE,[0.02039724]
PGF,[0.03719536]
PGX,[0.03740572]
PFF,[0.04972621]
PSK,[0.0547041]
