Name,Riskiness R
ALTS,[618345.04871086]
BTAL,[1.70514753e+12]
CHEP,[2.55614266e+12]
CPI,[3.23249718e+12]
FLAG,[2.85967308e+11]
FMF,[3.71492494e+12]
FTLS,[2.67492682e+12]
HDG,[0.23612098]
MCRO,[4.90622705e+12]
MNA,[1.82036937e+12]
MOM,[1.81673736e+12]
MRGR,[1.25231269e+12]
QAI,[1.3909856e+12]
QMN,[2.65798394e+12]
RALS,[6.23759819e+12]
RLY,[1.34200586e+13]
SIZ,[2.05934208e+12]
WTMF,[4.04057251e+12]
