Name,Riskiness R
ALTS,618345.0456032977
BTAL,2600091789725.42
CHEP,0.00023154187704523856
CPI,4947417114693.248
FLAG,0.00016923835226366225
FMF,0.00036801102758764523
FTLS,0.0002742933742671061
HDG,0.23612097640991597
MCRO,4244683516692.7065
MNA,1785422310310.192
MOM,0.00017345212725961346
MRGR,0.00022718927634847222
QAI,1231731467286.5562
QMN,1966500580620.527
RALS,5235449580849.252
RLY,0.00031182084579417085
SIZ,4680785517545.117
WTMF,3487200856440.778
