Name,Riskiness R
GSY,[0.00215846]
ICSH,[0.00557895]
IGSB,[0.00643579]
VCSH,[0.01181124]
SLQD,[0.01390715]
