Name,Riskiness R
PSCU,[0.21116275]
UPW,[0.2957053]
GHII,[0.36998227]
PUI,[0.40355865]
VPU,[0.44148238]
