Name,Riskiness R
ECON,[0.41898639]
EMCG,[0.47721063]
FSTA,[0.08473331]
FXG,[0.16777002]
IYK,[0.08166035]
KXI,[0.09365877]
PBJ,[0.21950691]
PSCC,[0.08419268]
PSL,[0.08462317]
RHS,[0.07057075]
SZK,[5.33035444]
UGE,[0.15840318]
VDC,[0.08639764]
WBID,[1.39169205e+10]
WBIE,[1.98959339]
WBIL,[0.12038549]
XLP,[0.0820743]
