Name,Riskiness R
VGSH,[0.00827462]
SHY,[0.00830121]
SCHO,[0.00834447]
TUZ,[0.01607236]
ITE,[0.01813928]
