Name,Riskiness R
DGL,[2.22011739e+12]
DGLD,[1.5571031e+13]
DGP,[2.12185199e+11]
DGZ,[4.06913827e+12]
DZZ,[9.00495917e+12]
GLD,[1.81643953e+12]
GLL,[1.96062088e+13]
IAU,[1.49814076e+12]
OUNZ,[1.71630139e+12]
SGOL,[9.44779367e+11]
UBG,[2.65102943e+12]
UGL,[5.86474856e+11]
UGLD,[4.72906317e+10]
