Name,Riskiness R
SOCL,[0.18240394]
AADR,[0.30986681]
LIT,[0.49965934]
SLX,[0.76266671]
KOL,[1.04181859]
