Name,Riskiness R
IHI,[0.05204136]
XHE,[0.08565257]
PSCH,[0.10636621]
XLV,[0.11374853]
RYH,[0.11598837]
