Name,Riskiness R
DFJ,[0.35248883]
DXJS,[0.49904614]
SCJ,[0.72429201]
JPNL,[1.37881757]
EZJ,[1.89228281]
