Name,Riskiness R
SZO,[0.27596344]
DTO,[0.3712721]
SCO,[0.52123623]
UCO,[1.75134384e+11]
OLO,[5.52642539e+12]
