Name,Riskiness R
SZO,0.2759634415191996
DTO,0.3712721009597152
SCO,0.5212362271558146
UCO,175243076561.10358
USO,3495760601981.74
