Name,Riskiness R
ARKG,0.2659839562197046
BBC,0.543603737393785
BBH,69.54203949159822
BBP,0.3484737673395061
BIB,1.0392655557540738
BIS,446.14668224467334
CNCR,1858819804917.766
CURE,0.2678322105793808
FBT,0.266302154894889
FHLC,0.00017721215657674828
FXH,0.00018008863651687213
IBB,4.33126856202415
IHE,0.00017237511759646753
IHF,0.00019821152861421688
IHI,0.06940915354507438
IXJ,0.000185064702324105
IYH,0.1739571108546008
JHMH,0.00018489371372585182
LABD,54043947743016.64
LABU,0.7178982971768226
PBE,0.6221633185941956
PJP,0.00016907172107751833
PPH,0.000177663282773917
PSCH,0.0001962339601586452
PTH,0.14820283413443347
RXD,15129884586260.451
RXL,0.19147287677485791
RYH,0.00017231630208911327
SBIO,0.3861218785086644
UBIO,1.1835586961180242
VHT,0.00017612652931497792
XBI,0.3295976128951027
XHE,0.00017789443561793466
XHS,0.21513819865203285
XLV,0.00017213280891840692
XPH,1307584685423.858
ZBIO,0.003719495875580358
