Name,Riskiness R
SZO,[0.2881184]
DTO,[0.37457513]
SCO,[0.53595875]
UCO,[1.71165913e+11]
DBO,[3.31323305e+12]
