Name,Riskiness R
CBND,[0.04117302]
CORP,[0.03024073]
GSY,[0.0020933]
ICSH,[0.01968902]
IGHG,[0.36369633]
IGIB,[0.0209906]
IGSB,[0.00574687]
LQD,[0.04432597]
PFIG,[0.02746597]
QLTA,[0.03813513]
SLQD,[0.01396815]
SPIB,[5.31613348e+10]
SPLB,[0.07745075]
USIG,[0.0349799]
VCIT,[0.03059212]
VCLT,[0.07301484]
VCSH,[0.01148907]
