Name,Riskiness R
PPA,[0.08602039]
ITA,[0.09202065]
XLI,[0.10292568]
IYJ,[0.10479181]
XAR,[0.1090815]
