Name,Riskiness R
HYHG,0.00029003641487834004
HYND,0.00041510177824791015
HYGH,0.0004985495607164323
HYLD,0.000980250308314869
JNK,0.0014030930764058116
