Name,Riskiness R
ROGS,[0.07511369]
CROP,[0.07911025]
FDTS,[0.1038619]
FLM,[0.16831788]
FPXI,[0.17637337]
