Name,Riskiness R
FPE,[3.01778597e+11]
PGF,[3.0587998e+11]
PGX,[4.18803996e+11]
PFF,[5.49052632e+11]
PSK,[7.58254811e+11]
