Name,Riskiness R
IHI,[0.18398136]
XHE,[0.28553968]
PSCH,[0.39244137]
BBP,[1.11180929]
CURE,[1.47887304]
