Name,Riskiness R
MNA,[0.0180435]
CPI,[0.0300943]
FTLS,[0.04708908]
HDG,[0.0494136]
QMN,[0.05215521]
