Name,Riskiness R
FPA,[0.22259302]
AIA,[0.31019293]
AAXJ,[0.42411514]
EEMA,[0.48398843]
DBAP,[0.50271671]
