Name,Riskiness R
AAXJ,[0.44375048]
ACWX,[8.31842755e+09]
ADRA,[0.30843569]
AIA,[0.23074332]
AXJL,[0.70069871]
AXJV,[2.33098367]
CHIQ,[0.82725685]
CWI,[2.2620278]
DBAP,[0.34888468]
DNL,[1.43113696]
EEMA,[0.44324237]
EMCG,[1.61584938e+11]
FPA,[0.2928174]
IEMG,[1.61697082]
IHDG,[0.14915276]
IQDE,[5.93791382e+11]
IQDY,[1.15260708]
PAF,[0.69369894]
QEMM,[7.06734956e+10]
REMX,[2.2208929e+12]
VEU,[1.97283916]
VXUS,[2.22981895]
