Name,Riskiness R
AAXJ,[1.1832236e+12]
ACWX,[3.6809056e+12]
ADRA,[7.76683105e+11]
AIA,[5.26709067e+11]
AXJL,[4.50274274e+12]
AXJV,[5.60596362e+11]
CHIQ,[2.16841613e+12]
CWI,[4.52365097e+12]
DBAP,[1.37252213e+12]
DNL,[1.58617008e+12]
EEMA,[3.07937888e+12]
EMCG,[2.45846172e+12]
FPA,[6.08430974e+11]
IEMG,[4.60862194e+12]
IHDG,[2.52776128e+12]
IQDE,[3.82998125e+12]
IQDY,[1.5667678e+12]
PAF,[4.98593162e+11]
QEMM,[1.5268216e+12]
REMX,[6.52006722e+12]
VEU,[1.65309137e+12]
VXUS,[1.87148509e+12]
