Name,Riskiness R
IHDG,[0.14915276]
AIA,[0.23074332]
FPA,[0.2928174]
ADRA,[0.30843569]
DBAP,[0.34888468]
