Name,Riskiness R
PAF,[4.98593162e+11]
AIA,[5.26709067e+11]
AXJV,[5.60596362e+11]
FPA,[6.08430974e+11]
ADRA,[7.76683105e+11]
