Name,Riskiness R
SMH,[0.18768429]
GDXJ,[1.85478603]
SIL,[3.81291623]
JNUG,[48.52871289]
NUGT,[54.4715084]
