Name,Riskiness R
IBDC,[0.01152872]
IBCD,[0.01319931]
BSCJ,[0.01630329]
BSCK,[0.01930563]
IBDD,[0.02192859]
