Name,Riskiness R
BBH,[0.29072753]
BIB,[0.72899313]
BIS,[2.5714309e+13]
CURE,[0.32709763]
FBT,[0.31885556]
FHLC,[0.1236364]
FXH,[0.2178113]
IBB,[0.38580514]
IHF,[0.11073164]
IHI,[0.07321358]
IXJ,[0.16608892]
IYH,[0.11607738]
PBE,[1.4986404]
PJP,[0.88860557]
PPH,[1.40693338e+12]
PSCH,[0.12331031]
PTH,[0.67910402]
RXL,[0.2308193]
RYH,[0.1050438]
VHT,[0.12529557]
XBI,[0.73018623]
XHE,[0.08971332]
XHS,[0.17125874]
XLV,[0.10890867]
XPH,[0.90794434]
