Name,Riskiness R
IHI,[0.07321358]
XHE,[0.08971332]
RYH,[0.1050438]
XLV,[0.10890867]
IHF,[0.11073164]
