Name,Riskiness R
XPH,0.0018483113100238094
BIB,0.0033607439880155173
IHI,0.07321357822873141
XHE,0.08971331515642016
RYH,0.10504380312695781
