Name,Riskiness R
ARKK,0.11136814019631097
ARKW,0.08494482855843989
CIBR,0.20134117005683178
CQQQ,0.1832418516635828
EMQQ,0.19166412325655402
FDN,0.09717246448339764
FTEC,0.0958861125885997
FXL,0.11521922121208501
HACK,0.3441763105727269
IEUS,0.8108734542453366
IGM,0.08858166500733021
IGN,0.26368645442234534
IGV,0.09486464153984202
ISRA,2202435156137.9824
IXN,0.09608104482002715
IYW,0.10670970424665863
JHMT,0.1010616487236229
KWEB,0.20085022804561292
PNQI,0.11548652718883169
PSCT,0.1418239292669338
PSI,0.12228946360373884
PSJ,0.0001680543882650958
PTF,0.23370281638760426
PXQ,0.1586925976490432
QQQ,0.11740387258121873
QTEC,0.09712265209398938
REW,6730011338783.886
ROBO,0.1195793261460716
ROM,0.15872912753933807
RYT,0.08805240391628433
SCID,398295109702.8672
SKYY,0.00016603806118389576
SMH,0.10552026529788643
SOCL,0.12111577144204023
SOXL,0.2512180389337504
SOXS,48220275019435.75
SOXX,0.10795109480404116
SSG,27931647914084.395
TDIV,0.15341033460066347
TECL,0.19084932357509893
TECS,20227514881933.152
USD,0.18302562428323557
VGT,0.097600190313965
XLK,0.09141651396051607
XNTK,0.1008918743149759
XSD,0.1499910767142543
XSW,0.1083197806199273
XT,0.00016731214753625912
