Name,Riskiness R
BIL,6.433686312103148e-05
DFVL,0.000183994015713075
DFVS,321263005113.27563
DLBL,0.0001959367247822403
DLBS,738928102484.8224
DTUL,0.00017561426379270574
DTUS,0.00025499661056161424
DTYL,1026157251349.6122
DTYS,2.202615273058618
EDV,1856060466966.728
FLAT,0.00022476510266864104
GOVT,1931010055140.497
IEF,0.0007917540623158829
IEI,2536193219880.356
ITE,1386422284019.4307
PLW,0.0002776695772228968
PST,0.0010828933274305331
RISE,5383381794671.074
SCHO,2.1189580329251244e-05
SCHR,2920465263705.0596
SHV,6.741967295196906e-05
SHY,1.9702147231606358e-05
SPTL,1895931384725.9822
SPTS,1191865298783.3796
STPP,0.0001663463496748195
TAPR,643346979215.7013
TBF,0.00033566247617817846
TBT,7503653961731.355
TBX,2702493612697.919
TLH,0.0003385650092725037
TLT,1645041392676.5645
TMF,5439913796264.238
TMV,3687925394916.095
TTT,3182397756149.425
TUZ,2272944631062.052
TYBS,0.00035449057641726657
TYD,1926809174206.8518
TYNS,0.00027620022642244654
TYO,0.00022078559318678009
UBT,456687804833.75397
UST,0.00017989629580503663
VGIT,1520639088120.8782
VGLT,0.0001687736549817321
VGSH,1.8517745335165388e-05
ZROZ,757795218627.0817
