Name,Riskiness R
KBWY,0.00017003935244256767
PSR,0.00017888087886997592
VNQI,0.00018399560744253798
SRET,0.00018484165709000612
REZ,0.00018631420428822965
