Name,Riskiness R
GQRE,[0.12514249]
REZ,[0.12889575]
REM,[0.13144218]
IYR,[0.13339001]
PSR,[0.13448272]
