Name,Riskiness R
CIL,[1.06347242]
GOEX,[1.7209348]
SILJ,[136.69126786]
ACIM,[2.78496268e+11]
QWLD,[4.31871534e+11]
