Name,Riskiness R
DGL,[7.21339628e+11]
IAU,[7.45652489e+11]
GLD,[8.16286284e+11]
OUNZ,[8.26156926e+11]
UGL,[1.29460644e+12]
