Name,Riskiness R
BJK,[3.64664922e+12]
CARZ,[1.08386248e+12]
CHIQ,[1.61544252e+13]
FDIS,[0.58877327]
FXD,[2.37351846e+12]
INCO,[0.48595843]
IYC,[0.54480913]
PBS,[1.0802993e+12]
PEJ,[1.95597105e+11]
PEZ,[2.61176075e+12]
PMR,[1.16882135e+12]
PSCD,[1.07818856e+12]
RCD,[3.94934409e+11]
RETL,[0.40574112]
RTH,[0.30624284]
RXI,[4.51292775e+11]
SCC,[1.93271121e+13]
UCC,[0.27721174]
VCR,[0.60525499]
XLY,[0.35743231]
XRT,[3.67578282e+12]
