Name,Riskiness R
UCC,[0.27721174]
RTH,[0.30624284]
XLY,[0.35743231]
RETL,[0.40574112]
INCO,[0.48595843]
