Name,Riskiness R
SHYG,[0.01582122]
PGHY,[0.01700933]
SJNK,[0.01706277]
RIGS,[0.01962577]
HYS,[0.01965455]
