Name,Riskiness R
JPMV,[0.05495025]
DFJ,[0.05669535]
SCJ,[0.05670481]
ENZL,[0.05747594]
FNDC,[0.05805645]
