Name,Riskiness R
AGF,963698271796.0135
AGQ,994024443160.2651
BCM,0.00023030842018123578
BDD,0.007717068664529944
BNO,0.9090083778577683
BOIL,188.15663586299834
BOM,0.020581745216784048
BOS,0.005986723367142706
CANE,2880880752503.523
CORN,5642209569457.203
CPER,0.00018434217904742694
DAG,7287220835613.594
DBA,0.00021202569223158056
DBB,0.00021015744161788353
DBC,0.00018736246915359127
DBE,2.181984050999622
DBO,943028244885.1946
DBP,0.00017934861139438644
DBS,1155497530569.9697
DDP,340371394715.5422
DGAZ,0.0037138141022462256
DGL,0.0001733118366664595
DGLD,18647161934281.69
DGP,739434419199.0525
DGZ,0.0001785353757965786
DJCI,0.00024311774246751233
DJP,0.00022296718996834856
DSLV,0.01761908326171423
DTO,16575299047605.582
DYY,0.01011896194183035
DZZ,4927988935642.523
FTGC,0.0004402421618765002
FUD,0.00018362483172158447
FUE,654453501777.5085
GCC,0.0005144265419817527
GLD,0.00018321940545114543
GLL,13318860914589.037
GLTR,0.00017405320760807656
GRU,0.00017076537593980736
GSC,1601854526190.8767
GSG,1517775260574.151
GSP,3118219995336.5537
IAU,0.00018445291841975901
KOLD,1.9713680746723858
LD,0.016938643396227325
NIB,20382850924731.887
OLEM,6514996527.392849
OLO,45159617467.57053
OUNZ,0.00018080639983367207
PALL,0.3358225561604485
PDBC,0.0001791307623757233
PPLT,0.00017646589201434577
RJA,0.00023960364601199527
RJI,0.0002134799857250111
RJN,187713875639.93854
RJZ,0.0001937917198175675
SCO,14598159483670.422
SGOL,0.00018235798610584088
SIVR,1253155668877.024
SLV,2852842707112.35
SOYB,0.00018410738414030106
SZO,2341581965305.343
TAGS,0.00020422609791478596
UAG,1205930834840.1692
UBG,3461529940557.926
UCI,0.00020181389887312417
UCIB,328490749596.91113
UCO,55930823999.05
UGA,358482310280.6322
UGAZ,0.003424328711419213
UGL,1584744805508.8193
UGLD,857801133020.5222
UNG,16122044363897.826
UNL,1091046629914.6238
USCI,0.00023535059494015094
USL,3.8316332310452945
USLV,1362.1306778805917
USO,518323354055.66296
USV,687923046161.596
WEAT,7320261028007.439
ZSL,12942774662219.012
