Name,Riskiness R
KCNY,[0.24210476]
NFLT,[58.52876741]
FWDB,[5.45979517e+11]
RAVI,[6.99986873e+11]
LDUR,[7.49518701e+11]
