Name,Riskiness R
AIA,[0.11734411]
CXSE,[0.1191991]
EMQQ,[0.14046779]
CQQQ,[0.14577996]
KWEB,[0.15346206]
