Name,Riskiness R
ACWI,0.0001704425154014451
ACWV,0.00026494153140892406
ACWX,2716303082477.788
CGW,0.0001999105412321406
CWI,0.00016661214191429353
DBEF,809315483986.0193
DIM,0.00017777533961486512
DLS,0.00018431264394697317
DOL,0.00016611993963795967
DTH,0.0001663647763642793
DWM,0.00017009828164643158
DWX,4571017989845.655
EFA,0.0001703985936846905
EFAV,0.00023397801304222724
EFG,0.00017249310837003117
EFV,11350074942723.262
EWS,2055163151870.3967
EZU,820783450840.5571
FDT,4316608726903.8633
FGD,0.00017836707304100792
FNDC,0.00017627052970601036
FNDF,2351786738175.923
GDX,105448382069.32724
GDXJ,1.427567592762879
GII,0.00019854139319878651
GNR,3629522854536.4688
GUNR,25267534460412.438
GWX,1102952517851.7002
HEFA,379639781972.5796
IDLV,0.00019714355126671456
IDOG,3652963297689.1094
IDV,3720075669038.8496
IEFA,0.00017126012393373828
IGF,0.0002467496467413094
IHDG,1972829461679.6514
IOO,589859884069.0251
IQDF,0.00017346585713612893
IXC,11146020452223.271
IXG,1082932661964.6047
IXJ,0.00020125568288268994
IXP,3889347313442.509
IXUS,7123327269781.339
JNUG,0.002050907761469348
JXI,0.0002213349189903066
KXI,0.0002026766998155199
LIT,3299090420754.2607
MOO,0.0001797537164827927
MXI,1523064482206.7737
NFRA,0.00022688063412421245
NUGT,0.002614613335392365
PDN,0.00017944106185883199
PICK,2140455546584.5417
PID,1368917231229.5105
PPH,0.0001744656639335168
PSP,947011398488.498
PXF,3708693940577.1816
ROBO,652561974450.104
RXI,0.00016650269764277969
SCHC,0.0001831044318670907
SCHF,0.00016948617667025126
SCZ,0.00018040598490751694
SDIV,0.0002148134616973569
SIL,4.278881481575128
SMH,0.17906870595142582
SPDW,0.00016874383984368627
TAN,9092260467059.855
TLTD,0.00017371829352769502
URA,4122034140511.6426
URTH,441296341363.8672
VEA,0.0001678996170484833
VEU,665522348066.262
VSS,0.00016751637595760862
VT,0.00016994315028386045
VXUS,0.00016686569577386705
WDIV,0.00019351289629109181
WOOD,183327061614.2975
