Name,Riskiness R
SMH,[0.17906871]
GDXJ,[1.42756759]
SIL,[4.27888148]
JNUG,[9.78655318]
NUGT,[38.45195688]
