Name,Riskiness R
PZA,[0.04482156]
RVNU,[0.08059097]
MLN,[0.11067574]
TFI,[0.1175891]
ITM,[0.12157983]
