Name,Riskiness R
IHI,[0.09893364]
XHE,[0.12719319]
PSCH,[0.19602182]
IHF,[0.31613542]
RXL,[0.42128948]
