Name,Riskiness R
IHI,[0.04870739]
XHE,[0.06890879]
IHF,[0.08184643]
RYH,[0.08308336]
PSCH,[0.09119405]
