Name,Riskiness R
VGSH,1.8517745335165388e-05
SHY,1.9702147232296835e-05
SCHO,2.1204188114769844e-05
SHV,0.0001401257458060995
BIL,0.0001566153364145896
