Name,Riskiness R
DLBL,[2.98970787e+11]
TMF,[4.23153701e+11]
DTYS,[4.38478715e+11]
TLH,[5.22784019e+11]
EDV,[5.68925541e+11]
