Name,Riskiness R
KCNY,[0.24634177]
NFLT,[58.19693331]
ILTB,[3.72983159e+11]
MINT,[5.76177764e+11]
FTSD,[7.60760474e+11]
