Name,Riskiness R
RYF,[0.11661999]
XLF,[0.12218886]
PSCF,[0.18533526]
VFH,[0.18950249]
IAI,[0.19660714]
