Name,Riskiness R
DFJ,[1.39583976e+11]
EWH,[2.33634481e+11]
DXJS,[2.64804358e+11]
ENZL,[2.97097026e+11]
FAUS,[3.8049676e+11]
