Name,Riskiness R
CROP,[0.12017812]
PKB,[0.13850457]
ITB,[0.14872662]
XHB,[0.16914409]
CUT,[0.20580548]
