Name,Riskiness R
INDA,0.00017001542606068438
AXJV,0.0034034213042037605
YANG,0.0105119754512867
YINN,0.018696692074075205
SMIN,0.44879379952685133
