Name,Riskiness R
HYS,[0.70902527]
HYLS,[3.06604677]
PGHY,[2768.09252087]
SHYG,[604734.59074631]
UJB,[6.17760171e+10]
