Name,Riskiness R
CBND,[2.86370821e+12]
CORP,[2.66820886e+10]
GSY,[2.39295813e+12]
ICSH,[1.90988799e+12]
IGHG,[4.06390131e+12]
IGIB,[1.5511515e+12]
IGSB,[1.8252363e+12]
LQD,[37432314.05093797]
PFIG,[1.3430309e+12]
QLTA,[1.94390558e+12]
SLQD,[2.65163841e+12]
SPIB,[1.35977604e+12]
SPLB,[7.25362098e+11]
USIG,[2.55003258e+12]
VCIT,[2.50687411e+12]
VCLT,[5.88093548e+11]
VCSH,[3.00225543e+12]
