Name,Riskiness R
GSY,[0.00217351]
IGSB,[0.00652687]
VCSH,[0.01345048]
SLQD,[0.01561614]
ICSH,[0.01860278]
