Name,Riskiness R
ILTB,[5.13536338e+11]
XMPT,[6.11821033e+11]
FBND,[7.25193009e+11]
BIV,[7.78057656e+11]
FWDB,[1.06062287e+12]
