Name,Riskiness R
PSL,[0.09085668]
PSCC,[0.09734956]
WBIL,[0.10148656]
RHS,[0.14680972]
IYK,[0.16997341]
