Name,Riskiness R
PGHY,[0.01823434]
RIGS,[0.03008093]
SHYG,[0.03488956]
ANGL,[0.03619472]
HYS,[0.036353]
