Name,Riskiness R
MINT,[0.00146711]
NEAR,[0.00265049]
RAVI,[0.00540963]
ULST,[0.00643483]
ISTB,[0.00823464]
