Name,Riskiness R
ENZL,[0.18758283]
AUSE,[0.32670101]
EWT,[0.33617413]
EWA,[0.37345425]
DFJ,[0.41371136]
