Name,Riskiness R
PPA,[0.05556991]
ITA,[0.05909013]
FIW,[0.06978125]
XAR,[0.07305206]
XLI,[0.07637741]
