Name,Riskiness R
ZIV,[0.3045943]
SVXY,[0.54198469]
XVZ,[7.33708928e+11]
VIXY,[3.16961777e+12]
VIIX,[3.35980266e+12]
