Name,Riskiness R
AGF,2111575500530.6191
AGQ,3145983790206.781
BCM,0.00023030842015484237
BDD,0.007717068664526655
BNO,8955060435395.162
BOIL,325.43438626972056
BOM,0.011787288121116813
BOS,0.005986723367133037
CANE,3662566010300.679
CORN,1139468451471.0793
CPER,2096454547545.2832
DAG,8221717218662.402
DBA,0.0002120256922897571
DBB,0.00023803496143992375
DBC,0.00017824353393518477
DBE,6229580448165.656
DBO,23062556990097.64
DBP,0.00017934861139438644
DBS,1324885628802.3098
DDP,1.0231874894200261
DGAZ,0.003713814505326177
DGL,0.0001733118366664595
DGLD,4844131461207.488
DGP,2016238854380.2449
DGZ,0.0001785353757965786
DJCI,0.0002514014317014817
DJP,0.0002229691071365004
DSLV,0.01765092313117615
DTO,0.3343186908163628
DYY,2.849671743059327
DZZ,2611591689857.3677
FTGC,0.00027280046430323964
FUD,2206799710709.9233
FUE,0.012221464490826148
GCC,0.00038491048215898366
GLD,0.00018321940545114543
GLL,2997833515758.649
GLTR,0.00017405320760807656
GRU,2000809198335.8186
GSC,32250542871018.973
GSG,13233083907570.844
GSP,24591889497124.7
IAU,0.00018445291841975901
KOLD,0.7043072996431022
LD,0.0026632736859301827
NIB,2712649239805.9844
OLEM,26174436499751.56
OLO,5370460211010.296
OUNZ,0.00018080639983367207
PALL,2269878613421.9272
PPLT,3010696722107.075
RJA,0.00023960364601256583
RJI,0.00021348024838398297
RJN,6068569057897.047
RJZ,0.00022255611782743797
SCO,0.4652749116467845
SGOL,0.00018235798610584088
SIVR,1261932638997.161
SLV,1620844788770.755
SOYB,0.00018429197413006592
SZO,0.24566363163710792
TAGS,7295869927789.102
UAG,590858.072709078
UBG,4374226543971.6514
UCI,4297189409444.6367
UCO,184483645673.56757
UGA,22477565008604.504
UGAZ,0.0034243332892432885
UGL,1903032215353.9048
UGLD,1201450567950.1294
UNG,21440177277898.02
UNL,2080700047012.253
USCI,0.00027371516210020284
USL,15613394833478.006
USLV,3011.2924437094225
USO,18466606880898.76
USV,1572487395659.1086
WEAT,2094835407039.316
ZSL,4404478438979.852
