Name,Riskiness R
ARKK,0.19276129715530735
ARKW,0.11211873327736387
CQQQ,0.28093849150909944
EMQQ,0.2891868393146023
FDN,0.17204780188678137
FTEC,0.1631628626378963
FXL,0.32479275209020475
HACK,1708569141394.6184
IEUS,0.7411071799279749
IGM,0.14051247747902873
IGN,62878159296.840485
IGV,0.1506038075136777
ISRA,2995504116192.7227
IXN,0.14639920790963304
IYW,0.18933279766192934
KWEB,0.27995113342906897
PNQI,0.21478078755601254
PSCT,0.2985259021354693
PSI,0.16896683734566592
PSJ,0.00016805567422121886
PTF,3.2638289715271296
PXQ,3.9431858980070578
QQQ,0.24046811962434578
QTEC,0.147593527272591
REW,7699119724671.838
ROBO,0.16458678457130296
ROM,0.22363851704005355
RYT,0.15047003658083286
SKYY,0.00016603806118389576
SMH,0.15780782924975917
SOCL,0.18374272728332017
SOXL,0.33920800461701156
SOXS,11863223056691.62
SOXX,0.17116211778850757
SSG,10295596534458.39
TDIV,0.0001728801618209353
TECL,0.2412100190755475
TECS,17138064482409.225
USD,0.26269057604923113
VGT,0.16725160954594892
XLK,0.1503844050149146
XNTK,0.13999559908537573
XSD,0.2806890279248788
XSW,0.323307639226171
