Name,Riskiness R
DXJS,[0.42323839]
DFJ,[0.7541586]
JPNL,[3.08330475]
DXJ,[5.2092989]
SCJ,[81.3994426]
