Name,Riskiness R
ACWI,0.17655504484751094
ACWV,0.0002703306514525025
ACWX,1688978654200.397
CGW,0.00017989902354417845
CWI,1487580165425.8892
DBEF,0.22885949673614778
DIM,0.6337232478340407
DOL,2925624891203.8457
DTH,2856860768490.9697
DWM,1592457743776.097
DWX,6337650207114.943
EFA,3167785742440.548
EFG,1454173176159.162
EFV,7832700294904.646
EWS,5449887937195.619
EZU,2963147297305.051
FDT,0.00017754310493919782
FGD,23919741679539.01
FNDC,0.00020408731236273226
FNDF,7103566861392.885
GDXJ,0.1430706852276247
GII,0.00017120967554770132
GNR,3177332975096.4956
GUNR,3142315686491.158
GWX,1.5855170907698726
HEFA,0.0001673883887576344
IDLV,0.00018778445180460063
IDOG,0.00016634900944285312
IDV,4733064959244.698
IEFA,1134275543836.6338
IGF,0.00018482409437774246
IOO,0.22954865825484544
IQDF,5527222459505.959
IXC,14868235706806.904
IXG,0.2856578723823644
IXJ,0.16608891724685787
IXP,1.0213354570621336
IXUS,2986583893686.449
JNUG,0.0017009350990362941
JXI,2274084859113.728
KXI,0.00017051474032862704
LIT,1.199246016626245
MXI,369409074337.081
NUGT,1.7245995078379708
PDN,0.00021710382780753399
PICK,11851287328599.979
PID,2808552372697.984
PPH,2975928626779.538
PSP,0.4733497802981901
PXF,3754864688239.286
ROBO,0.2279045640889984
RXI,0.0001716475180266616
SCHC,0.00017388840586309273
SCHF,0.00017197047030074845
SCZ,0.00018250816545498197
SDIV,5.070100237593888
SMH,0.09380586448631303
SPDW,7540026552517.561
TAN,25767544970615.492
URA,0.002050261177019798
URTH,0.00016853097229103088
VEA,998489450175.135
VEU,742569216407.1597
VSS,0.0001664679077518434
VT,0.00016675256411786835
WDIV,0.00017503128516646263
WOOD,0.3220223432386439
