Name,Riskiness R
ERUS,[0.26749848]
FCOM,[0.14180648]
FONE,[0.10349501]
IXP,[0.43008683]
IYZ,[0.82089197]
LTL,[2.99534305]
VOX,[0.27045609]
WBIF,[0.0992313]
XTL,[0.15400765]
