Name,Riskiness R
BSCJ,[0.00804275]
IBCD,[0.00918408]
IBDC,[0.01009453]
BSCK,[0.01273268]
BSCL,[0.01577218]
