Name,Riskiness R
ILTB,[5.77023234e+11]
HOLD,[7.3257436e+11]
FTSD,[8.05918356e+11]
BYLD,[8.12163051e+11]
NEAR,[9.91386635e+11]
