Name,Riskiness R
EMIF,[0.65905317]
FUTY,[0.0570381]
FXU,[0.07054938]
GHII,[0.09934504]
GII,[0.07837569]
IDU,[0.0654798]
IGF,[0.08684347]
INXX,[0.16942993]
JXI,[0.08790536]
PSCU,[0.06875096]
PUI,[0.06568936]
PXR,[0.21230361]
RYU,[0.06285579]
SDP,[5.34752116e+12]
TOLZ,[0.09393013]
UPW,[0.13659253]
UTES,[0.05637723]
VPU,[0.05720023]
WBIC,[0.12581894]
XLU,[0.06349811]
