Name,Riskiness R
CQQQ,147646140753.752
FDN,0.7921220761174345
FTEC,0.42319996560148193
FXL,114042657977.17047
IEUS,2641022643817.009
IGM,0.3802131637471198
IGN,382895341096.8528
IGV,0.5565338549607062
ISRA,0.00017952583945826138
IXN,0.48514111175674124
IYW,0.46614393175378227
KWEB,2.5142131044307217
PNQI,2.087765555661401
PSCT,0.48302699769695473
PSI,0.19726412511082536
PSJ,0.00016805567422121886
PTF,2231874588707.166
PXQ,421019685826.3013
QQQ,0.46608023287015465
QTEC,0.2890563236584253
REW,13425283944284.145
ROBO,6366861352435.984
ROM,0.36073063634912417
RYT,0.40164880220935484
SKYY,0.00016603806118389576
SMH,0.20186392291307698
SOCL,589875980242.5095
SOXL,0.02261211999193318
SOXS,26032462469517.8
SOXX,0.26582710138485577
SSG,9832996305196.928
TDIV,0.0001728801618209353
TECL,0.3624580094712485
TECS,5788734782612.367
USD,0.3123069773501463
VGT,0.4344175227876535
XLK,0.3553742695428301
XNTK,0.6454854680648018
XSD,0.23818829617500817
XSW,319410190538.5171
