Name,Riskiness R
RHS,[0.05522101]
XLP,[0.06110093]
VDC,[0.06158049]
FSTA,[0.0619417]
PSL,[0.06914857]
