Name,Riskiness R
AIRR,[0.12616316]
CGW,[0.07047166]
CHII,[0.89024441]
EXI,[0.06821421]
FIDU,[0.0659763]
FIW,[0.06623626]
FXR,[0.10229378]
IEV,[0.17088559]
ITA,[0.05852073]
IYJ,[0.06127654]
IYT,[0.12449613]
PHO,[0.13078915]
PIO,[0.14057718]
PPA,[0.05460693]
PSCI,[0.11801311]
RGI,[0.0710336]
SEA,[8.97558405e+11]
SIJ,[1.22837449e+13]
UXI,[0.12812292]
VIS,[0.07083211]
XAR,[0.07888433]
XLI,[0.06001107]
XTN,[0.15000309]
_PRN,[0.08765501]
