Name,Riskiness R
SUB,1.7538023187996516e-05
MEAR,1.7892381763445113e-05
PVI,2.6168149813549266e-05
SHYD,0.0008655372903519573
RVNU,0.0011587027080744593
