Name,Riskiness R
SHY,1.807515083309732e-05
VGSH,1.851774533563378e-05
SCHO,1.8529620596019027e-05
SHV,0.00013899424363924266
BIL,0.00015847875772204118
