Name,Riskiness R
SZO,[0.31507511]
DTO,[0.46296931]
KOLD,[0.62022173]
SCO,[0.70472151]
DDP,[0.71595589]
