Name,Riskiness R
SZO,0.2581606970622697
DTO,0.37269929553756675
SCO,0.5310506715044819
UCO,171805477155.80475
USO,3433177993356.4116
