Name,Riskiness R
FPE,[0.02107545]
PGF,[0.03717175]
PGX,[0.03750041]
PFF,[0.04167612]
PFXF,[0.04614406]
