Name,Riskiness R
ERUS,2906799662319.762
FCOM,0.00023217455411605323
FONE,50883665773.51979
IXP,0.00022691849828411308
IYZ,0.00017940081008841564
LTL,1.8068296457424857
VOX,0.00021903494043415037
XTL,2.913779457515148
