Name,Riskiness R
BIL,0.00016164915873865152
DFVL,0.00016703224788419132
DFVS,1965682541811.4424
DLBL,624622374174.5806
DLBS,5637891330778.971
DTUL,0.0003138557505053594
DTUS,0.11422360972796734
DTYL,863027223744.4885
DTYS,1704686770811.7646
EDV,283410839410.2152
FLAT,0.01907100728096891
GOVT,2428403502497.161
IEF,0.0007918014999210569
IEI,2917992692650.738
ITE,4227427600193.605
PLW,0.0002776695772228968
PST,0.0003728140808568158
SCHO,1.8529620596019027e-05
SCHR,1838683361396.0127
SHV,0.00013887354673931712
SHY,1.807515083309732e-05
SPTL,776255644659.4116
SPTS,0.00019137279780744764
STPP,0.0002511800964815061
TAPR,2919948065125.9756
TBF,0.0002761122847082264
TBT,2245216664682.2983
TBX,5675622288301.285
TLH,0.00033856500927250457
TLT,944124348459.9971
TMF,2.6272028256689186
TMV,10114486690840.889
TTT,7305212040420.017
TUZ,2538282748193.219
TYBS,0.0003544905839284444
TYD,488724383834.63806
TYNS,0.00027620022642244654
TYO,0.0002207866012567697
UBT,410974790048.8259
UST,0.00017989629580503663
VGIT,1993454241177.9321
VGLT,0.0001687736549817321
VGSH,1.851774533563378e-05
ZROZ,785031553907.85
