Name,Riskiness R
TMF,[2.62720283]
UBT,[2.13772435e+11]
DLBL,[3.11240955e+11]
TLT,[3.86759575e+11]
DTYL,[5.99613967e+11]
