Name,Riskiness R
EMQQ,[0.13026543]
FEMS,[0.15463407]
DGS,[0.15591357]
XSOE,[0.17126901]
FEM,[0.17200653]
