Name,Riskiness R
SZO,0.2283772672868465
DTO,0.3375415519816558
SCO,0.47337021930158746
UCO,184004296618.95905
USL,4032256499093.368
