Name,Riskiness R
ARKG,563552823541.6263
BBH,1547530531090.7402
BIB,192354.47128083062
BIS,365.6313815072812
CURE,0.9067052433871933
FBT,896830997919.9744
FHLC,0.0001709392906900413
FXH,1387104945611.103
IBB,1086481915084.9845
IHE,669082685575.2914
IHF,0.00019821152863802317
IHI,0.00019100806967515524
IXJ,0.00020125568288268994
IYH,483941229949.01215
PBE,2671863146670.7925
PJP,1021227907745.6102
PPH,0.0001744656639335168
PSCH,0.30994759936726163
PTH,210720140513.57465
RXD,2844119444038.3677
RXL,0.9786543524119476
RYH,0.00017911209123699017
VHT,372003358772.0576
XBI,0.8689232954427831
XHE,0.00017169258956896167
XHS,1302613205246.941
XLV,0.00019128741560055863
XPH,3084232218674.2295
