Name,Riskiness R
IHI,[0.14294622]
XHE,[0.17690728]
PSCH,[0.3099476]
XBI,[0.8689233]
CURE,[0.90670524]
