Name,Riskiness R
BZF,0.00020578254461896676
CEW,0.0004540180940173468
CNY,1542970900671.4565
CROC,0.00017980988175587568
CYB,0.012663781600758735
DBV,2384981952606.4346
DRR,2116565272820.8398
EUFX,366.1915161134484
EUO,0.00021597304499458743
FXA,0.0005558648188805124
FXB,0.00020949001757439826
FXC,0.000803179978692457
FXCH,0.00023987093372549557
FXE,0.0022205542109734033
FXF,20.51401457326358
FXS,0.0004918094671628031
FXSG,251377.1613103709
FXY,0.00022117285157717488
INR,2314578046974.8833
UDN,138.71856018026415
ULE,0.00018986195009956607
URR,3512203203942.6396
USDU,1465807196.1416206
UUP,21223010.67219515
YCL,4920300230868.799
YCS,2464169674818.8564
