Name,Riskiness R
DXJS,[0.36088071]
DXJ,[1.06229924]
DFJ,[1.07080955]
DBJP,[1.15340934]
HEWJ,[1.49476586]
