Name,Riskiness R
ACWI,0.0001704424973075376
ACWV,0.00024551471778764975
ACWX,336487696702.77106
CGW,0.00017444834561049276
CRBN,0.00016788157729159898
CWI,0.00016661214189046483
DBEF,0.00016640854351043395
DIM,0.00018200170975636617
DLS,0.0001843266786716893
DOL,0.00016611993963795967
DTH,0.0001663647763642793
DWM,0.00017009828164643158
DWX,170799066626.13763
EFA,0.00017059463680327324
EFAV,0.00024686185212121617
EFG,0.00017467115868311832
EFV,1357770075600.3975
EWS,402466607727.3425
EZU,383036223961.161
FDT,0.00017739121536543742
FGD,0.00017836707304100792
FNDC,0.00017627052970532392
FNDF,227696849163.281
GDX,0.7937934531771883
GDXJ,0.6410101174086142
GII,0.00019854139319878651
GNR,0.23759162449806762
GSIE,0.00018470199658049343
GUNR,0.2851625872620265
GWX,0.00018397310896504723
HDEF,1154746778125.9238
HEFA,0.00018086899516991207
HEZU,0.0001692843917437856
HFXI,0.00020481495763594366
IDLV,0.00019714355126671326
IDOG,395677360209.2438
IDV,76413468524.39471
IEFA,0.0001712601011797219
IGF,0.00024395807145020278
IHDG,0.0001795010353263153
INTF,0.00017986630682523854
IOO,0.3097516199467585
IQDF,0.00017346565843233815
IQLT,0.00016713327393840842
IVLU,0.00020147807001946687
IXC,9.150343120236117
IXG,1.4618376838089433
IXJ,0.00018506470232410502
IXP,0.00020118506767235006
IXUS,196674101739.59738
JNUG,0.0024067337245112547
JPGE,0.00021750161427248907
JPIN,0.0001967721656188141
JXI,0.0002324606660071294
KXI,0.00020480975317377833
LIT,0.23578121129947013
MOO,0.0001840133109797849
MXI,0.29289829014753244
NFRA,0.0002056422096194178
NUGT,0.0026141499540090233
PDN,0.00017944106185883199
PICK,0.30163756200190656
PID,152015512931.04013
PPH,0.000177663282773917
PSP,0.5166643513413507
PXF,261278899103.80838
QEFA,0.00020591009937766017
ROBO,0.13387845272183288
RODM,0.00020726656381702367
RXI,0.00016650269764277969
SCHC,0.0001897463181775693
SCHF,0.00017051744664341577
SCZ,0.00018955686899878863
SDIV,0.00019690195071433514
SIL,1.0480266248784251
SMH,0.11386848969929722
SPDW,0.00016868571785877152
TAN,1331062980033.6865
TLTD,0.00017371829352767805
URA,1258306881771.6987
URTH,0.49101607114883306
VEA,0.00017159247364624048
VEU,147120339820.88266
VSS,0.00018523028727153147
VT,0.0001699431502838561
VXUS,0.00016686569527938613
WDIV,0.00019351289629109181
WOOD,0.1617013025741151
XT,0.00016731214753625912
