Name,Riskiness R
SMH,[0.22022617]
LIT,[0.31572573]
DLS,[0.340282]
ROBO,[0.37474543]
SCZ,[0.54073446]
