Name,Riskiness R
AIA,[0.72941941]
XSOE,[1.64328737]
CHIQ,[1.97206011]
REMX,[26.20429966]
IEMG,[1.20022647e+11]
