Name,Riskiness R
AIA,[0.13833042]
IHDG,[0.14919779]
XSOE,[0.15815393]
FPXI,[0.16004357]
VEU,[0.16148628]
