Name,Riskiness R
EMQQ,[0.38628692]
FEMS,[0.47945967]
FNDE,[0.54327364]
XSOE,[0.70640669]
BICK,[0.72077207]
