Name,Riskiness R
DXJS,[0.31871303]
DFJ,[0.37996583]
SCJ,[0.75608189]
DBJP,[0.89094314]
DXJ,[0.98481196]
