Name,Riskiness R
SVXY,[0.92475637]
TVIX,[2.29116473e+13]
UVXY,[2.53826261e+13]
VIIX,[1.23941471e+13]
VIXM,[1.1339959e+13]
VIXY,[1.28542925e+13]
XVZ,[6.81504646e+12]
ZIV,[0.22254563]
