Name,Riskiness R
SZO,[0.17939737]
DTO,[0.29713823]
SCO,[0.40198249]
UCO,[6.65550022e+11]
OLO,[6.46182608e+12]
