Name,Riskiness R
FPE,[2.35966794e+12]
IPFF,[1.77184038e+13]
PFF,[7.87339937e+11]
PFXF,[2.37630242e+12]
PGF,[1.37273626e+12]
PGX,[1.4315078e+12]
PSK,[4.47135576e+11]
SPFF,[2.60859084e+12]
