Name,Riskiness R
ERUS,[6.61714324e+10]
FCOM,[0.13249232]
FONE,[0.17251375]
IXP,[0.560502]
IYZ,[0.24585236]
LTL,[0.46517619]
VOX,[0.15029439]
XTL,[0.14996386]
