Name,Riskiness R
LTL,[2.20320113]
FONE,[9.28814651e+10]
XTL,[2.7934885e+11]
VOX,[3.91965291e+11]
FCOM,[4.06144497e+11]
