Name,Riskiness R
EMIF,[0.76108589]
FUTY,[0.07433553]
FXU,[0.1130291]
GHII,[0.12580998]
GII,[0.10638352]
IDU,[0.08505209]
IGF,[0.11492231]
INXX,[0.26254567]
JXI,[0.11811613]
PSCU,[0.07637046]
PUI,[0.08759975]
PXR,[0.27261436]
RYU,[0.08571505]
SDP,[4.18604091e+12]
TOLZ,[0.13436366]
UPW,[0.18506436]
UTES,[0.06700738]
VPU,[0.07406184]
WBIC,[0.23782792]
XLU,[0.08367715]
