Name,Riskiness R
MEAR,[0.01189927]
FMB,[0.0139913]
SUB,[0.01697924]
PVI,[0.0208631]
MUB,[0.02114188]
