Name,Riskiness R
ANGL,[0.03992981]
CJNK,[0.03515917]
GHYG,[0.06718889]
HYG,[0.07953117]
HYGH,[0.145594]
HYHG,[0.48223542]
HYLD,[3.24774694e+11]
HYLS,[0.04561893]
HYND,[0.68735751]
HYS,[0.04619254]
HYZD,[0.08101329]
JNK,[0.09446762]
PGHY,[0.02154895]
PHB,[0.04656528]
RIGS,[0.02629706]
SHYG,[0.03985935]
SJB,[1.30481698e+12]
SJNK,[0.04632323]
UJB,[0.33985796]
WBII,[0.03559157]
