Name,Riskiness R
ALTS,[4.53839387e+12]
BTAL,[2.21793076]
CHEP,[2.42107814e+12]
CPI,[9.86168512e+11]
DIVA,[0.08114334]
FLAG,[0.0827653]
FTLS,[0.0740026]
HDG,[7.57076187e+11]
HTUS,[0.07967049]
MCRO,[3.56095889e+12]
MNA,[0.02377137]
MOM,[5.78016417e+12]
MRGR,[3.86167386e+11]
QAI,[1.07794033e+12]
QED,[0.05517744]
QLS,[0.11038468]
RALS,[3.42510633e+12]
RLY,[0.25857124]
SIZ,[1.55509768e+13]
VAMO,[2.90762562e+13]
WTMF,[0.06676539]
