Name,Riskiness R
IHI,[0.04919223]
XHE,[0.06359559]
PSCH,[0.06622062]
IHF,[0.06951315]
JHMH,[0.08870426]
