Name,Riskiness R
IHI,[0.09539735]
PSCH,[0.11291759]
XHE,[0.11316091]
IHF,[0.20295534]
PTH,[0.33783254]
