Name,Riskiness R
GHII,[0.1751709]
PSCU,[0.26617521]
UPW,[0.33562576]
PXR,[0.3853852]
PUI,[0.44397506]
