Name,Riskiness R
SZO,[0.17650815]
DDP,[0.26722077]
DTO,[0.28554754]
SCO,[0.37088137]
KOLD,[0.42894291]
