Name,Riskiness R
IHI,[0.10704632]
XHE,[0.14378317]
PSCH,[0.21255682]
XBI,[0.51833911]
RXL,[0.53175391]
