Name,Riskiness R
KOL,[0.19226585]
CRAK,[0.34859443]
GUSH,[2.16948038]
ERX,[150149.46504883]
DRIP,[78107594.75232938]
