Name,Riskiness R
FONE,[0.20613549]
IFV,[0.26440398]
DBAW,[0.4088834]
AADR,[0.41890198]
FPA,[0.48575141]
