Name,Riskiness R
FXSG,[308975.16048568]
DRR,[3.16434302e+11]
CROC,[5.00047233e+11]
INR,[7.51157704e+11]
EUO,[8.48149232e+11]
