Name,Riskiness R
FPE,[8.86067379e+11]
IPFF,[1.90028465e+13]
PFF,[3.56777979e+12]
PFXF,[2.24786015e+12]
PGF,[9.461984e+11]
PGX,[3.53468191e+11]
PSK,[4.54407179e+11]
SPFF,[3.08132722e+12]
