Name,Riskiness R
PGX,[3.53468191e+11]
PSK,[4.54407179e+11]
FPE,[8.86067379e+11]
PGF,[9.461984e+11]
PFXF,[2.24786015e+12]
