Name,Riskiness R
IHI,[0.05612435]
XHE,[0.07738983]
RYH,[0.09576588]
IHF,[0.10732903]
PSCH,[0.108014]
