Name,Riskiness R
SZO,[0.17849773]
DDP,[0.19683535]
DTO,[0.298791]
KOLD,[0.48995612]
SCO,[0.61592269]
