Name,Riskiness R
SOYB,0.0001716708657463971
GLTR,0.00017405320760807656
DBC,0.00017824353393518477
DGZ,0.0001785353757965786
DBP,0.00018777522536143304
