Name,Riskiness R
EMLP,[0.29599796]
GRID,[0.45810089]
FAN,[0.54810207]
PZD,[0.73529975]
ATMP,[1.64738878]
