Name,Riskiness R
CARZ,[4.69434403]
CROP,[0.09418845]
DPK,[1.49189099e+11]
DZK,[1.64814305e+12]
EFO,[5.10619951]
EFU,[2.78665936e+11]
FDTS,[0.73489342]
FLM,[0.59965579]
FTAG,[2.34073042e+13]
FTRI,[1.07789675e+13]
HGI,[5.10729425e+11]
IDMO,[1.32673694e+12]
IPO,[0.32284679]
PAGG,[1.18037915e+12]
PEX,[0.20415303]
SOIL,[5.17053576e+11]
