Name,Riskiness R
DBO,[6.8257806e+11]
DTO,[2.47077594e+12]
OLEM,[8.88319002e+11]
OLO,[1.15642096e+12]
SCO,[99004.90027793]
SZO,[1.8500502e+12]
UCO,[1.45225442e+12]
USL,[3.60471898e+11]
USO,[2.46037196e+12]
