Name,Riskiness R
DFJ,[0.14930527]
DBKO,[0.15842238]
SCJ,[0.16481789]
EWY,[0.17735084]
ENZL,[0.18779882]
