Name,Riskiness R
IHI,[0.12373927]
XHE,[0.181511]
PSCH,[0.19731819]
CURE,[1.02051168]
RXL,[1.1807784]
