Name,Riskiness R
ECON,[0.55459881]
EMCG,[0.49324214]
FSTA,[0.07820255]
FXG,[0.14563658]
IYK,[0.07802631]
KXI,[0.09437437]
PBJ,[0.18944826]
PSCC,[0.0774579]
PSL,[0.08498268]
RHS,[0.06807672]
SZK,[5.05910762e+11]
UGE,[0.15103442]
VDC,[0.07996412]
WBID,[1.43485143]
WBIE,[0.92666955]
WBIL,[0.08961033]
XLP,[0.07689516]
