Name,Riskiness R
AAXJ,0.9486453453452117
ACWX,329877831331.639
ADRA,387419037755.16925
AIA,0.3142400235933132
AXJL,341513842544.5646
AXJV,0.0034034213042037605
CHIQ,0.00017220164321270117
CWI,0.00016661214189046483
DBAP,41793804736.3714
DNL,3.530213825606435
EEMA,0.6796283351933639
EMCG,823096575799.8896
FPA,0.00017416505306676994
FPXI,0.00016707484948093857
GEM,33895765200.706345
HEEM,0.00020461063787417485
IEMG,1.7651682236913144
IHDG,0.0001795010353263153
IPOS,152568292240.65195
IQDE,0.00020246205327244715
IQDY,633178082446.2332
MOTI,174572116125.93304
PAF,0.848842852641768
QEMM,0.00016668883807297532
REMX,0.6594417979718348
VEU,126666769176.59558
VXUS,0.00016686569527938613
XSOE,0.9360765345059165
