Name,Riskiness R
AIA,[0.31424002]
REMX,[0.6594418]
EEMA,[0.67962834]
PAF,[0.84884285]
XSOE,[0.93607653]
