Name,Riskiness R
IBCE,0.0009953912210118527
IBDD,0.001096356608017626
BSCO,0.004939373999259791
IBCD,238390426044.5691
BSCN,598891350471.2155
