Name,Riskiness R
IBDD,[1.49616419e+11]
IBCD,[2.41056085e+11]
IBCE,[4.57454758e+11]
BSCN,[5.82512377e+11]
IBDC,[1.36630716e+12]
