Name,Riskiness R
RHS,[0.06228476]
PSL,[0.06260114]
IYK,[0.06515089]
FSTA,[0.06899599]
VDC,[0.07049414]
