Name,Riskiness R
DGL,0.0001733118366664595
DGLD,882611764810.4475
DGP,5982682738384.848
DGZ,0.0001785353757965786
DZZ,685277949726.242
GLD,0.00018321940545114543
GLL,495554514989.9658
IAU,0.00018445291841975901
OUNZ,0.00018080639983367207
SGOL,0.00018235798610584088
UBG,3386436007244.7964
UGL,4956917414508.863
UGLD,2249102182044.613
