Name,Riskiness R
CHIQ,[0.38042652]
AIA,[0.39904653]
REMX,[2.24613334]
XSOE,[2.67548879]
EEMA,[5.82343402]
