Name,Riskiness R
CBND,[1.11767358e+12]
CORP,[2.78193186e+10]
GSY,[1.84877848e+12]
ICSH,[1.64089251e+12]
IGHG,[2.9497703e+12]
IGIB,[2.74219111e+12]
IGIH,[1.25545976e+12]
IGSB,[7.02152071e+11]
LDRI,[1.03543347e+12]
LQD,[1.68310758e+12]
LQDH,[4.77689312e+12]
PFIG,[2.74743131e+12]
QLTA,[6.11563789e+12]
SKOR,[2.83837474e+12]
SLQD,[1.96726071e+12]
SPIB,[2.94444972e+12]
SPLB,[1.25687818e+12]
USIG,[3.72183333e+12]
VCIT,[3.51199237e+12]
VCLT,[9.55892196e+11]
VCSH,[1.8741677e+12]
