Name,Riskiness R
BDCL,0.5671094319262578
BDCS,853033529404.0121
BDCZ,0.00017564272384081232
BIZD,3.8957831828943013
CHIX,253509947234.42978
DPST,0.5566526949264069
DXJF,3304952445704.6255
EUFN,1351468514843.7747
FAS,0.3156554538107556
FAZ,10498522330936.316
FINU,0.38569821338166005
FINZ,0.0788542502650452
FNCL,0.2778240900515461
FXO,0.00017896154027977044
IAI,0.24971122437693713
IAK,4.828196761531763
IAT,0.3427420193129222
IXG,110.85999259903444
IYF,0.3417729806367652
IYG,0.2779717040200766
JHMF,0.3211904792055069
KBE,0.49787099179199906
KBWB,0.3243589594957707
KBWD,1.156201391330084
KBWP,0.00019227393014477985
KBWR,0.6237154381835815
KCE,0.913111151296024
KIE,0.0001815620462889897
KRE,0.42893258781259647
LBDC,0.49501373389018166
LMLP,0.49405277418636284
PEX,3.7430579687225154
PFI,0.00016678556957637133
PHDG,0.0002201456957677504
PSCF,0.000176441440531003
PSP,0.46462275490845895
QABA,0.544882014903788
RWW,0.4266196701945244
RYF,0.1343844696387769
SEF,4583901886240.686
SKF,4365116177744.425
UYG,0.2752724668541829
VFH,0.2533930693861426
VQT,0.0002352338760396269
WDRW,1.3320674869949416
XLF,0.1441229319163469
