Name,Riskiness R
MNA,[0.02461986]
CPI,[0.03896438]
FTLS,[0.05687863]
HDG,[0.08526622]
FLAG,[0.12030937]
