Name,Riskiness R
SZO,[0.17945236]
DTO,[0.32647429]
SCO,[0.66354597]
USL,[2.0864871e+13]
DBO,[2.33047394e+13]
