Name,Riskiness R
ALTS,[0.29155063]
BTAL,[1.01076165e+12]
CHEP,[1.32626509e+11]
CPI,[0.02093059]
DIVA,[0.11372043]
DIVY,[0.02514801]
FLAG,[0.07684366]
FMF,[2.57169906e+11]
FTLS,[0.05266226]
HDG,[0.04201499]
HTUS,[0.08362859]
MCRO,[0.03347564]
MNA,[0.02762724]
MOM,[2.28640498e+11]
MRGR,[2.65626023e+11]
QAI,[0.04268586]
QED,[0.03085121]
QMN,[0.04647253]
RALS,[3.02731497e+11]
RLY,[0.07073816]
SIZ,[2.69947862e+12]
WTMF,[4.33864868e+11]
