Name,Riskiness R
ANGL,[0.04903941]
CJNK,[0.13540161]
GHYG,[0.10252073]
HYGH,[1.33820996e+13]
HYHG,[2.70086128]
HYIH,[0.42835351]
HYLD,[3.31522413e+13]
HYLS,[0.08615973]
HYND,[0.18963879]
HYS,[0.05680556]
HYZD,[1.33762058e+12]
JNK,[0.26081053]
PGHY,[0.01876334]
PHB,[0.0962574]
RIGS,[0.0661269]
SHYG,[0.05749833]
SJB,[1.85183887e+13]
SJNK,[0.09804608]
UJB,[0.47427292]
WBII,[5.61388722e+12]
