Name,Riskiness R
SZO,[0.29072603]
DTO,[0.43624035]
SCO,[0.65010096]
UCO,[1.62765404e+11]
USL,[3.92575333e+12]
