Name,Riskiness R
TAO,[0.19229536]
SRET,[0.22699805]
MORL,[0.30994377]
DRW,[0.33091288]
KBWY,[0.37957919]
