Name,Riskiness R
ECON,[2.84105496e+12]
EMCG,[6.01778501e+11]
FSTA,[9.36534596e+11]
FXG,[9.93593107e+11]
IYK,[5.60394353e+11]
KXI,[3.09948995e+11]
PBJ,[3.06723846e+12]
PSCC,[4.31115604]
PSL,[1.18620158e+11]
RHS,[1.918497e+11]
SZK,[6.59523984e+12]
UGE,[0.41855473]
VDC,[1.2584968e+12]
WBID,[4.10858771e+12]
WBIE,[2.59654497e+12]
WBIL,[6.76020291e+12]
XLP,[2.99662657e+11]
