Name,Riskiness R
AIA,[0.3860742]
XSOE,[0.55970094]
REMX,[0.58280526]
PAF,[0.77322661]
FPXI,[0.77695983]
