Name,Riskiness R
KOL,[0.09802044]
CRAK,[0.09912826]
PZD,[0.1539698]
AMUB,[0.17783165]
MLPG,[0.18838483]
