Name,Riskiness R
PPA,[0.10280027]
ITA,[0.11038632]
XLI,[0.11680366]
IYJ,[0.12520637]
RGI,[0.12683323]
