Name,Riskiness R
FPE,[0.02147699]
PGF,[0.040738]
PGX,[0.04153846]
PFF,[0.04815128]
PSK,[0.05669269]
