Name,Riskiness R
EMIF,2907615348035.8066
FUTY,0.09000988167600205
FXU,0.11821026217392369
GII,0.00017120967554770132
IDU,0.09861462403960215
IGF,0.00018482409437774246
INXX,0.5007883539734514
JXI,10.054168640331659
PSCU,0.04959566727203681
PUI,0.08561148945383769
PXR,3.361552991899932
UPW,0.001711190014128313
VPU,0.00018132265110292752
WBIC,0.0001917595356017471
XLU,0.00017671038531156174
