Name,Riskiness R
ANGL,[0.03267732]
CJNK,[0.03990425]
GHYG,[0.05429566]
HYG,[0.06328649]
HYGH,[0.09524678]
HYHG,[0.20515882]
HYLD,[0.1426252]
HYLS,[0.03660985]
HYND,[0.19436539]
HYS,[0.03446855]
HYZD,[0.05131168]
JNK,[0.07013941]
PGHY,[0.01796792]
PHB,[0.03675151]
RIGS,[0.02481969]
SHYG,[0.03178527]
SJB,[1.56785762e+12]
SJNK,[0.03803482]
UJB,[0.33778651]
WBII,[0.05702893]
