Name,Riskiness R
ITA,[0.15012531]
PPA,[0.15079051]
FIW,[0.16796612]
XAR,[0.23679394]
UXI,[0.23930723]
