Name,Riskiness R
AADR,[0.09203149]
SOCL,[0.10204032]
LIT,[0.11634619]
FONE,[0.1239038]
FAN,[0.13604808]
