Name,Riskiness R
BSCJ,2071853155124.2202
BSCK,1821949166733.9265
BSCL,2754671930147.229
BSCM,986744505441.1765
BSCN,2716729455959.382
BSCO,0.0047479333319976865
IBCD,280731278390.3689
IBCE,0.0009953868171038989
IBDC,1401515025592.7358
IBDD,0.0010963565874449735
IBDL,1516995069656.792
IBDM,1232916584713.1982
IBDN,23440.45628306475
