Name,Riskiness R
BSCJ,[0.01216697]
BSCK,[0.01803286]
BSCL,[0.02280266]
BSCM,[0.02778643]
BSCN,[0.02894679]
BSCO,[0.03818899]
IBCD,[0.0138288]
IBCE,[0.02512697]
IBDC,[0.01213678]
IBDD,[0.02468775]
IBDL,[0.02017136]
IBDM,[0.03120116]
IBDN,[0.0329703]
