Name,Riskiness R
IBCE,0.0009953868171038989
IBDD,0.0010963565874449735
BSCO,0.0047479333319976865
IBDN,23440.45628306475
IBCD,280731278390.3689
