Name,Riskiness R
SRET,[0.06966733]
MORT,[0.08730126]
REM,[0.08939357]
DRW,[0.11804078]
GQRE,[0.1252118]
