Name,Riskiness R
RVNU,[1.27001508e+10]
SMB,[7.75190393e+11]
SUB,[7.96840261e+11]
MLN,[8.2285525e+11]
ITM,[1.34020398e+12]
