Name,Riskiness R
EEB,0.00016653307549249652
PIE,0.0001672991701194107
ADRE,0.00017470465250876046
EWX,0.00017691935151763357
SCHE,0.00017736961117182357
