Name,Riskiness R
SRET,[0.10121711]
DRW,[0.11243019]
VNQI,[0.11962574]
GQRE,[0.12596398]
REM,[0.13141774]
