Name,Riskiness R
DFJ,[0.03374798]
SCJ,[0.03761613]
JPMV,[0.06061089]
FNDC,[0.06098375]
DBKO,[0.07203039]
