Name,Riskiness R
FONE,[1.22446504]
FCOM,[1.99844564]
XTL,[2.34914281]
LTL,[1.21121212e+11]
VOX,[1.11551581e+12]
