Name,Riskiness R
BJK,[2.16966208e+11]
CARZ,[2.44940735e+12]
CHIQ,[1.04019949]
FDIS,[0.20548969]
FXD,[1.46748146e+11]
INCO,[0.27111696]
IYC,[0.23829373]
JHMC,[1.06136008e+10]
PBS,[1.02777877]
PEJ,[1.74445143e+11]
PEZ,[4.44621234e+11]
PMR,[1.40179481e+12]
PSCD,[0.41214542]
RCD,[3.2617732e+11]
RETL,[1.95865854]
RTH,[0.35891464]
RXI,[2.40174297]
SCC,[1.04506142e+13]
UCC,[0.20398812]
VCR,[0.24586422]
WBIA,[7.04279447e+11]
XLY,[0.20813585]
XRT,[5.15215708e+11]
