Name,Riskiness R
QWLD,[0.05395154]
LOWC,[0.06130416]
CRAK,[0.06351022]
IPKW,[0.06504463]
TOK,[0.06710409]
