Name,Riskiness R
BBH,[0.56644102]
BIB,[1.5213962]
BIS,[1128.82498801]
CURE,[0.44806774]
FBT,[0.33501046]
FHLC,[0.13818359]
FXH,[0.24917611]
IBB,[0.63155008]
IHE,[0.31594183]
IHF,[0.10276242]
IHI,[0.07261764]
IXJ,[0.23785015]
IYH,[0.14065654]
PBE,[1.9719406]
PJP,[0.96873826]
PPH,[2.53704545e+11]
PSCH,[0.150395]
PTH,[1.41944217]
RXD,[4.059292e+12]
RXL,[0.30725445]
RYH,[0.11157362]
VHT,[0.1424937]
XBI,[0.42990605]
XHE,[0.11461997]
XHS,[0.20931051]
XLV,[0.12527564]
XPH,[1.34972776]
