Name,Riskiness R
BTAL,[1.44896464e+12]
CHEP,[7.48763161e+12]
CPI,[2.55735379e+12]
FLAG,[2.13826082e+11]
FMF,[1.86458298e+12]
HDG,[0.24436227]
MCRO,[2.59720646e+12]
MNA,[9.29659437e+11]
MOM,[5.17481538e+11]
MRGR,[1.28206133e+12]
QAI,[1.2573741e+12]
QMN,[2.05949364e+12]
RALS,[2.88571147e+12]
RLY,[9.67721892e+11]
SIZ,[5.08683313e+12]
WTMF,[3.39867006e+12]
