Name,Riskiness R
EMQQ,[0.32899295]
XSOE,[0.49119153]
FEMS,[0.56578716]
EEB,[0.70512101]
FNDE,[0.72637392]
