Name,Riskiness R
DTYS,[2.24300597]
DTUS,[7.72024547e+10]
DFVS,[2.86416233e+11]
TMF,[5.47696734e+11]
TYD,[7.37403967e+11]
