Name,Riskiness R
PGHY,[0.02822249]
RIGS,[0.0332937]
CJNK,[0.04164216]
ANGL,[0.04167221]
PHB,[0.05736056]
