Name,Riskiness R
FMB,[0.01494753]
ITM,[0.9136253]
MEAR,[0.01035547]
MLN,[0.03697257]
MUB,[0.02344667]
MUNI,[0.02397129]
PRB,[0.0305892]
PVI,[0.01842638]
PZA,[0.02400518]
RVNU,[0.03851671]
SHM,[0.02395765]
SHYD,[0.07251563]
SMB,[0.03449486]
SMMU,[0.03324867]
SUB,[0.01357804]
TFI,[0.03133823]
