Name,Riskiness R
CEW,[0.10296165]
BZF,[0.1228059]
INR,[0.13753028]
FXY,[0.15154463]
FXSG,[0.16531099]
