Name,Riskiness R
EMIF,[0.39356639]
FUTY,[0.09314927]
FXU,[0.12897006]
GII,[0.12866855]
IDU,[0.10811226]
IGF,[0.13456687]
INXX,[0.26446045]
JXI,[0.15117477]
PSCU,[0.07523731]
PUI,[0.09242136]
PXR,[0.45730596]
RYU,[0.10175382]
SDP,[2.44345306e+12]
TOLZ,[0.28276406]
UPW,[0.21075388]
VPU,[0.10052979]
WBIC,[2.39216368e+11]
XLU,[0.1027466]
