Name,Riskiness R
IHI,[0.05473979]
XHE,[0.07888148]
RYH,[0.09457623]
IHF,[0.10296585]
PSCH,[0.11019295]
