Name,Riskiness R
DLBL,[3.45788716e+11]
PLW,[6.17486293e+11]
UST,[6.45820297e+11]
BIL,[6.49026678e+11]
SHV,[7.11043117e+11]
