Name,Riskiness R
GSY,[0.00215224]
IGSB,[0.00439907]
VCSH,[0.00888325]
SLQD,[0.00988645]
IGIB,[0.0142393]
