Name,Riskiness R
UCC,[0.29629149]
RETL,[0.38777893]
RTH,[0.39060735]
XLY,[0.47041904]
INCO,[0.86616762]
