Name,Riskiness R
PSCU,[0.20656587]
UPW,[0.33459921]
PUI,[1.08343572]
VPU,[2.20615459]
FUTY,[2.91560201]
