Name,Riskiness R
CARZ,[9.133829e+11]
CROP,[2.00702745e+11]
DPK,[8.79783342e+12]
DZK,[1.37579382]
EFO,[3.89880862]
EFU,[4.08569071e+12]
FDTS,[3.39146345]
FLM,[6.82330113]
FPXI,[9.28013691e+10]
FTAG,[3.13673192e+13]
FTRI,[1.11230247e+13]
GDXS,[8.78225134e+12]
HGI,[8.73871126e+11]
IDMO,[5.77091444e+11]
IPO,[8.27895428e+11]
PAGG,[6.97496494e+12]
PEX,[2.55513427e+08]
ROGS,[0.80073344]
SCID,[8.07734686e+11]
SMCP,[1.03170135e+12]
SOIL,[1.27154313e+12]
YLCO,[1.09344757e+12]
