Name,Riskiness R
FPXI,0.00016707484948093857
GDXS,0.011036201141326911
ROGS,0.8007334405375695
DZK,1.3757938170856396
FDTS,3.3914634481955104
