Name,Riskiness R
DBO,[2.30950598e+12]
DTO,[1.51263981]
OLEM,[1.23798368e+13]
OLO,[2.29100706e+12]
SCO,[10163.4665547]
SZO,[3.38435085]
UCO,[4.85090444e+12]
USL,[1.11816012e+12]
USO,[2.93784525e+13]
