Name,Riskiness R
PVI,[0.00777868]
MEAR,[0.0107085]
FMB,[0.01363565]
MUNI,[0.02238043]
MUB,[0.02494113]
