Name,Riskiness R
SOCL,[0.23337327]
FONE,[0.23497475]
AADR,[0.38725843]
FAN,[0.50704577]
FIEG,[0.83412665]
