Name,Riskiness R
DBB,[0.15284089]
IAU,[0.17697704]
RJZ,[0.17799043]
GLD,[0.18325948]
SGOL,[0.18382672]
