Name,Riskiness R
KOLD,[0.74245672]
BDD,[0.79645975]
LD,[1.06963441]
DGAZ,[1.14838709]
PALL,[1.64108108]
