Name,Riskiness R
AAXJ,0.27238791264937523
ADRE,0.2867057181069687
AFTY,0.6743561755764109
AIA,0.18076280551901502
ASEA,0.00018312948044941796
ASHR,11.053366195616608
ASHS,2336544221899.5713
AXJV,0.0034034213042037605
CHAD,6374325289225.254
CHAU,0.814889591876895
CHIE,1.5529475747635484
CHII,58504364262.45505
CHIM,0.3002757833719744
CHIQ,0.18953923202268602
CHIX,0.4852690496896385
CN,0.42582614997827967
CNXT,1133623889338.7144
CQQQ,0.1581045586864188
CXSE,0.12168553234606702
DBEM,1.2196417848898444
DEM,0.516809530931852
DGRE,0.6494541686580284
DGS,0.23731417743059466
ECNS,0.39088325371677146
EDC,0.5276466709419664
EDIV,0.7150407884774288
EDZ,25165628367090.258
EEM,0.4136956922623039
EEMA,0.24760502192473335
EEMV,0.00017291861389195153
EET,0.4117392207205179
EEV,12073342405802.111
EIDO,1.4340255899515535
EMQQ,0.18957674996852017
EPHE,5427186550789.821
EPI,0.9780389473653205
EUM,6537891115202.543
EWM,356795.86222404987
EWX,0.00016805856453559588
FCA,0.28277980054331436
FEM,0.27842345047423267
FEMS,0.2157636382217309
FNI,0.24391904133521047
FXI,0.7798673597049709
FXP,15280241063368.785
GMF,0.2446571611266232
GXC,0.23204284526831762
HAO,0.3620048148948062
IDX,1.0898833537449055
INCO,0.3488042496125967
INDA,203915095126.79492
INDL,1.009899689229859
INDY,0.0001791440155392592
INXX,3.654384393218716
KBA,340490.25448205555
KFYP,0.3590921714945397
KWEB,0.17544786704052912
MCHI,0.266233450399166
PEK,593398500637.9982
PGJ,0.19097911031389705
PIE,0.5353538333168302
PIN,0.00018078867569582175
SCIF,0.8454651054780313
SCIN,1.0714659818484689
SMIN,0.46615565742826937
SPEM,0.40528689040731114
THD,0.2228401065067243
VNM,1863267727029.0537
VWO,0.5524881699799579
XPP,0.5704090355792608
YANG,19605499974711.457
YAO,0.26819837119003365
YINN,0.018969746209170704
YXI,6733083055957.782
