Name,Riskiness R
DBB,[0.09425348]
RJZ,[0.09756845]
UCI,[0.14003521]
IAU,[0.15466715]
GLD,[0.16009545]
