Name,Riskiness R
AADR,0.00016950160276436405
COPX,0.3692221194499434
CRAK,0.00020461002242231895
DBAW,85339847712.40915
ECON,3960513020877.663
EDC,0.5208145833977852
EEM,0.4597797628083902
EEMS,0.00017426941856417844
EMCG,2268309373988.043
EMFM,0.9812295202643627
FAN,0.000197461975436775
FIEG,0.6674156424214265
FLN,0.44842060851108523
FM,0.00020614374660068413
FNDE,0.21123793528995127
FONE,0.00017690738598498623
FPA,0.00017416510350453027
FPXI,0.00016707484948093857
FWDI,582143060042.4725
GDXJ,0.7341384770651173
GDXS,0.011035770768904104
HAWX,0.00019082594650637498
HEEM,0.00020461063787404903
HGI,88095484297.73103
HILO,0.00017452277269805683
ICLN,2157156287044.0493
IEMG,0.43812067270014626
IFV,413614123807.8259
IQDF,0.00017346565843233815
JDST,0.0028836502895043135
KOL,0.11199809456891484
LIT,0.1767581580733466
PBD,724667592718.6953
PICK,0.2274500328188711
QEMM,0.00016668883807297532
SIL,1.282895370717767
SLVP,0.7952141913443844
SLX,0.19832577424515518
SOCL,0.2199527450011511
SOIL,0.0001943299810192762
TLEH,266672542464.09
TLTE,0.7009655330829225
VIDI,0.00020554224528118118
