Name,Riskiness R
PPA,[0.14794477]
ITA,[0.14848475]
XAR,[0.25046872]
FIW,[0.25491518]
UXI,[0.32807536]
