Name,Riskiness R
AGG,2512332825057.3164
AGND,4839309622383.633
AGZD,2992256301261.2646
BIV,1338190985790.8064
BLV,0.00020585671325152734
BND,2675359450250.998
BNDX,2134287596861.8926
BOND,2255199337020.9414
BSV,2063992467387.9536
BYLD,682708463278.024
FBND,4358095303521.773
FCOR,2108296953504.2505
FLTB,1364096474662.339
FTSD,2272913146978.0146
FWDB,3494650713367.5234
GBF,1940277612048.5603
GVI,3100550945338.5654
HOLD,1.7859291014474318e-05
ILTB,0.00023120582482986143
ISTB,2355052685651.209
IUSB,1691975126349.6855
KCNY,0.00037427385727744337
LDUR,1283073695267.3818
MINC,1756745325226.5913
MINT,3.3272419286505536e-05
NEAR,3.132398987443483e-05
RAVI,2.2452262428237704e-05
SAGG,3143831314821.2065
SCHZ,1648379879251.1606
SPAB,3611989708512.9395
TOTL,2367695528279.8228
ULST,2.0925975198065554e-05
VBND,2316672131235.011
WYDE,0.0007166124905209016
XMPT,0.0005635357363739591
