Name,Riskiness R
PSCT,[0.05773972]
XLK,[0.05906927]
IGM,[0.05966499]
VGT,[0.06241067]
RYT,[0.06253183]
