Name,Riskiness R
ECON,[3.20177625e+12]
EMCG,[2.53639987e+12]
FSTA,[7.68225245e+12]
FXG,[2.33091493e+12]
IYK,[9.06002431e+11]
KXI,[6.77818343e+11]
PBJ,[1.44587854e+12]
PSCC,[0.16224928]
PSL,[2.02296905e+11]
RHS,[4.21791516e+11]
SZK,[5.53145624e+12]
UGE,[3.19717168e+10]
VDC,[2.6353568e+11]
WBID,[8.95201125e+11]
WBIE,[3.93663955e+11]
WBIL,[3.95566718e+11]
XLP,[2.61381495e+12]
