Name,Riskiness R
SHV,[5.8883403e+11]
BIL,[6.32859588e+11]
DTYS,[6.42548592e+11]
PLW,[6.48336704e+11]
DLBL,[6.56233061e+11]
