Name,Riskiness R
IYZ,0.00016777454268978228
VOX,0.00017571803492242425
FONE,0.0001825077003818596
FCOM,0.00018401874588435538
XTL,0.00018565723791028751
