Name,Riskiness R
CBND,[0.04335009]
CORP,[0.0289019]
GSY,[0.00216903]
ICSH,[0.00519567]
IGHG,[0.02800971]
IGIB,[0.0204839]
IGIH,[0.08077947]
IGSB,[0.00550767]
LDRI,[0.03267905]
LQD,[0.04395513]
LQDH,[0.02320197]
PFIG,[0.02765171]
QLTA,[0.03714969]
SKOR,[0.02896373]
SLQD,[0.01272133]
SPIB,[5.41139995e+10]
SPLB,[0.07302848]
USIG,[0.03456932]
VCIT,[0.03276227]
VCLT,[0.0698381]
VCSH,[0.01060164]
