Name,Riskiness R
DFJ,[0.11303896]
SCJ,[0.13434251]
DXJS,[0.1722094]
JPXN,[0.20815634]
ENZL,[0.21462495]
