Name,Riskiness R
IPO,[0.375848]
ROGS,[0.39330727]
GSD,[0.45965209]
YLCO,[0.49141217]
HGSD,[0.55348653]
