Name,Riskiness R
HYS,[0.66587135]
HYLS,[3.01941389]
PGHY,[2954.9009853]
SHYG,[578844.98213681]
ANGL,[1.30897103e+11]
