Name,Riskiness R
ZIV,[0.353888]
SVXY,[0.62472205]
XVZ,[8.53784743e+11]
VIXM,[1.53757143e+12]
VIXY,[3.26812295e+12]
