Name,Riskiness R
WBIF,[0.08254265]
FONE,[0.10119139]
XTL,[0.12429084]
FCOM,[0.16420386]
ERUS,[0.21282262]
