Name,Riskiness R
BTAL,467168292409.4845
CHEP,0.0001911210377726412
CPI,735018124056.5762
FLAG,0.00017189264083576413
HDG,0.06657263651647603
MCRO,0.41128391162826383
MNA,0.050582339020635386
MOM,0.00017685825646667836
MRGR,11320569.435573727
QAI,0.1510575625665272
RALS,0.00041200871810461294
RLY,8242741008191.504
SIZ,0.00018576197287725158
WTMF,0.0003640696399506187
