Name,Riskiness R
FPE,[1.7378067e+12]
IPFF,[0.33178889]
PFF,[3.80457251e+12]
PFXF,[2.23832601e+12]
PGF,[5.26513278e+11]
PGX,[2.07163588e+12]
PSK,[1.60553879e+12]
SPFF,[2.68335556e+12]
