Name,Riskiness R
IPFF,[0.33178889]
PGF,[5.26513278e+11]
PSK,[1.60553879e+12]
FPE,[1.7378067e+12]
PGX,[2.07163588e+12]
