Name,Riskiness R
ALTS,[0.13208977]
BTAL,[0.53924552]
CHEP,[7.85122988e+11]
CPI,[0.02123667]
DIVA,[0.13560229]
DIVY,[0.02933136]
FLAG,[0.0744546]
FMF,[8.7230899e+09]
FTLS,[0.06095845]
HDG,[0.0468542]
HTUS,[0.07665987]
MCRO,[0.04265986]
MNA,[0.01877436]
MOM,[6.77885913e+11]
MRGR,[6.88367292e+09]
QAI,[0.03707491]
QED,[0.0326772]
QMN,[0.02529476]
RALS,[4.41842469e+11]
RLY,[0.07312027]
SIZ,[3.48810354e+12]
VAMO,[0.17573807]
WTMF,[5.55721463e+11]
