Name,Riskiness R
BSCJ,1713900062174.7566
BSCK,2156766707904.232
BSCL,2368578736559.1885
BSCM,2584317198683.336
BSCN,1232783279277.7625
BSCO,968467650.0887446
IBCD,978455822009.5438
IBCE,1022580446314.2946
IBDC,1065280460570.804
IBDD,0.0010961507615718708
IBDL,1408250847439.121
IBDM,1172057642228.4734
IBDN,24450.197154800062
