Name,Riskiness R
BSCJ,[1.84324593e+12]
BSCK,[4.03608282e+12]
BSCL,[2.19168196e+12]
BSCM,[2.95474736e+12]
BSCN,[1.25540817e+12]
BSCO,[9.68451471e+08]
IBCD,[9.37764345e+11]
IBCE,[9.91835502e+11]
IBDC,[2.16606976e+12]
IBDD,[1.16289563e+12]
IBDL,[1.59266216e+12]
IBDM,[2.53544697e+12]
IBDN,[24450.19714877]
