Name,Riskiness R
GSY,[0.00212311]
IGSB,[0.00571023]
VCSH,[0.01169899]
ICSH,[0.01308544]
SLQD,[0.01328804]
