Name,Riskiness R
ULST,2.0925975198065554e-05
HOLD,2.100885127917617e-05
RAVI,2.5210587658565555e-05
NEAR,3.1291018128376115e-05
MINT,3.8224419666528056e-05
