Name,Riskiness R
NFLT,[59.4683987]
MINT,[6.16589894e+11]
LDUR,[7.62251644e+11]
BSV,[7.927335e+11]
NEAR,[9.51129958e+11]
