Name,Riskiness R
DRN,0.7675276524928646
DRV,8717706251953.184
DRW,1284692420146.9883
FFR,0.0002235725628419973
FRI,0.00019488665536166727
GQRE,0.00022223042698847693
GRI,0.0001998049063374273
ICF,0.00019187719233599708
IFEU,1874051920354.9314
IFGL,0.00020830143426683943
IYR,0.00022308400590296407
KBWY,0.00017003935244256767
MORL,0.9164431531605443
MORT,789178369493.2565
PSR,0.00017888087886997592
REK,0.00019744499735976882
REM,508364298565.22565
REZ,0.00017576216562192315
ROOF,0.00019620391922510903
RWO,0.00020315554730732148
RWR,0.00019955965422135242
RWX,4421170798474.0625
SCHH,0.00019923588199497684
SRS,4416312111499.911
TAO,417237939681.09766
URE,0.8020019770435216
USRT,0.00021566703549897166
VNQ,0.00020043574544416137
VNQI,0.00018399560744253798
WPS,0.00020578264141317068
WREI,0.00019437674137200698
