Name,Riskiness R
DRN,[0.76752765]
URE,[0.80200198]
MORL,[0.91644315]
KBWY,[1.11450234]
REZ,[1.41981407]
