Name,Riskiness R
EMIF,[4.52424188e+12]
FUTY,[1.25292359]
FXU,[1.21838572]
GII,[1.13827998e+12]
IDU,[10.09000146]
IGF,[1.4951784e+12]
INXX,[3.23586807e+12]
JXI,[7.19348737e+11]
PSCU,[0.17100166]
PUI,[96.11053765]
PXR,[1.34010731e+12]
RYU,[1.13521048]
SDP,[6.84049775e+12]
UPW,[0.32693894]
VPU,[1.7365239]
XLU,[1.35114623]
