Name,Riskiness R
TLH,[0.1500776]
PLW,[0.17603896]
VGLT,[0.18219342]
SPTL,[0.19187452]
UST,[0.24624303]
