Name,Riskiness R
PZA,[9.54414929]
ITM,[91.99853971]
MLN,[1.0647591e+12]
SMMU,[1.30495553e+12]
MUB,[1.59014086e+12]
