Name,Riskiness R
FMB,[2.73010911e+12]
ITM,[7.25264391e+12]
MLN,[2.54776698e+12]
MUB,[2.61511325e+12]
MUNI,[3.60105318e+12]
PRB,[4.12903664e+12]
PVI,[6.95838639e+11]
PZA,[10.33144614]
RVNU,[1.43384948e+12]
SHM,[2.71946064e+12]
SHYD,[5.12672554e+12]
SMB,[2.45101646e+12]
SMMU,[1.34505823e+12]
SUB,[1.95945637e+12]
TFI,[1.61638054e+12]
