Name,Riskiness R
PZA,[10.33144614]
PVI,[6.95838639e+11]
SMMU,[1.34505823e+12]
RVNU,[1.43384948e+12]
TFI,[1.61638054e+12]
