Name,Riskiness R
SUB,1.7538023187996516e-05
PVI,4.033929038719404e-05
SHYD,0.0008655372903988907
RVNU,0.0011587067671120037
ITM,0.00221640171980788
