Name,Riskiness R
FPE,2731810219197.2344
IPFF,1357892276766.0886
PFF,0.0008334463867514601
PFXF,0.0010195259695083524
PGF,0.000507408929812087
PGX,0.0005834894843883603
PSK,0.00026681514628023705
SPFF,0.0005914714357401791
