Name,Riskiness R
IPFF,[4.91951459e+11]
PFF,[1.04203983e+12]
FPE,[1.41263793e+12]
PSK,[1.49591247e+12]
PGF,[2.26255134e+12]
