Name,Riskiness R
PHB,[1012587.82480212]
UJB,[1.56037097e+11]
HYLD,[1.59236208e+11]
ANGL,[3.85305272e+11]
HYZD,[4.21396027e+11]
