Name,Riskiness R
IDOG,0.00016634900944285312
VSS,0.00016646437178831008
KXI,0.00016663129689662126
VT,0.00016675256411786835
HEFA,0.0001673883887576344
