Name,Riskiness R
WOOD,[0.11530517]
MOO,[0.14610686]
LIT,[0.14977935]
GNR,[0.16094802]
PSCM,[0.16517415]
