Name,Riskiness R
SMH,0.00016871575081975945
ARKW,0.0001691838990734653
XSW,0.00016922567864411704
XSD,0.00017017627016651125
RYT,0.0001708048070540447
