Name,Riskiness R
PPA,[0.04710301]
ITA,[0.05075716]
XAR,[0.05811392]
FIW,[0.05865228]
IYJ,[0.06457435]
