Name,Riskiness R
ANGL,[5.02372539e+10]
CJNK,[2.13397079e+12]
GHYG,[1.03648094e+12]
HYG,[1.21939778e+12]
HYGH,[2.09768322e+12]
HYHG,[2.48370465e+12]
HYLD,[1.52986827e+12]
HYLS,[2.68621072]
HYND,[1.02599247e+12]
HYS,[0.67156387]
HYZD,[6.34697412e+11]
JNK,[1.26693711e+12]
PGHY,[2459.57195664]
PHB,[3.53561693e+12]
RIGS,[7.14588245e+11]
SHYG,[551029.05886735]
SJB,[3.76495651e+12]
SJNK,[1.47012518e+12]
UJB,[2.09849024]
WBII,[2.15570916e+12]
