Name,Riskiness R
FXR,0.00016887057381919239
IEV,0.0001714465982510689
CGW,0.00017989902353618179
VIS,0.0001813658208504614
_PRN,0.00018246826545124337
