Name,Riskiness R
DBO,[2.52034695e+12]
DTO,[1.18061771]
OLEM,[1.8622322e+13]
OLO,[2.50261036e+12]
SCO,[7.45885241]
SZO,[2.58341062]
UCO,[7.55112093e+12]
USL,[3.16769677e+12]
USO,[6.88724299e+12]
