Name,Riskiness R
SZO,[0.48750682]
DTO,[0.71063628]
SCO,[1.65456842]
OLO,[1.13519717e+12]
OLEM,[1.24620848e+12]
