Name,Riskiness R
DTO,[1.18061771]
SZO,[2.58341062]
SCO,[7.45885241]
OLO,[2.50261036e+12]
DBO,[2.52034695e+12]
