Name,Riskiness R
SVXY,[0.62427217]
ZIV,[0.63290268]
XVZ,[4.78441113e+12]
VIXM,[5.36337523e+12]
VIIX,[6.49678869e+12]
