Name,Riskiness R
DFJ,[0.07456282]
SCJ,[0.08010758]
ISCF,[0.08224614]
FNDC,[0.08557059]
DLS,[0.08895188]
