Name,Riskiness R
XLB,0.0001659265430070452
FMAT,0.00016631706308800276
FTRI,0.00016676955109355682
WOOD,0.00016914960081430494
HAP,0.00017062838496965357
