Name,Riskiness R
AAXJ,[0.17323544]
ACWX,[0.15680798]
ADRA,[0.17080278]
AIA,[0.12253214]
AXJL,[0.2585678]
AXJV,[1.16956414]
CHIQ,[0.14612783]
CWI,[0.14573864]
DBAP,[0.21822832]
DNL,[0.14881719]
EEMA,[0.18363498]
EMCG,[0.31415884]
FPA,[0.17174315]
FPXI,[0.11341705]
HEEM,[0.214141]
IEMG,[0.19476324]
IHDG,[0.11472542]
IPOS,[0.19365895]
IQDE,[0.17781398]
IQDY,[0.17928095]
PAF,[0.22654666]
QEMM,[0.17119472]
REMX,[0.35136615]
VEU,[0.14082002]
VXUS,[0.13848534]
XSOE,[0.15171123]
