Name,Riskiness R
YINN,0.004120016698184977
INDL,0.008741724626438432
FXP,0.09369321572857552
INCO,0.14597132175633498
SMIN,0.18325633933575391
