Name,Riskiness R
ARKK,0.12414996300995132
ARKW,0.00016918391930720365
CIBR,0.00019328756398847896
CQQQ,1.393208539318927
EMQQ,1.0262548168613101
FDN,0.12266219610337868
FTEC,0.13048096554804967
FXL,0.00017554577787697333
HACK,0.00020167097282493737
IEUS,953004307315.944
IGM,0.1184963263043831
IGN,0.00019055829671047296
IGV,0.00017601890314488587
IPAY,0.00018598893143641578
ISRA,824481172712.531
ITEQ,0.00022053759933455408
IXN,0.14943679699072365
IYW,0.15043303850380937
JHMT,0.14181382673691686
KWEB,4.341059767943539
PNQI,0.2346143522266826
PSCT,0.00017484710647504677
PSI,0.17042574060023055
PSJ,0.00019005487623972677
PTF,0.3254358096341852
PXQ,0.00018497877872954523
QQQ,0.16546347086136973
QTEC,0.13104480334879307
REW,20981590419636.164
ROBO,0.31335074636089966
ROM,0.1994220776584255
RYT,0.0001708048070540447
SCID,860281357002.6814
SKYY,0.00017495077171816628
SMH,0.1743294356739933
SOCL,0.2163544300691195
SOXL,0.3381138080109707
SOXS,31148889312845.055
SOXX,0.15540569360923276
SSG,16833864518725.467
TDIV,0.2823327184084145
TECL,0.2712023456336481
TECS,10034025692671.188
USD,0.2780882089760005
VGT,0.1190695851620754
XLK,0.15035847820932277
XNTK,0.1463218534049412
XSD,0.00017017627016651125
XSW,0.00016922567864411704
XT,0.00020080639224046303
