Name,Riskiness R
DBO,[5.75053787e+10]
DTO,[4.38990643e+12]
OLEM,[3.81782934]
OLO,[5.01196234]
SCO,[2.85173274e+12]
SZO,[2.33000726e+12]
UCO,[3.94448552]
USL,[1.29963323]
USO,[1.34664608e+11]
