Name,Riskiness R
USL,1.299633225317009
OLEM,3.8178293411429447
UCO,3.944485524267858
OLO,5.011962342965373
DBO,34905696752.99354
