Name,Riskiness R
USL,[1.29963323]
OLEM,[3.81782934]
UCO,[3.94448552]
OLO,[5.01196234]
DBO,[5.75053787e+10]
