Name,Riskiness R
USL,[0.26678119]
OLEM,[0.35336597]
DBO,[0.36387906]
OLO,[0.50314759]
USO,[0.54724246]
