Name,Riskiness R
ERY,[732.7635509]
DUG,[2.63371187e+11]
FAN,[4.43901006e+11]
EMLP,[6.46073252e+11]
ENFR,[8.1717525e+11]
