Name,Riskiness R
MORL,[0.63674325]
DRN,[1.03266748]
URE,[1.16815835]
KBWY,[2.05765913]
REZ,[2.3447762]
