Name,Riskiness R
AIRR,[0.35371145]
CGW,[1.48467912e+11]
CHII,[7.94286114e+11]
EXI,[0.62106347]
FIDU,[0.32713443]
FIW,[0.15575598]
FXR,[0.63782261]
IEV,[5.15534085e+11]
ITA,[0.11787165]
IYJ,[0.29242814]
IYT,[0.87078015]
JETS,[0.79698507]
PHO,[2.34676716]
PIO,[6.46954152e+11]
PPA,[0.11809806]
PSCI,[0.39911022]
RGI,[0.3258348]
SEA,[5.95083501e+12]
SIJ,[8.50781617e+12]
UXI,[0.26381775]
VIS,[0.35258246]
XAR,[0.16616995]
XLI,[0.26355264]
XTN,[0.97056961]
_PRN,[1.18343241e+10]
