Name,Riskiness R
IYZ,0.00016879985478342004
FCOM,0.00017970873230091603
VOX,0.0001811009415708315
FONE,0.13131757808823274
XTL,0.13947812198252432
