Name,Riskiness R
CARZ,[9.18771136e+09]
CROP,[0.24483254]
DPK,[1.16508664e+13]
DZK,[0.507742]
EFO,[0.49921939]
EFU,[7.13900468e+12]
FDTS,[0.24410949]
FLM,[1.40314238]
FPXI,[0.24709025]
FTAG,[1.56395374e+12]
FTRI,[1.5303719e+11]
GDXS,[1.71394458e+13]
HGI,[4.12770578e+10]
IDMO,[3.42031003e+11]
IPO,[0.34627023]
PAGG,[2.57391753e+11]
PEX,[2.86077944]
ROGS,[0.16735175]
SCID,[2.96919828e+10]
SMCP,[3.01019387e+11]
SOIL,[4.40155849e+11]
YLCO,[4.20491759e+11]
