Name,Riskiness R
FONE,[0.13229307]
SOCL,[0.1347858]
AADR,[0.17348688]
IFV,[0.18305248]
DBAW,[0.2767765]
