Name,Riskiness R
DBO,1748561356702.6562
DTO,2.4037896949099697
OLEM,4512667122873.287
OLO,12307250515756.559
SCO,17534.844627897233
SZO,7.635749883270938
UCO,19914042418826.445
USL,1405828596861.5781
USO,6627654262564.243
