Name,Riskiness R
ANGL,[7.77548072e+10]
CJNK,[1.80058782e+12]
GHYG,[1.19778637e+12]
HYG,[5.9592137e+11]
HYGH,[4.42935134e+11]
HYHG,[7.4992832e+11]
HYIH,[4.20286437e+11]
HYLD,[1.70350259e+11]
HYLS,[2.52072563]
HYND,[2.5703557e+11]
HYS,[0.48568434]
HYZD,[2.82723601e+11]
JNK,[1.69969133e+12]
PGHY,[3018.35213494]
PHB,[7.6292191e+11]
RIGS,[2.09171701e+12]
SHYG,[7.13448672e+09]
SJB,[4.82860116e+12]
SJNK,[1.18956719e+12]
UJB,[0.75792985]
WBII,[1.31616943e+12]
