Name,Riskiness R
OUNZ,[7.81194182e+11]
GLD,[8.46375028e+11]
UGLD,[9.768263e+11]
DGP,[1.37657727e+12]
UGL,[1.68161269e+12]
