Name,Riskiness R
MINT,[0.00135016]
NEAR,[0.00220743]
ULST,[0.00441032]
RAVI,[0.00449249]
HOLD,[0.00574921]
