Name,Riskiness R
DDP,[0.14462706]
SZO,[0.22162959]
DTO,[0.36550577]
BOS,[0.44940889]
KOLD,[0.56469019]
