Name,Riskiness R
MINT,[0.00136719]
NEAR,[0.00210858]
RAVI,[0.00358768]
ULST,[0.00373853]
HOLD,[0.0047482]
