Name,Riskiness R
SOCL,[0.72721411]
EDC,[6.54782059e+09]
FONE,[1.41010953e+11]
AADR,[2.24431158e+11]
SLVP,[3.42271821e+11]
