Name,Riskiness R
BSCJ,[2.77481898e+12]
BSCK,[1.01215315e+12]
BSCL,[3.17953728e+12]
BSCM,[3.1518488e+12]
BSCN,[5.52296603e+11]
BSCO,[7.90137413e+11]
IBCD,[2.47318319e+11]
IBCE,[7.91043076e+11]
IBDC,[1.43266727e+12]
IBDD,[4.2867441e+11]
IBDL,[1.93833025e+12]
