Name,Riskiness R
DFJ,[0.1288067]
SCJ,[0.18688022]
DLS,[0.2095323]
FNDC,[0.26644865]
DXJS,[0.27665541]
