Name,Riskiness R
CBND,[2.85339641e+12]
CORP,[2.6901616e+10]
GSY,[1.82475987e+12]
ICSH,[1.50642474e+12]
IGHG,[1.71943397e+12]
IGIB,[1.5187763e+12]
IGIH,[7.11292058e+12]
IGSB,[7.02223664e+11]
LDRI,[2.00974892e+12]
LKOR,[1.64924141e+12]
LQD,[2.06943997e+12]
LQDH,[4.00575758e+12]
PFIG,[1.15317555e+12]
QLTA,[3.03913583e+12]
SKOR,[2.05217671e+12]
SLQD,[1.97818925e+12]
SPIB,[2.65419285e+12]
SPLB,[1.72170191e+11]
USIG,[1.69742454e+12]
VCIT,[1.47973035e+12]
VCLT,[3.55540153e+11]
VCSH,[1.81315038e+12]
