Name,Riskiness R
SMH,[0.09041173]
ROBO,[0.11509776]
WOOD,[0.12799317]
XT,[0.14489393]
LIT,[0.16478088]
