Name,Riskiness R
XLY,[0.06201585]
FDIS,[0.06532267]
IYC,[0.06584915]
VCR,[0.06722932]
JHMC,[0.0752785]
