Name,Riskiness R
MINT,[0.00125829]
NEAR,[0.00190883]
RAVI,[0.00417903]
ULST,[0.00421103]
HOLD,[0.00467557]
