Name,Riskiness R
SHYG,[2.09340685]
PGHY,[3484.06685693]
UJB,[2.9679423e+11]
ANGL,[6.5052793e+11]
PHB,[1.03092602e+12]
