Name,Riskiness R
BBH,[0.23059448]
BIB,[0.67996722]
BIS,[1509.35174445]
CURE,[0.32947375]
FBT,[0.24879265]
FHLC,[0.10229653]
FXH,[0.16280489]
IBB,[0.32171514]
IHE,[0.24636499]
IHF,[0.1048487]
IHI,[0.05758779]
IXJ,[0.14541474]
IYH,[0.10483569]
PBE,[0.52762504]
PJP,[0.52735468]
PPH,[5.44633633]
PSCH,[0.12416396]
PTH,[0.40685093]
RXD,[3.79124859e+12]
RXL,[0.22423358]
RYH,[0.08964705]
VHT,[0.10574167]
XBI,[0.25432247]
XHE,[0.08585525]
XHS,[0.19045963]
XLV,[0.09669597]
XPH,[1.06168775]
