Name,Riskiness R
GSY,[0.00201294]
IGSB,[0.00572792]
ICSH,[0.01128042]
VCSH,[0.01134439]
SLQD,[0.01350024]
