Name,Riskiness R
BSCJ,[2.80757204e+12]
BSCK,[1.50729055e+12]
BSCL,[2.27466867e+12]
BSCM,[2.95982724e+12]
BSCN,[6.38394477e+11]
BSCO,[7.46123195e+11]
IBCD,[2.41293349e+11]
IBCE,[3.19556392e+11]
IBDC,[1.09141043e+12]
IBDD,[1.70087371e+11]
