Name,Riskiness R
BTAL,1.8333035726537974
CHEP,0.0001911210377726412
CPI,1435200700606.6494
FLAG,0.00017189264083576413
HDG,0.05847987484786732
MCRO,0.3690525301906956
MNA,0.04538028848486428
MOM,0.00017685825646667836
MRGR,85779139509.9685
QAI,0.16777904897813312
RALS,0.00041200871810461294
RLY,24571219917442.375
SIZ,0.0001857619728772516
WTMF,0.0003640696399506192
