Name,Riskiness R
SVXY,[0.64258307]
TVIX,[3.68977659e+13]
UVXY,[3.23190478e+13]
VIIX,[2.08075635e+13]
VIXM,[9.92046834e+12]
VIXY,[7.76571486e+12]
XVZ,[5.91295846e+12]
ZIV,[1.37567389]
