Name,Riskiness R
UVXY,0.003035728888593267
TVIX,0.003547718190922092
SVXY,0.6425830683926845
ZIV,1.3756738867696972
VIXM,5637154259408.193
