Name,Riskiness R
ZIV,[0.33488515]
SVXY,[0.49782242]
XVZ,[1.69245547e+11]
VIIX,[3.35737727e+12]
VIXM,[4.98195699e+12]
