Name,Riskiness R
THD,[0.1002274]
CXSE,[0.11193295]
AIA,[0.11978102]
DGS,[0.1252599]
ADRE,[0.13249565]
