Name,Riskiness R
CGW,[5.49447536e+11]
CHII,[3.18558227e+11]
EXI,[1.14428558e+12]
FIDU,[4.52195422e+11]
FIW,[7.7651956e+11]
FXR,[1.23685557e+12]
IEV,[1.05932435e+12]
ITA,[9.43758888e+10]
IYJ,[3.93632108e+11]
IYT,[8.76180298e+11]
PHO,[1.76868962e+12]
PIO,[6.96636508e+11]
PPA,[4.1266567]
PSCI,[1.27708172e+12]
RGI,[6.32351595e+11]
SEA,[3.64611002e+12]
SIJ,[9.41681914e+12]
UXI,[1.16629246]
VIS,[7.58934742e+11]
XAR,[3.17756555e+11]
XLI,[1.39890434e+12]
XTN,[7.1967784e+11]
_PRN,[1.33716066e+12]
