Name,Riskiness R
DBO,[1.5254608e+13]
DTO,[0.3098805]
OLEM,[5.87653381e+12]
OLO,[6.79712977e+12]
SCO,[0.42783274]
SZO,[0.18950628]
UCO,[6.47515966e+11]
USL,[2.39805189e+13]
USO,[2.1800518e+13]
