Name,Riskiness R
FPE,[7.89035737e+11]
IPFF,[6.23235475e+12]
PFF,[3.08128884e+12]
PFXF,[2.62994699e+12]
PGF,[9.67400455e+11]
PGX,[7.95295733e+11]
PSK,[4.42073766e+11]
SPFF,[2.31508757e+12]
