Name,Riskiness R
FPE,[0.02197626]
IPFF,[1.83126613e+12]
PFF,[0.0427967]
PFXF,[0.06615225]
PGF,[0.03388563]
PGX,[0.03213996]
PSK,[0.05192949]
SPFF,[0.15901949]
