Name,Riskiness R
FPE,[0.02197626]
PGX,[0.03213996]
PGF,[0.03388563]
PFF,[0.0427967]
PSK,[0.05192949]
