Name,Riskiness R
BJK,[3.86717818e+12]
CARZ,[1.34388089e+12]
CHIQ,[1.52140552e+13]
FDIS,[0.41187424]
FXD,[7.07628069e+11]
INCO,[0.44804507]
IYC,[0.36527177]
PBS,[9.74738898e+11]
PEJ,[6.25699213e+10]
PEZ,[3.83695845e+12]
PMR,[3.1518636e+12]
PSCD,[1.58220797e+11]
RCD,[6.9411382e+11]
RETL,[0.37371994]
RTH,[0.242187]
RXI,[2.39925908e+11]
SCC,[2.46400441e+13]
UCC,[0.24455931]
VCR,[0.42890979]
XLY,[0.28186082]
XRT,[5.9827969e+11]
