Name,Riskiness R
BJK,[3.96484381e+11]
CARZ,[10.43776013]
CHIQ,[1.16431141]
FDIS,[0.07559353]
FXD,[0.15293608]
INCO,[0.13890867]
IYC,[0.06853]
PBS,[0.23125685]
PEJ,[0.12195965]
PEZ,[0.278501]
PMR,[0.24644896]
PSCD,[0.16466045]
RCD,[0.13168755]
RETL,[0.27849682]
RTH,[0.06676637]
RXI,[0.1019926]
SCC,[3.69349805e+12]
UCC,[0.14197529]
VCR,[0.07880184]
XLY,[0.06954426]
XRT,[0.37283647]
