Name,Riskiness R
SZO,[0.2922701]
DTO,[0.37657308]
SCO,[0.50879169]
UCO,[1.69267989e+11]
OLO,[6.0689337e+12]
