Name,Riskiness R
PPA,[0.05313428]
ITA,[0.05821767]
XAR,[0.07605793]
FIW,[0.07846772]
XLI,[0.07955342]
