Name,Riskiness R
BSCJ,515318483026.6127
BSCM,0.08538540265365008
BSCN,0.07047734241558294
BSCO,0.001240596995050844
IBCD,0.010201046318144159
IBCE,0.018128371946806707
IBDC,0.008263607132619618
IBDD,1.2184754912673739
IBDL,0.04308726642424681
