Name,Riskiness R
AIRR,[1.29156989e+11]
CGW,[3.43938827e+11]
CHII,[3.97262293e+11]
EXI,[4.12918834e+11]
FIDU,[3.31810633e+11]
FIW,[38.43003245]
FXR,[4.67189509e+11]
IEV,[9.35546775e+11]
ITA,[0.24438877]
IYJ,[9.1498176]
IYT,[7.57857529e+11]
PHO,[1.72755105e+13]
PIO,[6.72927526e+12]
PPA,[0.25912305]
PSCI,[17.46611278]
RGI,[1.26797877e+11]
SEA,[2.02731981e+13]
SIJ,[5.2266233e+12]
UXI,[0.41568896]
VIS,[7.40548547e+10]
XAR,[0.36624311]
XLI,[2.45071565]
XTN,[2.80555669e+12]
_PRN,[6.03060323e+11]
