Name,Riskiness R
ITA,[0.24438877]
PPA,[0.25912305]
XAR,[0.36624311]
UXI,[0.41568896]
XLI,[2.45071565]
