Name,Riskiness R
FPE,[2.70802805e+12]
IPFF,[1.75617948e+13]
PFF,[1.26365777e+12]
PFXF,[1.50121025e+12]
PGF,[4.94835617e+11]
PGX,[3.49626461e+11]
PSK,[2.95123172e+12]
SPFF,[5.84342462e+12]
