Name,Riskiness R
BICK,0.00016670454919961276
EMQQ,0.2632242585389558
FEMS,0.3953563974213531
EEB,0.6846280861335858
FEM,0.703984222244053
