Name,Riskiness R
ADRE,216887673718.9088
BBRC,1739032688428.788
BICK,0.00016670454919961276
BKF,85453161269.30962
DBEM,1147787534702.4175
DEM,1029332353627.9585
DGRE,2520243153400.477
DGS,871182020494.5684
DVYE,459222401760.0274
EDC,1.5558799974247866
EDIV,2690680533079.2837
EDOG,3975318569926.2246
EDZ,257246785.97835755
EEB,16062335377.351265
EELV,12629923000371.502
EEM,1426285010318.8892
EEMO,559887582483.7194
EEMS,896695967527.5535
EET,2.118410788446407
EEV,11294590383467.86
EMCG,1331853759551.2048
EMFM,972811081899.4628
EMIF,5645776905237.352
EMQQ,0.36261193463558294
EUM,5442880741956.721
EWEM,566933148542.1174
EWX,201262909407.73328
FEM,1.2003368077466232
FEMS,0.6797787871998924
FNDE,17.228168358925142
HEEM,1105392190956.9502
HILO,1610295230997.8179
IEMG,254421350815.70715
JPEM,461074720289.76794
PIE,658420580153.1787
PXH,158713670230.49768
PXR,2128811313663.003
QEMM,1448812992332.4836
SCHE,370245159313.18225
SPEM,749015450884.0164
TLTE,608338098692.7925
VWO,641121762161.588
XSOE,39275632429.98913
