Name,Riskiness R
UUP,[0.05521722]
EUFX,[0.06994186]
INR,[0.08726904]
USDU,[0.09583107]
DRR,[0.12946851]
