Name,Riskiness R
DGL,0.0001733118366664595
DGLD,2018706262312.6338
DGP,6895465049012.072
DGZ,0.0001785353757965786
DZZ,516978948056.18866
GLD,0.00018321940545114543
GLL,1842259705183.7021
IAU,0.00018445291841975901
SGOL,0.00018235798610584088
UBG,3762793168189.6553
UGL,4457210903315.369
UGLD,3557423776154.118
