Name,Riskiness R
DGL,[6.9179545e+12]
DGLD,[1.0218359e+12]
DGP,[4.49625957e+12]
DGZ,[1.0502455e+12]
DZZ,[8.06054791e+11]
GLD,[2.61442003e+12]
GLL,[1.19841503e+12]
IAU,[7.12623845e+12]
SGOL,[1.71439829e+12]
UBG,[4.89733016e+12]
UGL,[6.29941665e+12]
UGLD,[7.63576454e+12]
