Name,Riskiness R
FLM,0.00017386558809765818
DUST,0.0016602564850168868
GDXS,0.0021073316266166844
RING,0.002219051530651101
JNUG,0.0025378158014861107
