Name,Riskiness R
FXZ,[0.10127182]
CROP,[0.10851707]
MOO,[0.10906566]
LIT,[0.11052979]
CUT,[0.12142233]
