Name,Riskiness R
EFO,[19067113.67893772]
CROP,[1.13743246e+11]
PEX,[2.37803549e+11]
IPO,[6.85203891e+11]
DPK,[8.16504759e+11]
