Name,Riskiness R
AUSE,509860302255.218
DBJP,1.5918824858220755
DBKO,0.000175178847657261
DFJ,0.18880042747267725
DIM,0.00017777533961486512
DLS,0.00018431264394697317
DOL,0.00016611993963795967
DOO,0.00017831831969513854
DTH,0.0001663647763642793
DVYA,824574177941.721
DWM,0.00017009828164643158
DXJ,1.6605661526688624
DXJF,13.177935577944181
DXJS,0.29162515772651054
ENZL,0.43801858660751164
EPP,1360860486551.8328
EWA,882871133806.927
EWH,112934416829.52692
EWJ,715640251638.8538
EWS,962859839500.3413
EWT,1.8433165343035287
EWV,13604588719840.275
EWY,2.2026127152834265
EZJ,0.7220652354635062
FAUS,94312444906.75647
FDT,76599742234.46431
FDTS,178612405380.7152
FHK,1946658640838.2195
FJP,250679389666.36102
FKO,2609743458466.656
FNDC,0.00017627052970601036
FNDF,1309338371808.9895
FPA,227928519979.9167
GWX,355143491344.83954
HEWJ,2.3745078724317477
IDHQ,0.0001790125225280442
IDOG,1253573908298.8623
IPAC,500707880283.4332
JPMV,0.0001782760715730186
JPNL,0.7585119184569546
JPXN,0.00017201413538553482
KORU,0.8120214822299546
PAF,1083329460914.8011
PDN,0.00017944106185883199
PXF,1337057183385.9504
SCJ,0.25503853512330754
VPL,219346269594.49234
