Name,Riskiness R
SVXY,[1.33350604]
TVIX,[3.01001674]
UVXY,[3.14839908]
VIIX,[5.80394082]
VIXM,[3.95126534e+13]
VIXY,[2.71605918]
XVZ,[2.40087879e+13]
ZIV,[0.26108994]
