Name,Riskiness R
ERUS,0.14815970171584703
FCOM,0.19756574528305595
FONE,0.18904135748786036
IXP,6007664815933.545
IYZ,3202033429992.958
LTL,4466955570068.914
VOX,4856889321472.803
XTL,0.27528875087806104
