Name,Riskiness R
ERUS,[0.1481597]
FCOM,[0.19756575]
FONE,[0.18904136]
IXP,[2.75888294e+12]
IYZ,[1.418701e+12]
LTL,[3.80811187e+12]
VOX,[9.5648514e+12]
XTL,[0.27528875]
