Name,Riskiness R
ERUS,0.14815970171584703
FONE,0.18904135748786036
FCOM,0.19756574528305595
XTL,0.27528875087806104
IYZ,3202033429992.958
